run_name,method,task,fold,seed,epoch,selection_split,train_seconds,train_loss,train_accuracy,train_samples,label_contrastive_loss,hard_contrastive_loss,case_contrastive_loss,label_positive_pairs,ordinary_negative_pairs,same_case_same_state_positive_pairs,pre_post_hard_negative_pairs,selection_precision,selection_recall,selection_f1,selection_accuracy,selection_roc_auc,selection_pr_auc,selection_mcc,selection_tp,selection_fp,selection_tn,selection_fn,selection_roc_auc_legacy,selection_inference_seconds,selection_test_samples,selection_not_found,is_best,selection_metric,selection_score,local_contrastive_loss,local_positive_pairs,local_token_positive_pairs,local_mutual_positive_pairs,local_infonce_negative_pairs,local_hard_negative_pairs,selection_eligible,directed_evidence_loss,directed_mutual_loss,directed_negative_loss,directed_effective_aux_loss,directed_aux_scale,directed_ramp,directed_contributing_samples,directed_evidence_pairs,directed_mutual_pairs,directed_infonce_negatives,directed_negative_pair_matches
cl1_task1_fold1_seed42_default,CL1,1,1,42,0,validation,2112.4592689420097,0.1339021479167665,0.7043185763888888,18432,4.088308858374755,0.0,0.0,290224,289048,1355,1336,0.3920220082530949,0.38306451612903225,0.3874915023793338,0.6316434995911693,0.5834699531228283,0.4130348315581953,0.12418547535901933,285,442,1260,459,0.6960022504076607,101.86681769799907,2446,0,1,,,,,,,,,,,,,,,,,,,,
cl1_task1_fold1_seed42_default,CL1,1,1,42,1,validation,2086.1352502629743,0.06288419359932756,0.8935546875,18432,3.8486465306745634,0.0,0.0,289987,289234,1479,1387,0.5371900826446281,0.2620967741935484,0.3523035230352303,0.7068683565004088,0.5920995065893383,0.4205697928315204,0.2114424096096265,195,168,1534,549,0.7284691946201485,101.22378566098632,2446,0,0,,,,,,,,,,,,,,,,,,,,
cl1_task1_fold1_seed42_default,CL1,1,1,42,2,validation,2102.309757281968,0.04466568027985179,0.9208984375,18432,3.758099699185954,0.0,0.0,290228,289039,1374,1341,0.4163424124513619,0.28763440860215056,0.34022257551669316,0.660670482420278,0.5957341457867404,0.40602778652032856,0.1257633162607381,214,300,1402,530,0.7105301160838627,101.64457923301961,2446,0,0,,,,,,,,,,,,,,,,,,,,
cl1_task1_fold1_seed42_default,CL1,1,1,42,3,validation,2086.9546487139887,0.03910429622111325,0.9294162326388888,18432,3.727319827510251,0.0,0.0,289644,289599,1363,1365,0.4075520833333333,0.4206989247311828,0.414021164021164,0.6377759607522485,0.623362931655358,0.3831348402682655,0.1520266793155771,313,455,1247,431,0.7067201846056338,101.68622001702897,2446,0,1,,,,,,,,,,,,,,,,,,,,
cl1_task1_fold1_seed42_default,CL1,1,1,42,4,validation,2094.520866984967,0.03511758830023205,0.9371202256944444,18432,3.704140082001686,0.0,0.0,290347,288871,1437,1390,0.3953488372093023,0.31989247311827956,0.3536404160475483,0.6443172526573998,0.6253103559379857,0.3967761210979365,0.11324047782118489,238,364,1338,506,0.7211326383322113,101.41101912001614,2446,0,0,,,,,,,,,,,,,,,,,,,,
cl1_task1_fold1_seed42_default,CL1,1,1,42,5,validation,2107.332788860018,0.029239522493703082,0.9484049479166666,18432,3.667718008160591,0.0,0.0,289478,289834,1409,1296,0.4506517690875233,0.32526881720430106,0.37782982045277125,0.6741618969746525,0.6452773776581631,0.3996948282386161,0.16887203772538076,242,295,1407,502,0.730980846129212,101.61290223599644,2446,0,0,,,,,,,,,,,,,,,,,,,,
cl1_task1_fold1_seed42_default,CL1,1,1,42,6,validation,2101.6725058799493,0.026483805803258695,0.9552951388888888,18432,3.647358546654383,0.0,0.0,289819,289434,1411,1355,0.4177449168207024,0.30376344086021506,0.35175097276264594,0.6594439901880621,0.6632330086046776,0.4138492802457878,0.1315598881634339,226,315,1387,518,0.7444508664336922,101.92424186703283,2446,0,0,,,,,,,,,,,,,,,,,,,,
cl1_task1_fold1_seed42_default,CL1,1,1,42,7,validation,2080.0353118180064,0.024198228152171295,0.9605034722222222,18432,3.629697027305762,0.0,0.0,289974,289203,1503,1431,0.4081196581196581,0.2567204301075269,0.31518151815181517,0.660670482420278,0.6547483668802041,0.40587140126249976,0.10990634055498212,191,277,1425,553,0.7355587977501272,101.61991189600667,2446,0,0,,,,,,,,,,,,,,,,,,,,
cl1_task1_fold1_seed42_default,CL1,1,1,42,8,validation,2100.9207377060084,0.022201365678079635,0.96484375,18432,3.6129212089710765,0.0,0.0,289866,289413,1405,1329,0.3970037453183521,0.2849462365591398,0.3317683881064163,0.6508585445625511,0.7108003866419013,0.42695293120229844,0.10664056060306945,212,322,1380,532,0.7529371965108653,102.59768581599928,2446,0,0,,,,,,,,,,,,,,,,,,,,
cl1_task1_fold1_seed42_default,CL1,1,1,42,9,validation,2096.3199792180094,0.02031861750866584,0.9666341145833334,18432,3.603495344519615,0.0,0.0,289770,289482,1404,1356,0.43956043956043955,0.26881720430107525,0.3336113427856547,0.6733442354865086,0.6833192764995009,0.4741462041040544,0.14068507859627508,200,255,1447,544,0.7669090624036842,101.14131788501982,2446,0,0,,,,,,,,,,,,,,,,,,,,
cl1_task1_fold1_seed42_default,CL1,1,1,42,10,validation,2099.0661763880053,0.016978190591342153,0.9727105034722222,18432,3.5783365161882505,0.0,0.0,289533,289663,1407,1412,0.4426229508196721,0.2903225806451613,0.35064935064935066,0.6729354047424366,0.7016737108777783,0.4696078465091125,0.15024352336666766,216,272,1430,528,0.7767279366783688,101.4177025280078,2446,0,0,,,,,,,,,,,,,,,,,,,,
cl1_task1_fold1_seed42_default,CL1,1,1,42,11,validation,2095.988476121973,0.016846829933961596,0.9746636284722222,18432,3.5748834345075817,0.0,0.0,289688,289535,1422,1385,0.40556660039761433,0.27419354838709675,0.3271852445870088,0.6569910057236305,0.6286666224429197,0.42318178939719187,0.11214008434211771,204,299,1403,540,0.7367151736711663,101.54101964796428,2446,0,0,,,,,,,,,,,,,,,,,,,,
cl1_task1_fold1_seed42_full_mcc_e2,CL1,1,1,42,0,fixed_epoch_full_train,2236.3767379010096,0.13262426072301772,0.7001702724358975,19968,4.086790544100297,0.0,0.0,313955,313637,1377,1400,,,,,,,,,,,,,,,,1,mcc,0.0,,,,,,,,,,,,,,,,,,
cl1_task1_fold1_seed42_full_mcc_e2,CL1,1,1,42,1,fixed_epoch_full_train,2221.9932444959995,0.06509775962107457,0.8927784455128205,19968,3.8584446563170505,0.0,0.0,314543,313103,1413,1346,,,,,,,,,,,,,,,,1,mcc,1.0,,,,,,,,,,,,,,,,,,
cl2_task1_fold1_seed42_default,CL2,1,1,42,0,validation,2115.9228724139975,0.1590756233005474,0.6316731770833334,18432,0.0,0.44182066326741026,0.0,290224,289048,1355,1336,0.3256090314913844,0.7365591397849462,0.4515863205603626,0.45584627964022895,0.49000503834830617,0.3081571340369328,0.06921076785879184,548,1135,567,196,0.4707304097199426,101.31874570797663,2446,0,1,,,,,,,,,,,,,,,,,,,,
cl2_task1_fold1_seed42_default,CL2,1,1,42,1,validation,2089.353780951991,0.12118956612216102,0.7616102430555556,18432,0.0,0.20323651876201942,0.0,289987,289234,1479,1387,0.3695652173913043,0.2970430107526882,0.3293591654247392,0.6320523303352412,0.6006761495015351,0.4013686655321479,0.08086029375168749,221,377,1325,523,0.7127584609244055,101.14369187800912,2446,0,0,,,,,,,,,,,,,,,,,,,,
cl2_task1_fold1_seed42_default,CL2,1,1,42,2,validation,2104.865241829015,0.10332416373098062,0.8039822048611112,18432,0.0,0.15786531003605989,0.0,290228,289039,1374,1341,0.4582651391162029,0.3763440860215054,0.4132841328413284,0.6749795584627964,0.6160020469277132,0.43523292367720834,0.19327759356894655,280,331,1371,464,0.7326261976601376,101.36061769298976,2446,0,0,,,,,,,,,,,,,,,,,,,,
cl2_task1_fold1_seed42_default,CL2,1,1,42,3,validation,2089.0284804750117,0.08203599312239224,0.8492296006944444,18432,0.0,0.1275188537773728,0.0,289644,289599,1363,1365,0.7152317880794702,0.14516129032258066,0.24134078212290502,0.722403924775143,0.5858564560352779,0.4546207561358515,0.22918931419266536,108,43,1659,636,0.7362010431033965,101.16894183499971,2446,0,0,,,,,,,,,,,,,,,,,,,,
cl2_task1_fold1_seed42_default,CL2,1,1,42,4,validation,2096.3305113069946,0.058204167638905346,0.8898654513888888,18432,0.0,0.054153219278709405,0.0,290347,288871,1437,1390,0.551094890510949,0.20295698924731181,0.2966601178781925,0.7072771872444807,0.5881442452269943,0.4672190397146537,0.19063398149497668,151,123,1579,593,0.7371138087180231,101.3497468479909,2446,0,0,,,,,,,,,,,,,,,,,,,,
cl2_task1_fold1_seed42_default,CL2,1,1,42,5,validation,2107.6667063949862,0.04894391390391522,0.9063585069444444,18432,0.0,0.06038671654233793,0.0,289478,289834,1409,1296,0.43253234750462105,0.31451612903225806,0.3642023346303502,0.6659852820932134,0.5650104873456907,0.42526456073697566,0.14868896949565436,234,307,1395,510,0.7143999681760532,101.36328908696305,2446,0,0,,,,,,,,,,,,,,,,,,,,
cl2_task1_fold1_seed42_default,CL2,1,1,42,6,validation,2102.535379361012,0.04856764706912347,0.9073350694444444,18432,0.0,0.059499692003656596,0.0,289819,289434,1411,1355,0.4863013698630137,0.2862903225806452,0.3604060913705584,0.6909239574816026,0.5772881050756227,0.40517198429870094,0.18489705192915232,213,225,1477,531,0.7233857202741941,101.40790068800561,2446,0,0,,,,,,,,,,,,,,,,,,,,
cl2_task1_fold1_seed42_default,CL2,1,1,42,7,validation,2082.2446806840017,0.04339594674335482,0.9180230034722222,18432,0.0,0.05737646025785478,0.0,289974,289203,1503,1431,0.49287169042769857,0.32526881720430106,0.39190283400809717,0.6929681112019623,0.5747736691811026,0.41607630571167364,0.20555743677835972,242,249,1453,502,0.7175559543206022,101.13448176597012,2446,0,0,,,,,,,,,,,,,,,,,,,,
cl2_task1_fold1_seed42_default,CL2,1,1,42,8,validation,2105.20101934002,0.04555307477777307,0.9192165798611112,18432,0.0,0.07915463290212049,0.0,289866,289413,1405,1329,0.4582560296846011,0.33198924731182794,0.38503507404520654,0.6774325429272281,0.5943995362824255,0.41651260598045614,0.17806243194876317,247,292,1410,497,0.7131367045768318,103.03707309998572,2446,0,0,,,,,,,,,,,,,,,,,,,,
cl2_task1_fold1_seed42_default,CL2,1,1,42,9,validation,2098.106805811054,0.03678811856661923,0.9341905381944444,18432,0.0,0.04015369045696894,0.0,289770,289482,1404,1356,0.44867549668874174,0.364247311827957,0.4020771513353116,0.6704824202780049,0.5955335595062103,0.40954675937567775,0.179865557990796,271,333,1369,473,0.7084300531713965,102.0080029250239,2446,0,0,,,,,,,,,,,,,,,,,,,,
cl2_task1_fold1_seed42_default,CL2,1,1,42,10,validation,2102.360847131,0.03727179635057433,0.9348958333333334,18432,0.0,0.0515301571819388,0.0,289533,289663,1407,1412,0.4377880184331797,0.38306451612903225,0.40860215053763443,0.6627146361406377,0.6149051400629241,0.4250763627528293,0.17490944531976801,285,366,1336,459,0.7283728369243359,101.27374981797766,2446,0,0,,,,,,,,,,,,,,,,,,,,
cl2_task1_fold1_seed42_default,CL2,1,1,42,11,validation,2098.1200710769626,0.03627636213140148,0.9395073784722222,18432,0.0,0.05247844812806256,0.0,289688,289535,1422,1385,0.4735042735042735,0.37231182795698925,0.41685477802859294,0.6831561733442355,0.5921946666161252,0.42576706848048407,0.2063667067442422,277,308,1394,467,0.7242179231665629,101.17726273403969,2446,0,0,,,,,,,,,,,,,,,,,,,,
cl2_task1_fold1_seed42_full_mcc_e4,CL2,1,1,42,0,fixed_epoch_full_train,2239.2152632900397,0.16170783976140696,0.6135316506410257,19968,0.0,0.4656522415745526,0.0,313955,313637,1377,1400,,,,,,,,,,,,,,,,1,mcc,0.0,,,,,,,,,,,,,,,,,,
cl2_task1_fold1_seed42_full_mcc_e4,CL2,1,1,42,1,fixed_epoch_full_train,2225.9328331220313,0.10435527618019244,0.8014322916666666,19968,0.0,0.14480028232672992,0.0,314543,313103,1413,1346,,,,,,,,,,,,,,,,1,mcc,1.0,,,,,,,,,,,,,,,,,,
cl2_task1_fold1_seed42_full_mcc_e4,CL2,1,1,42,2,fixed_epoch_full_train,2234.200475452002,0.0676791980707397,0.8785556891025641,19968,0.0,0.08198258302246149,0.0,314119,313538,1441,1335,,,,,,,,,,,,,,,,1,mcc,2.0,,,,,,,,,,,,,,,,,,
cl2_task1_fold1_seed42_full_mcc_e4,CL2,1,1,42,3,fixed_epoch_full_train,2232.569851562963,0.06032190905907788,0.8932792467948718,19968,0.0,0.07739559848022719,0.0,314688,312945,1402,1359,,,,,,,,,,,,,,,,1,mcc,3.0,,,,,,,,,,,,,,,,,,
cl3_task1_fold1_seed42_tune_mcc_es,CL3,1,1,42,0,validation,2119.9234009700012,0.1326650205301121,0.7057291666666666,18432,0.0,0.0,4.086247222291099,290224,289048,1355,1336,0.4548611111111111,0.3521505376344086,0.396969696969697,0.6745707277187244,0.5862639462744652,0.43818221089193066,0.1817891958542239,262,314,1388,482,0.6987642814975173,101.7555829420453,2446,0,1,mcc,0.1817891958542239,,,,,,,,,,,,,,,,,,
cl3_task1_fold1_seed42_tune_mcc_es,CL3,1,1,42,1,validation,2089.8573074709857,0.060410140392680965,0.8962131076388888,18432,0.0,0.0,3.8372014280822544,289987,289234,1479,1387,0.4400715563506261,0.33064516129032256,0.3775901765157329,0.6684382665576452,0.604455700440974,0.4382816538543432,0.16078086323537807,246,313,1389,498,0.7163702448772472,101.53063071402721,2446,0,0,mcc,0.16078086323537807,,,,,,,,,,,,,,,,,,
cl3_task1_fold1_seed42_tune_mcc_es,CL3,1,1,42,2,validation,2108.9108125239145,0.04441309808559405,0.9191080729166666,18432,0.0,0.0,3.7597463520036802,290228,289039,1374,1341,0.4958263772954925,0.39919354838709675,0.4422933730454207,0.6937857726901063,0.6131156577334698,0.4016627607193798,0.23724292976553338,297,302,1400,447,0.7028080454413868,101.93798985297326,2446,0,1,mcc,0.23724292976553338,,,,,,,,,,,,,,,,,,
cl3_task1_fold1_seed42_tune_mcc_es,CL3,1,1,42,3,validation,2091.3622734800447,0.03595627475685129,0.9361436631944444,18432,0.0,0.0,3.711941668556796,289644,289599,1363,1365,0.39906832298136646,0.34543010752688175,0.3703170028818444,0.642681929681112,0.6399034027014392,0.3946306812435088,0.12331444379305607,257,387,1315,487,0.7226563100668638,101.33133657404687,2446,0,0,mcc,0.12331444379305607,,,,,,,,,,,,,,,,,,
cl3_task1_fold1_seed42_tune_mcc_es,CL3,1,1,42,4,validation,2097.033250969951,0.032799990909148216,0.9401041666666666,18432,0.0,0.0,3.69035307980246,290347,288871,1437,1390,0.4559023066485753,0.45161290322580644,0.4537474679270763,0.669255928045789,0.6668656735276649,0.42519509077347395,0.21658619370260593,336,401,1301,408,0.7416445425608515,101.52303452603519,2446,0,0,mcc,0.21658619370260593,,,,,,,,,,,,,,,,,,
cl3_task1_fold1_seed42_tune_mcc_es,CL3,1,1,42,5,validation,2110.5395152820274,0.029220998667167604,0.9479709201388888,18432,0.0,0.0,3.6666205094920263,289478,289834,1409,1296,0.47692307692307695,0.375,0.4198645598194131,0.6847914963205233,0.6579806489518973,0.4455354212937547,0.21053318464947135,279,306,1396,465,0.7476332611054542,101.22704833105672,2446,0,0,mcc,0.21053318464947135,,,,,,,,,,,,,,,,,,
cl3_task1_fold1_seed42_tune_mcc_es,CL3,1,1,42,6,validation,2105.159371051006,0.02590607611798785,0.9567599826388888,18432,0.0,0.0,3.6408004843526416,289819,289434,1411,1355,0.4687022900763359,0.41263440860215056,0.4388849177984274,0.679067865903516,0.6471095043149742,0.4277560697343098,0.21627883046306381,307,348,1354,437,0.7391470145995698,101.342775760917,2446,0,0,mcc,0.21627883046306381,,,,,,,,,,,,,,,,,,
cl3_task1_fold1_seed42_tune_mcc_es,CL3,1,1,42,7,validation,2085.890556002967,0.021919752910131745,0.9646809895833334,18432,0.0,0.0,3.615061244202985,289974,289203,1503,1431,0.5210084033613446,0.3333333333333333,0.4065573770491803,0.7040065412919051,0.6613463919740217,0.5051565257754976,0.2316843100052094,248,228,1474,496,0.7654946183432961,101.85302553605288,2446,0,0,mcc,0.2316843100052094,,,,,,,,,,,,,,,,,,
cl4_task1_fold1_seed42_tune_mcc_es,CL4,1,1,42,0,validation,2114.7053270969773,0.13584254821762443,0.6988932291666666,18432,4.114199328753683,0.7181813075310655,0.0,290224,289048,1355,1336,0.5328467153284672,0.29435483870967744,0.37922077922077924,0.7068683565004088,0.5797267288326194,0.47604458940785827,0.223383307463005,219,192,1510,525,0.7304723984090701,101.22369886701927,2446,0,1,mcc,0.223383307463005,,,,,,,,,,,,,,,,,,
cl4_task1_fold1_seed42_tune_mcc_es,CL4,1,1,42,1,validation,2086.611684810021,0.06683159018090616,0.8891059027777778,18432,3.9732621568772526,0.4394500382865469,0.0,289987,289234,1479,1387,0.41736227045075125,0.33602150537634407,0.37230081906180196,0.6553556827473426,0.5808599623466384,0.4198830072063572,0.14011565438072945,250,349,1353,494,0.6868019708115575,101.556423550006,2446,0,0,mcc,0.14011565438072945,,,,,,,,,,,,,,,,,,
cl4_task1_fold1_seed42_tune_mcc_es,CL4,1,1,42,2,validation,2103.4407195070526,0.04484006605990645,0.921875,18432,3.89622004247374,0.2679754664891839,0.0,290228,289039,1374,1341,0.4766081871345029,0.4381720430107527,0.4565826330532213,0.6827473426001636,0.6187778767547351,0.40404186898525174,0.23353316700502275,326,358,1344,418,0.7031427484524269,101.68812545004766,2446,0,1,mcc,0.23353316700502275,,,,,,,,,,,,,,,,,,
cl4_task1_fold1_seed42_tune_mcc_es,CL4,1,1,42,3,validation,2087.7160630190047,0.0366775473812595,0.9375,18432,3.8523855143123202,0.19385959546665138,0.0,289644,289599,1363,1365,0.4059080962800875,0.4986559139784946,0.44752714113389624,0.6255110384300899,0.5733079678556536,0.3729026034535837,0.17081154267231752,371,543,1159,373,0.6349947082660027,101.48131308704615,2446,0,0,mcc,0.17081154267231752,,,,,,,,,,,,,,,,,,
cl4_task1_fold1_seed42_tune_mcc_es,CL4,1,1,42,4,validation,2093.307389447931,0.031885874153684,0.9458550347222222,18432,3.807471978995535,0.15226096485068613,0.0,290347,288871,1437,1390,0.4498567335243553,0.4220430107526882,0.435506241331484,0.6672117743254292,0.601252637630618,0.37998330600742963,0.20010917009554033,314,384,1318,430,0.6940852921886251,101.41590625001118,2446,0,0,mcc,0.20010917009554033,,,,,,,,,,,,,,,,,,
cl4_task1_fold1_seed42_tune_mcc_es,CL4,1,1,42,5,validation,2107.8670325259445,0.027676775883365836,0.9557834201388888,18432,3.7691305999954543,0.1269657763015554,0.0,289478,289834,1409,1296,0.45819935691318325,0.38306451612903225,0.4172767203513909,0.6745707277187244,0.582635229900307,0.39166588411167635,0.19551328696000433,285,337,1365,459,0.7073407014238542,101.55596715095453,2446,0,0,mcc,0.19551328696000433,,,,,,,,,,,,,,,,,,
cl4_task1_fold1_seed42_tune_mcc_es,CL4,1,1,42,6,validation,2102.0396967419656,0.02470713200616754,0.9583333333333334,18432,3.7309092258413634,0.10290606252581508,0.0,289819,289434,1411,1355,0.44903225806451613,0.46774193548387094,0.45819618169848586,0.6635322976287816,0.6013284497681413,0.39508369495813783,0.2144410195020016,348,427,1275,396,0.6944461530130124,102.05846568092238,2446,0,0,mcc,0.2144410195020016,,,,,,,,,,,,,,,,,,
cl4_task1_fold1_seed42_tune_mcc_es,CL4,1,1,42,7,validation,2082.937845226028,0.022621985232843953,0.96337890625,18432,3.71363775846031,0.10471593218764813,0.0,289974,289203,1503,1431,0.4868217054263566,0.4220430107526882,0.4521238300935925,0.6888798037612428,0.5821250773915569,0.40523781243711565,0.23759470871051627,314,331,1371,430,0.7090063607779217,101.84290737903211,2446,0,1,mcc,0.23759470871051627,,,,,,,,,,,,,,,,,,
cl4_task1_fold1_seed42_tune_mcc_es,CL4,1,1,42,8,validation,2102.2512430020142,0.020040441397415835,0.9695638020833334,18432,3.6803561084800296,0.11532749955100978,0.0,289866,289413,1405,1329,0.49085365853658536,0.4327956989247312,0.46,0.6909239574816026,0.5845368510165143,0.42462599855601474,0.24565281401128045,322,334,1368,422,0.7068114444528388,101.04545530199539,2446,0,1,mcc,0.24565281401128045,,,,,,,,,,,,,,,,,,
cl4_task1_fold1_seed42_tune_mcc_es,CL4,1,1,42,9,validation,2088.6392882580403,0.019005053774890257,0.9713541666666666,18432,3.6688737877541118,0.07687619828518816,0.0,289770,289482,1404,1356,0.4813753581661891,0.45161290322580644,0.46601941747572817,0.6852003270645952,0.5821720651226261,0.39395636544600005,0.24340184920872726,336,362,1340,408,0.6899492655420868,101.07191976602189,2446,0,0,mcc,0.24340184920872726,,,,,,,,,,,,,,,,,,
cl4_task1_fold1_seed42_tune_mcc_es,CL4,1,1,42,10,validation,2099.3720642080298,0.01609106659230343,0.9751519097222222,18432,3.6353992165790663,0.07315623749011341,0.0,289533,289663,1407,1412,0.4777777777777778,0.40456989247311825,0.438136826783115,0.6843826655764513,0.6136439735668348,0.4128724463738145,0.22226524246947363,301,329,1373,443,0.727544896167688,101.39947636495344,2446,0,0,mcc,0.22226524246947363,,,,,,,,,,,,,,,,,,
cl4_task1_fold1_seed42_tune_mcc_es,CL4,1,1,42,11,validation,2096.3093242390314,0.018623264320113877,0.9721137152777778,18432,3.6616782496372857,0.09592502469442682,0.0,289688,289535,1422,1385,0.4990791896869245,0.364247311827957,0.4211344211344211,0.6954210956663941,0.6356468670634169,0.4293307190533935,0.2263095492845032,271,272,1430,473,0.7490055016650743,101.34519661497325,2446,0,0,mcc,0.2263095492845032,,,,,,,,,,,,,,,,,,
cl4_task1_fold1_seed42_tune_mcc_es,CL4,1,1,42,12,validation,2088.381335273036,0.014528514223962298,0.9778103298611112,18432,3.6217492065495915,0.08563177359835411,0.0,290480,288752,1358,1376,0.47531734837799716,0.4529569892473118,0.4638678596008259,0.6815208503679476,0.6261506071288679,0.44743033829687057,0.2376749458271412,337,372,1330,407,0.7225183338693039,101.03097444796003,2446,0,0,mcc,0.2376749458271412,,,,,,,,,,,,,,,,,,
cl4_task1_fold1_seed42_tune_mcc_es,CL4,1,1,42,13,validation,2114.3748590259347,0.01405159805573122,0.9791124131944444,18432,3.6130294568008847,0.06263290626803711,0.0,290731,288455,1410,1422,0.47002724795640327,0.4637096774193548,0.4668470906630582,0.6778413736713,0.6130319484982878,0.4124567712006876,0.2360590304665303,345,389,1313,399,0.6995619694476741,101.21898220700677,2446,0,0,mcc,0.2360590304665303,,,,,,,,,,,,,,,,,,
cl5_task1_fold1_seed42_full_mcc_e7_pair_local_l020,CL5,1,1,42,0,fixed_epoch_full_train,2344.3582062609494,0.13435976875729677,0.6954627403846154,19968,0.0,0.0,0.0,313933,313926,1142,1133,,,,,,,,,,,,,,,,1,mcc,0.0,0.0,0,0,0,0,0,,,,,,,,,,,,
cl5_task1_fold1_seed42_full_mcc_e7_pair_local_l020,CL5,1,1,42,1,fixed_epoch_full_train,2608.3613563870313,0.06732234177976526,0.879707532051282,19968,0.0,0.0,0.0,314282,313588,1127,1122,,,,,,,,,,,,,,,,1,mcc,1.0,0.08004498175105541,3065361,827613,2237748,48706312,1161933,,,,,,,,,,,,
cl5_task1_fold1_seed42_full_mcc_e7_pair_local_l020,CL5,1,1,42,2,fixed_epoch_full_train,2608.960966735962,0.04385236217221552,0.9206730769230769,19968,0.0,0.0,0.0,314929,312898,1179,1165,,,,,,,,,,,,,,,,1,mcc,2.0,0.04985822969849041,3029049,851115,2177934,48451543,1193418,,,,,,,,,,,,
cl5_task1_fold1_seed42_full_mcc_e7_pair_local_l020,CL5,1,1,42,3,fixed_epoch_full_train,2606.5669580160175,0.033685079785910045,0.9429086538461539,19968,0.0,0.0,0.0,314579,313341,1225,1072,,,,,,,,,,,,,,,,1,mcc,3.0,0.04715232945766973,3024156,850365,2173791,48377893,1215009,,,,,,,,,,,,
cl5_task1_fold1_seed42_full_mcc_e7_pair_local_l020,CL5,1,1,42,4,fixed_epoch_full_train,2595.396089873975,0.027716037455607596,0.9536258012820513,19968,0.0,0.0,0.0,314278,313600,1134,1114,,,,,,,,,,,,,,,,1,mcc,4.0,0.04373733071237088,3034221,848315,2185906,48540390,1210779,,,,,,,,,,,,
cl5_task1_fold1_seed42_full_mcc_e7_pair_local_l020,CL5,1,1,42,5,fixed_epoch_full_train,2594.7288120189914,0.025290693947757577,0.9565805288461539,19968,0.0,0.0,0.0,314621,313223,1135,1148,,,,,,,,,,,,,,,,1,mcc,5.0,0.043240482408117654,3041311,842589,2198722,48654006,1207966,,,,,,,,,,,,
cl5_task1_fold1_seed42_full_mcc_e7_pair_local_l020,CL5,1,1,42,6,fixed_epoch_full_train,2619.0708248659503,0.023256093962097116,0.9587840544871795,19968,0.0,0.0,0.0,314085,313821,1157,1086,,,,,,,,,,,,,,,,1,mcc,6.0,0.04228975213169408,3041799,843343,2198456,48661699,1211030,,,,,,,,,,,,
cl5_task1_fold1_seed42_legacy_test_f1_pair_local_l020,CL5,1,1,42,0,test_legacy,2350.081014601048,0.13435976875729677,0.6954627403846154,19968,0.0,0.0,0.0,313933,313926,1142,1133,0.5104895104895105,0.29130087789305664,0.3709349593495935,0.6433304523192164,0.5719075841065302,0.5239931164125688,0.1585434801891379,730,700,3736,1776,0.671523511971979,253.1430174630368,6942,0,1,f1,0.3709349593495935,0.0,0,0,0,0,0,,,,,,,,,,,,
cl5_task1_fold1_seed42_legacy_test_f1_pair_local_l020,CL5,1,1,42,1,test_legacy,2613.561514655943,0.06732234177976526,0.879707532051282,19968,0.0,0.0,0.0,314282,313588,1127,1122,0.5017811704834606,0.3934557063048683,0.44106463878326996,0.6400172860847018,0.6270282701138548,0.4923662142717446,0.18419077985468543,986,979,3457,1520,0.6877774926644533,254.05752481892705,6942,0,1,f1,0.44106463878326996,0.08004498175105541,3065361,827613,2237748,48706312,1161933,,,,,,,,,,,,
cl5_task1_fold1_seed42_legacy_test_f1_pair_local_l020,CL5,1,1,42,2,test_legacy,2616.8599679799518,0.04385236217221552,0.9206730769230769,19968,0.0,0.0,0.0,314929,312898,1179,1165,0.5347029428095502,0.38427773343974464,0.4471790109124681,0.6570152693748199,0.6302112981144622,0.5348673420768512,0.21407249319397537,963,838,3598,1543,0.7065247312775791,253.63402101502288,6942,0,1,f1,0.4471790109124681,0.04985822969849041,3029049,851115,2177934,48451543,1193418,,,,,,,,,,,,
cl5_task1_fold1_seed42_legacy_test_f1_pair_local_l020,CL5,1,1,42,3,test_legacy,2626.474995963974,0.033685079785910045,0.9429086538461539,19968,0.0,0.0,0.0,314579,313341,1225,1072,0.5629304946775203,0.3587390263367917,0.43821593955642213,0.6679631230193028,0.6545229681406644,0.5410557032175609,0.22982540158400716,899,698,3738,1607,0.7176405610764618,254.27863426494878,6942,0,0,f1,0.43821593955642213,0.04715232945766973,3024156,850365,2173791,48377893,1215009,,,,,,,,,,,,
cl5_task1_fold1_seed42_legacy_test_f1_pair_local_l020,CL5,1,1,42,4,test_legacy,2620.6019878579536,0.027716037455607596,0.9536258012820513,19968,0.0,0.0,0.0,314278,313600,1134,1114,0.58545197740113,0.33080606544293695,0.42274349821519636,0.6738692019590896,0.6896373860534536,0.5377173097026475,0.23657301791697943,829,587,3849,1677,0.741294301194712,254.66933571407571,6942,0,0,f1,0.42274349821519636,0.04373733071237088,3034221,848315,2185906,48540390,1210779,,,,,,,,,,,,
cl5_task1_fold1_seed42_legacy_test_f1_pair_local_l020,CL5,1,1,42,5,test_legacy,2595.665156380972,0.025290693947757577,0.9565805288461539,19968,0.0,0.0,0.0,314621,313223,1135,1148,0.5816953316953317,0.3778930566640064,0.4581519109820997,0.6773264188994526,0.6555297043632703,0.5717826670087388,0.2543463174129591,947,681,3755,1559,0.7227833601057649,253.951797007001,6942,0,1,f1,0.4581519109820997,0.043240482408117654,3041311,842589,2198722,48654006,1207966,,,,,,,,,,,,
cl5_task1_fold1_seed42_legacy_test_f1_pair_local_l020,CL5,1,1,42,6,test_legacy,2626.0000156089664,0.023256093962097116,0.9587840544871795,19968,0.0,0.0,0.0,314085,313821,1157,1086,0.6103542234332425,0.3575418994413408,0.4509310518369401,0.6856813598386632,0.6708932826320528,0.5636126511137732,0.26886930333325615,896,572,3864,1610,0.7388218872576422,254.44145126605872,6942,0,0,f1,0.4509310518369401,0.04228975213169408,3041799,843343,2198456,48661699,1211030,,,,,,,,,,,,
cl5_task1_fold1_seed42_legacy_test_f1_pair_local_l020,CL5,1,1,42,7,test_legacy,2618.289010095992,0.030376511004449325,0.9497696314102564,19968,0.0,0.0,0.0,314100,313811,1177,1081,0.789738430583501,0.31324820430965683,0.44857142857142857,0.7219821377124748,0.6604643895228548,0.5952415577145103,0.3649282464002447,785,209,4227,1721,0.7438682685968382,253.5080788070336,6942,0,0,f1,0.44857142857142857,0.06101431696199766,3073674,830592,2243082,49125254,1142848,,,,,,,,,,,,
cl5_task1_fold1_seed42_legacy_test_f1_pair_local_l020,CL5,1,1,42,8,test_legacy,2614.2097553849453,0.021185222874180117,0.9621394230769231,19968,0.0,0.0,0.0,314434,313426,1133,1132,0.6699751861042184,0.3232242617717478,0.4360699865410498,0.6982137712474791,0.645684082278276,0.5487438996933575,0.2954313933236251,810,399,4037,1696,0.7235009783080636,251.79177023703232,6942,0,0,f1,0.4360699865410498,0.04137533410700412,3070847,835413,2235434,49127791,1174886,,,,,,,,,,,,
cl5_task1_fold1_seed42_legacy_test_f1_pair_local_l020,CL5,1,1,42,9,test_legacy,2619.522862580954,0.019156417019810683,0.9658954326923077,19968,0.0,0.0,0.0,314035,313891,1133,1066,0.72,0.2944932162809258,0.4180118946474087,0.7039757994814174,0.6677471813364787,0.5556474608647188,0.3111105281193132,738,287,4149,1768,0.7310060885597677,253.46686058398336,6942,0,0,f1,0.4180118946474087,0.04059105212775501,3071945,836866,2235079,49144103,1176347,,,,,,,,,,,,
cl5_task1_fold1_seed42_legacy_test_f1_pair_local_l020,CL5,1,1,42,10,test_legacy,2599.255459373002,0.016640232027538317,0.9713541666666666,19968,0.0,0.0,0.0,314732,313057,1133,1203,0.4954990215264188,0.5051875498802874,0.5002963841138115,0.6356957649092481,0.6801671479882007,0.5355244406254742,0.2137262691531201,1266,1289,3147,1240,0.713103565609805,253.49472279206384,6942,0,1,f1,0.5002963841138115,0.0396249795020664,3082957,835414,2247543,49320049,1155219,,,,,,,,,,,,
cl5_task1_fold1_seed42_legacy_test_f1_pair_local_l020,CL5,1,1,42,11,test_legacy,2607.8443066949258,0.016201306578843517,0.9740084134615384,19968,0.0,0.0,0.0,313848,313994,1133,1150,0.6102305475504323,0.33798882681564246,0.4350282485875706,0.683088447133391,0.6659545494780066,0.5277383555974398,0.25942207984029103,847,541,3895,1659,0.7263508976421584,253.65760112705175,6942,0,0,f1,0.4350282485875706,0.03860703064661716,3086956,836143,2250813,49384694,1140307,,,,,,,,,,,,
cl5_task1_fold1_seed42_legacy_test_f1_pair_local_l020,CL5,1,1,42,12,test_legacy,2610.25950400508,0.016179621318999943,0.9752103365384616,19968,0.0,0.0,0.0,314254,313590,1152,1148,0.5905882352941176,0.30047885075818037,0.3983073261042052,0.6722846441947565,0.6763442220186431,0.5375042782044888,0.22674792280846082,753,522,3914,1753,0.7312884835548543,253.4933412199607,6942,0,0,f1,0.3983073261042052,0.041111014812645626,3095529,837202,2258327,49521654,1123709,,,,,,,,,,,,
cl5_task1_fold1_seed42_legacy_test_f1_pair_local_l020,CL5,1,1,42,13,test_legacy,2589.6728625899414,0.014746847108153839,0.9775140224358975,19968,0.0,0.0,0.0,314857,312976,1131,1159,0.5792978208232445,0.3818834796488428,0.4603174603174603,0.6767502160760588,0.6661602775520896,0.5334092919963129,0.2540052311568824,957,695,3741,1549,0.7253861085982127,253.67872309905943,6942,0,0,f1,0.4603174603174603,0.041044034343283686,3093379,838086,2255293,49487830,1100917,,,,,,,,,,,,
cl5_task1_fold1_seed42_legacy_test_f1_pair_local_l020,CL5,1,1,42,14,test_legacy,2605.61545282905,0.012642379951698824,0.981270032051282,19968,0.0,0.0,0.0,314471,313345,1174,1176,0.4984423676012461,0.3830806065442937,0.4332129963898917,0.6381446269086718,0.6424724934278562,0.4970253772327442,0.17733584655966744,960,966,3470,1546,0.6967131289332255,253.39026037196163,6942,0,0,f1,0.4332129963898917,0.037693460323350636,3100438,835456,2264982,49599432,1097542,,,,,,,,,,,,
cl5_task1_fold1_seed42_legacy_test_f1_pair_local_l020,CL5,1,1,42,15,test_legacy,2615.2064134168904,0.010500864543334201,0.9847255608974359,19968,0.0,0.0,0.0,313694,314170,1164,1128,0.6132461161079313,0.29928172386272944,0.4022526146419952,0.6789109766637856,0.6483769881050132,0.5363373579406157,0.24287977511684156,750,473,3963,1756,0.7233770141886833,252.32406778703444,6942,0,0,f1,0.4022526146419952,0.035797519772449625,3105638,839603,2266035,49683700,1104138,,,,,,,,,,,,
cl5_task1_fold1_seed42_matched_focal_full_mcc_e8,CL5,1,1,42,0,fixed_epoch_full_train,2347.051503600087,0.13435976875729677,0.6954627403846154,19968,0.0,0.0,0.0,313933,313926,1142,1133,,,,,,,,,,,,,,,,1,mcc,0.0,0.0,0,0,0,0,0,,,,,,,,,,,,
cl5_task1_fold1_seed42_matched_focal_full_mcc_e8,CL5,1,1,42,1,fixed_epoch_full_train,2344.9355126010487,0.0681961913420842,0.8746494391025641,19968,0.0,0.0,0.0,314282,313588,1127,1122,,,,,,,,,,,,,,,,1,mcc,1.0,0.0,0,0,0,0,0,,,,,,,,,,,,
cl5_task1_fold1_seed42_matched_focal_full_mcc_e8,CL5,1,1,42,2,fixed_epoch_full_train,2344.8575070080115,0.04590336969435995,0.9152644230769231,19968,0.0,0.0,0.0,314929,312898,1179,1165,,,,,,,,,,,,,,,,1,mcc,2.0,0.0,0,0,0,0,0,,,,,,,,,,,,
cl5_task1_fold1_seed42_matched_focal_full_mcc_e8,CL5,1,1,42,3,fixed_epoch_full_train,2313.951675730059,0.03801318335226309,0.9292367788461539,19968,0.0,0.0,0.0,314579,313341,1225,1072,,,,,,,,,,,,,,,,1,mcc,3.0,0.0,0,0,0,0,0,,,,,,,,,,,,
cl5_task1_fold1_seed42_matched_focal_full_mcc_e8,CL5,1,1,42,4,fixed_epoch_full_train,2337.015350212925,0.03387310485374273,0.9362980769230769,19968,0.0,0.0,0.0,314278,313600,1134,1114,,,,,,,,,,,,,,,,1,mcc,4.0,0.0,0,0,0,0,0,,,,,,,,,,,,
cl5_task1_fold1_seed42_matched_focal_full_mcc_e8,CL5,1,1,42,5,fixed_epoch_full_train,2336.9502588269534,0.0312910388399589,0.9400540865384616,19968,0.0,0.0,0.0,314621,313223,1135,1148,,,,,,,,,,,,,,,,1,mcc,5.0,0.0,0,0,0,0,0,,,,,,,,,,,,
cl5_task1_fold1_seed42_matched_focal_full_mcc_e8,CL5,1,1,42,6,fixed_epoch_full_train,2353.4948719739914,0.03035681223351797,0.9430088141025641,19968,0.0,0.0,0.0,314085,313821,1157,1086,,,,,,,,,,,,,,,,1,mcc,6.0,0.0,0,0,0,0,0,,,,,,,,,,,,
cl5_task1_fold1_seed42_matched_focal_full_mcc_e8,CL5,1,1,42,7,fixed_epoch_full_train,2346.7452211700147,0.026084816901073664,0.9513721955128205,19968,0.0,0.0,0.0,314100,313811,1177,1081,,,,,,,,,,,,,,,,1,mcc,7.0,0.0,0,0,0,0,0,,,,,,,,,,,,
cl5_task1_fold1_seed42_matched_focal_only,CL5,1,1,42,0,validation,2213.0392374939984,0.1384184873378034,0.67578125,18432,0.0,0.0,0.0,289840,289646,1110,1122,0.3545816733067729,0.3588709677419355,0.35671342685370744,0.6062959934587081,0.5853336681702741,0.40155059786147107,0.07307851190928788,267,486,1216,477,0.6884818372846953,102.95423542696517,2446,0,1,mcc,0.07307851190928788,0.0,0,0,0,0,0,,,,,,,,,,,,
cl5_task1_fold1_seed42_matched_focal_only,CL5,1,1,42,1,validation,2217.7476542600198,0.06703129711881756,0.8733181423611112,18432,0.0,0.0,0.0,289959,289558,1148,1091,0.41915227629513346,0.3588709677419355,0.38667632150615494,0.6537203597710548,0.6132854453331312,0.4284776864354294,0.1483102831097571,267,370,1332,477,0.7184371299881195,103.64350927993655,2446,0,1,mcc,0.1483102831097571,0.0,0,0,0,0,0,,,,,,,,,,,,
cl5_task1_fold1_seed42_matched_focal_only,CL5,1,1,42,2,validation,2222.961597407935,0.0455420467027088,0.9118381076388888,18432,0.0,0.0,0.0,290222,289201,1144,1185,0.46878980891719746,0.4946236559139785,0.4813603662524526,0.6757972199509403,0.6725042012559544,0.475465772433708,0.24599264278673866,368,417,1285,376,0.7503005223539825,103.27037319506053,2446,0,1,mcc,0.24599264278673866,0.0,0,0,0,0,0,,,,,,,,,,,,
cl5_task1_fold1_seed42_matched_focal_only,CL5,1,1,42,3,validation,2215.931012582965,0.03871539713061716,0.927734375,18432,0.0,0.0,0.0,290406,289051,1230,1151,0.4909983633387889,0.4032258064516129,0.44280442804428044,0.6913327882256746,0.6728145571939401,0.459625553868117,0.23433405949711233,300,311,1391,444,0.7597012894715554,103.02423487405758,2446,0,0,mcc,0.23433405949711233,0.0,0,0,0,0,0,,,,,,,,,,,,
cl5_task1_fold1_seed42_matched_focal_only,CL5,1,1,42,4,validation,2193.14648803405,0.03195292520549125,0.9447699652777778,18432,0.0,0.0,0.0,290071,289345,1146,1192,0.40425531914893614,0.33198924731182794,0.36457564575645757,0.6479967293540474,0.6396483264470642,0.4499646006137523,0.125534424787473,247,364,1338,497,0.737382072554587,101.24930881604087,2446,0,0,mcc,0.125534424787473,0.0,0,0,0,0,0,,,,,,,,,,,,
cl5_task1_fold1_seed42_matched_focal_only,CL5,1,1,42,5,validation,2198.042946067988,0.029361334145533626,0.9478624131944444,18432,0.0,0.0,0.0,290203,289243,1156,1162,0.44336569579288027,0.3682795698924731,0.4023494860499266,0.6672117743254292,0.6258599939350291,0.4411587913949434,0.17592271771343634,274,344,1358,470,0.736022701973419,101.43822981603444,2446,0,0,mcc,0.17592271771343634,0.0,0,0,0,0,0,,,,,,,,,,,,
cl5_task1_fold1_seed42_matched_focal_only,CL5,1,1,42,6,validation,2195.28777298308,0.0307499355598167,0.9474826388888888,18432,0.0,0.0,0.0,290482,288964,1167,1162,0.4491180461329715,0.44489247311827956,0.44699527346387574,0.6651676206050695,0.6262082559417763,0.44583160291753376,0.20690217908990496,331,406,1296,413,0.7214169478561959,101.98483090603258,2446,0,0,mcc,0.20690217908990496,0.0,0,0,0,0,0,,,,,,,,,,,,
cl5_task1_fold1_seed42_matched_focal_only,CL5,1,1,42,7,validation,2196.392588000046,0.02558783626373679,0.9551866319444444,18432,0.0,0.0,0.0,291006,288418,1242,1184,0.5140961857379768,0.4166666666666667,0.4602821083890126,0.7027800490596893,0.6442562829308973,0.4641283141586446,0.26100730245477877,310,293,1409,434,0.7505676161925054,101.71775991097093,2446,0,1,mcc,0.26100730245477877,0.0,0,0,0,0,0,,,,,,,,,,,,
cl5_task1_fold1_seed42_matched_focal_only,CL5,1,1,42,8,validation,2211.921831464977,0.024368484824374124,0.9598524305555556,18432,0.0,0.0,0.0,291084,288368,1159,1156,0.4655380894800484,0.5174731182795699,0.49013367281986,0.6725265739983647,0.6113443387286305,0.454446941699876,0.2506899920666062,385,442,1260,359,0.7206259456091311,102.23051583801862,2446,0,0,mcc,0.2506899920666062,0.0,0,0,0,0,0,,,,,,,,,,,,
cl5_task1_fold1_seed42_matched_focal_only,CL5,1,1,42,9,validation,2208.48503681703,0.02230222188397911,0.9627821180555556,18432,0.0,0.0,0.0,290722,288758,1143,1128,0.46098265895953755,0.42876344086021506,0.44428969359331477,0.6737530662305805,0.5949215344376635,0.4504822310607982,0.2140964049798156,319,373,1329,425,0.7184243435809563,101.88662455801386,2446,0,0,mcc,0.2140964049798156,0.0,0,0,0,0,0,,,,,,,,,,,,
cl5_task1_fold1_seed42_matched_focal_only,CL5,1,1,42,10,validation,2183.78825499909,0.021855745133366498,0.9626736111111112,18432,0.0,0.0,0.0,290596,288866,1132,1146,0.517304189435337,0.3817204301075269,0.43928847641144625,0.7035977105478332,0.6195873292647487,0.5279834489309769,0.24922734186929135,284,265,1437,460,0.7470374813886741,101.48121103097219,2446,0,0,mcc,0.24922734186929135,0.0,0,0,0,0,0,,,,,,,,,,,,
cl5_task1_fold1_seed42_matched_focal_only,CL5,1,1,42,11,validation,2205.828033426893,0.019946437535376598,0.9659830729166666,18432,0.0,0.0,0.0,289702,289755,1174,1151,0.4527272727272727,0.3346774193548387,0.3848531684698609,0.6745707277187244,0.6214328809875794,0.5028726436929842,0.17391862291658278,249,301,1401,495,0.7409248266230046,101.62336387101095,2446,0,0,mcc,0.17391862291658278,0.0,0,0,0,0,0,,,,,,,,,,,,
cl5_task1_fold1_seed42_matched_focal_only,CL5,1,1,42,12,validation,2189.4568681230303,0.020265244323540575,0.9672309027777778,18432,0.0,0.0,0.0,290156,289343,1196,1109,0.46582278481012657,0.4946236559139785,0.47979139504563234,0.6737530662305805,0.604248006772551,0.48176471864547865,0.24269262518370915,368,422,1280,376,0.7181230690853758,101.41157512599602,2446,0,0,mcc,0.24269262518370915,0.0,0,0,0,0,0,,,,,,,,,,,,
cl5_task1_fold1_seed42_tune_mcc_es_pair_local_l005,CL5,1,1,42,0,validation,2204.5153243659297,0.1384184873378034,0.67578125,18432,0.0,0.0,0.0,289840,289646,1110,1122,0.3545816733067729,0.3588709677419355,0.35671342685370744,0.6062959934587081,0.5853336681702741,0.40155059786147107,0.07307851190928788,267,486,1216,477,0.6884818372846953,101.16327148594428,2446,0,1,mcc,0.07307851190928788,0.0,0,0,0,0,0,,,,,,,,,,,,
cl5_task1_fold1_seed42_tune_mcc_es_pair_local_l005,CL5,1,1,42,1,validation,2411.865686362027,0.06612112167820018,0.8759223090277778,18432,0.0,0.0,0.0,289959,289558,1148,1091,0.4155405405405405,0.33064516129032256,0.36826347305389223,0.6549468520032706,0.6210356569753483,0.45369141368932,0.13679374395629285,246,346,1356,498,0.7258711303986217,101.2317796869902,2446,0,1,mcc,0.13679374395629285,0.1354451550622476,2880905,696495,2184410,45178799,1083372,,,,,,,,,,,,
cl5_task1_fold1_seed42_tune_mcc_es_pair_local_l005,CL5,1,1,42,2,validation,2423.578931687982,0.04453612044718616,0.9180772569444444,18432,0.0,0.0,0.0,290222,289201,1144,1185,0.4643835616438356,0.45564516129032256,0.4599728629579376,0.6745707277187244,0.6707486764464323,0.47171347428400257,0.22713918911919828,339,391,1311,405,0.7552872211476811,101.09131058806088,2446,0,1,mcc,0.22713918911919828,0.0848021882825252,2897431,749112,2148319,46267249,1106657,,,,,,,,,,,,
cl5_task1_fold1_seed42_tune_mcc_es_pair_local_l005,CL5,1,1,42,3,validation,2421.0655307649868,0.036903573015318256,0.9342447916666666,18432,0.0,0.0,0.0,290406,289051,1230,1151,0.47332421340629277,0.4650537634408602,0.46915254237288134,0.6798855273916599,0.6830673590841894,0.4828823098184668,0.24004875859028083,346,385,1317,398,0.7627342586792127,100.92698251700494,2446,0,1,mcc,0.24004875859028083,0.07687289816068842,2880997,756783,2124214,46049512,1100118,,,,,,,,,,,,
cl5_task1_fold1_seed42_tune_mcc_es_pair_local_l005,CL5,1,1,42,4,validation,2409.091022150009,0.030287787197116636,0.9471571180555556,18432,0.0,0.0,0.0,290071,289345,1146,1192,0.459546925566343,0.5725806451612904,0.5098743267504489,0.6651676206050695,0.650496569500777,0.47956090393772677,0.26383809669088854,426,501,1201,318,0.7186554181940714,101.40659095509909,2446,0,1,mcc,0.26383809669088854,0.07056353362714102,2874417,759522,2114895,45958715,1112328,,,,,,,,,,,,
cl5_task1_fold1_seed42_tune_mcc_es_pair_local_l005,CL5,1,1,42,5,validation,2416.417102493928,0.029503793351766103,0.94970703125,18432,0.0,0.0,0.0,290203,289243,1156,1162,0.5204402515723271,0.44489247311827956,0.4797101449275362,0.7064595257563369,0.650360739421048,0.5155153267792312,0.2786609511151728,331,305,1397,413,0.7590836976484376,101.03733662096784,2446,0,1,mcc,0.2786609511151728,0.07286178881663741,2874133,758199,2115934,45960211,1103472,,,,,,,,,,,,
cl5_task1_fold1_seed42_tune_mcc_es_pair_local_l005,CL5,1,1,42,6,validation,2408.8116973260185,0.027702584243462884,0.9527452256944444,18432,0.0,0.0,0.0,290482,288964,1167,1162,0.4740990990990991,0.5658602150537635,0.5159313725490197,0.6770237121831562,0.647567535979177,0.4665879308357272,0.2788563446292932,421,467,1235,323,0.7140422830606347,101.4399242720101,2446,0,1,mcc,0.2788563446292932,0.0709549291209647,2873187,762312,2110875,45947961,1107391,,,,,,,,,,,,
cl5_task1_fold1_seed42_tune_mcc_es_pair_local_l005,CL5,1,1,42,7,validation,2410.8734798780642,0.024977270035505064,0.9578450520833334,18432,0.0,0.0,0.0,291006,288418,1242,1184,0.5083333333333333,0.49193548387096775,0.5,0.7007358953393296,0.6499019180470793,0.5026128947864787,0.28662472481479584,366,354,1348,378,0.7472742388494172,100.8581679580966,2446,0,1,mcc,0.28662472481479584,0.06881935869556373,2875538,763773,2111765,45992432,1108675,,,,,,,,,,,,
cl5_task1_fold1_seed42_tune_mcc_es_pair_local_l005,CL5,1,1,42,8,validation,2429.2456679519964,0.02235470975683609,0.9617513020833334,18432,0.0,0.0,0.0,291084,288368,1159,1156,0.45327754532775455,0.4368279569892473,0.44490075290896647,0.6684382665576452,0.6735837345058944,0.46702002423572786,0.20871405441797578,325,392,1310,419,0.7384147629684253,101.1476438009413,2446,0,0,mcc,0.20871405441797578,0.067641989376229,2877762,762225,2115537,46032239,1110027,,,,,,,,,,,,
cl5_task1_fold1_seed42_tune_mcc_es_pair_local_l005,CL5,1,1,42,9,validation,2421.5479186099255,0.020931586594712736,0.9641384548611112,18432,0.0,0.0,0.0,290722,288758,1143,1128,0.45416666666666666,0.43951612903225806,0.44672131147540983,0.6688470973017171,0.6189002817684445,0.4549977249828727,0.2105801615228952,327,393,1309,417,0.71943998545191,101.09029431594536,2446,0,0,mcc,0.2105801615228952,0.06719039002348356,2882518,761693,2120825,46108049,1102967,,,,,,,,,,,,
cl5_task1_fold1_seed42_tune_mcc_es_pair_local_l005,CL5,1,1,42,10,validation,2410.3775492029963,0.020550127812407254,0.9657118055555556,18432,0.0,0.0,0.0,290596,288866,1132,1146,0.4930555555555556,0.4771505376344086,0.4849726775956284,0.6917416189697465,0.6264380614836436,0.4906382366651385,0.2651762582452854,355,365,1337,389,0.7297361353560705,100.83540885697585,2446,0,0,mcc,0.2651762582452854,0.06933675714897773,2881084,765434,2115650,46087025,1081392,,,,,,,,,,,,
cl5_task1_fold1_seed42_tune_mcc_es_pair_local_l005,CL5,1,1,42,11,validation,2410.3516218699515,0.019398644821811768,0.9699435763888888,18432,0.0,0.0,0.0,289702,289755,1174,1151,0.49847560975609756,0.43951612903225806,0.46714285714285714,0.6950122649223222,0.6162579128918539,0.4669909430355691,0.2556823715959011,327,329,1373,417,0.7323323610092469,100.88710632000584,2446,0,0,mcc,0.2556823715959011,0.06860395876496977,2884167,766981,2117186,46137531,1094203,,,,,,,,,,,,
cl5_task1_fold1_seed42_tune_mcc_es_pair_local_l005,CL5,1,1,42,12,validation,2385.5425592490938,0.01703159504577005,0.9747721354166666,18432,0.0,0.0,0.0,290156,289343,1196,1109,0.4831130690161527,0.4422043010752688,0.4617543859649123,0.6864268192968112,0.6441007101070215,0.4930387355749862,0.24160510757745218,329,352,1350,415,0.7383431423740531,101.20343305799179,2446,0,0,mcc,0.24160510757745218,0.06815709888338067,2886042,766460,2119582,46166453,1077741,,,,,,,,,,,,
cl5_task1_fold1_seed42_tune_mcc_es_pair_local_l020,CL5,1,1,42,0,validation,2200.0378972230246,0.1384184873378034,0.67578125,18432,0.0,0.0,0.0,289840,289646,1110,1122,0.3545816733067729,0.3588709677419355,0.35671342685370744,0.6062959934587081,0.5853336681702741,0.40155059786147107,0.07307851190928788,267,486,1216,477,0.6884818372846953,101.1244778590044,2446,0,1,mcc,0.07307851190928788,0.0,0,0,0,0,0,,,,,,,,,,,,
cl5_task1_fold1_seed42_tune_mcc_es_pair_local_l020,CL5,1,1,42,1,validation,2438.013589530019,0.06532247300694584,0.8768988715277778,18432,0.0,0.0,0.0,289959,289558,1148,1091,0.3795731707317073,0.3346774193548387,0.3557142857142857,0.6312346688470973,0.6187486574933981,0.45526960716733456,0.0992212732758183,249,407,1295,495,0.7189424019992926,101.48977555998135,2446,0,1,mcc,0.0992212732758183,0.09360773832405903,2875051,727889,2147162,45812984,1099362,,,,,,,,,,,,
cl5_task1_fold1_seed42_tune_mcc_es_pair_local_l020,CL5,1,1,42,2,validation,2484.2893305950565,0.044025993015392846,0.9203016493055556,18432,0.0,0.0,0.0,290222,289201,1144,1185,0.4116541353383459,0.29435483870967744,0.3432601880877743,0.6573998364677024,0.6555475531632615,0.4470798776295859,0.12317402301330406,219,313,1389,525,0.7471276548091266,102.96629369095899,2446,0,1,mcc,0.12317402301330406,0.05161675301203777,2848908,774739,2074169,45556989,1128088,,,,,,,,,,,,
cl5_task1_fold1_seed42_tune_mcc_es_pair_local_l020,CL5,1,1,42,3,validation,2468.8831148800673,0.03481984463377665,0.9391276041666666,18432,0.0,0.0,0.0,290406,289051,1230,1151,0.5423452768729642,0.4475806451612903,0.49042709867452133,0.7170891251022077,0.6752492324021075,0.49777403570171874,0.2997148092905675,333,281,1421,411,0.7667378248332418,102.94649501994718,2446,0,1,mcc,0.2997148092905675,0.04466398548180391,2833722,779765,2053957,45321991,1124073,,,,,,,,,,,,
cl5_task1_fold1_seed42_tune_mcc_es_pair_local_l020,CL5,1,1,42,4,validation,2463.121817120933,0.027095869129787856,0.9527994791666666,18432,0.0,0.0,0.0,290071,289345,1146,1192,0.426550598476605,0.5268817204301075,0.4714371617558629,0.6406377759607522,0.6394722211692758,0.4650433540795435,0.20636723995291548,392,527,1175,352,0.7121897583051475,101.40272876096424,2446,0,0,mcc,0.20636723995291548,0.04104626470425191,2832017,785169,2046848,45297968,1139345,,,,,,,,,,,,
cl5_task1_fold1_seed42_tune_mcc_es_pair_local_l020,CL5,1,1,42,5,validation,2425.351919681998,0.026574062681637037,0.955078125,18432,0.0,0.0,0.0,290203,289243,1156,1162,0.5218617771509168,0.49731182795698925,0.5092911218169305,0.7085036794766967,0.6338297448921573,0.4921511619191551,0.30231193523192135,370,339,1363,374,0.7419413877781336,101.12655250506941,2446,0,1,mcc,0.30231193523192135,0.04009502884946173,2840779,782306,2058473,45444642,1129785,,,,,,,,,,,,
cl5_task1_fold1_seed42_tune_mcc_es_pair_local_l020,CL5,1,1,42,6,validation,2445.762914403924,0.02321840960557197,0.96240234375,18432,0.0,0.0,0.0,290482,288964,1167,1162,0.5294985250737463,0.4825268817204301,0.5049226441631505,0.7121831561733443,0.6813963332196151,0.5258490989346297,0.30330526960122406,359,319,1383,385,0.7664526795963708,101.25668669492006,2446,0,1,mcc,0.30330526960122406,0.03903028534603356,2840589,781215,2059374,45441293,1129727,,,,,,,,,,,,
cl5_task1_fold1_seed42_tune_mcc_es_pair_local_l020,CL5,1,1,42,7,validation,2437.826941081905,0.022583647616514952,0.9616427951388888,18432,0.0,0.0,0.0,291006,288418,1242,1184,0.47368421052631576,0.4959677419354839,0.48456992777413,0.679067865903516,0.665182012306837,0.5215416440687475,0.25188195693958554,369,410,1292,375,0.7348348196765591,101.62065335700754,2446,0,0,mcc,0.25188195693958554,0.040736589915461,2843838,782646,2061192,45490953,1124097,,,,,,,,,,,,
cl5_task1_fold1_seed42_tune_mcc_es_pair_local_l020,CL5,1,1,42,8,validation,2449.5731433270266,0.018674874669591605,0.9693467881944444,18432,0.0,0.0,0.0,291084,288368,1159,1156,0.5126182965299685,0.4368279569892473,0.4716981132075472,0.7023712183156173,0.6628326257533832,0.49473546760969,0.26801181285581893,325,309,1393,419,0.7529893449949824,101.64730698906351,2446,0,0,mcc,0.26801181285581893,0.03829607431890879,2843766,788621,2055145,45490514,1114104,,,,,,,,,,,,
cl5_task1_fold1_seed42_tune_mcc_es_pair_local_l020,CL5,1,1,42,9,validation,2447.71836768894,0.02129544223852339,0.9661458333333334,18432,0.0,0.0,0.0,290722,288758,1143,1128,0.5220228384991843,0.43010752688172044,0.4716285924834193,0.7068683565004088,0.643480787940816,0.49522548586428433,0.27384340614656844,320,293,1409,424,0.7392821493733156,102.05760233302135,2446,0,0,mcc,0.27384340614656844,0.04131171832115591,2856755,784734,2072021,45699532,1095215,,,,,,,,,,,,
cl5_task1_fold1_seed42_tune_mcc_es_pair_local_l020,CL5,1,1,42,10,validation,2420.280970153981,0.014015915670829875,0.9786783854166666,18432,0.0,0.0,0.0,290596,288866,1132,1146,0.5185185185185185,0.4327956989247312,0.4717948717948718,0.705233033524121,0.668788616807551,0.5119803303551167,0.2717846406630208,322,299,1403,422,0.7539198277228027,101.80036882602144,2446,0,0,mcc,0.2717846406630208,0.036981263247772754,2857476,783737,2073739,45712551,1083530,,,,,,,,,,,,
cl5_task1_fold1_seed42_tune_mcc_es_pair_local_l020,CL5,1,1,42,11,validation,2440.9562702300027,0.011051281676236556,0.9831814236111112,18432,0.0,0.0,0.0,289702,289755,1174,1151,0.5571177504393673,0.4260752688172043,0.48286367098248284,0.722403924775143,0.6573401943317791,0.49457396102592416,0.30272263780437797,317,252,1450,427,0.7569392583816987,101.98806029802654,2446,0,0,mcc,0.30272263780437797,0.03548867853568613,2869338,781067,2088271,45902234,1090437,,,,,,,,,,,,
cl5_task1_fold1_seed42_tune_mcc_es_pair_local_l020_wd001,CL5,1,1,42,0,validation,2212.4097438399913,0.17349697855145982,0.4998914930555556,18432,0.0,0.0,0.0,289840,289646,1110,1122,0.3041700735895339,1.0,0.4664576802507837,0.3041700735895339,0.5,0.3041700735895339,0.0,744,1702,0,0,0.3041700735895339,102.44559262192342,2446,0,1,mcc,0.0,0.0,0,0,0,0,0,,,,,,,,,,,,
cl5_task1_fold1_seed42_tune_mcc_es_pair_local_l020_wd001,CL5,1,1,42,1,validation,2441.0667409870075,0.1733796438549891,0.4938693576388889,18432,0.0,0.0,0.0,289959,289558,1148,1091,0.3041700735895339,1.0,0.4664576802507837,0.3041700735895339,0.5,0.3041700735895339,0.0,744,1702,0,0,0.3041700735895339,102.17265461501665,2446,0,0,mcc,0.0,0.10460041518345188,2815052,696769,2118283,44895170,1115632,,,,,,,,,,,,
cl5_task1_fold1_seed42_tune_mcc_es_pair_local_l020_wd001,CL5,1,1,42,2,validation,2457.0358119970188,0.17335961379932188,0.4969618055555556,18432,0.0,0.0,0.0,290222,289201,1144,1185,0.3041700735895339,1.0,0.4664576802507837,0.3041700735895339,0.5,0.3041700735895339,0.0,744,1702,0,0,0.3041700735895339,102.2406239840202,2446,0,0,mcc,0.0,0.06002273858583239,2939229,738398,2200831,47022138,1087876,,,,,,,,,,,,
cl5_task1_fold1_seed42_tune_mcc_es_pair_local_l020_wd001,CL5,1,1,42,3,validation,2441.8992266609566,0.17334830079036895,0.5016276041666666,18432,0.0,0.0,0.0,290406,289051,1230,1151,0.3041700735895339,1.0,0.4664576802507837,0.3041700735895339,0.5,0.3041700735895339,0.0,744,1702,0,0,0.3041700735895339,102.14055890298914,2446,0,0,mcc,0.0,0.04509687764267826,2956745,745131,2211614,47305071,1061018,,,,,,,,,,,,
cl5_task1_fold1_seed42_tune_mcc_es_pair_local_l020_wd001,CL5,1,1,42,4,validation,2442.773982568062,0.17338671691282392,0.5020073784722222,18432,0.0,0.0,0.0,290071,289345,1146,1192,0.0,0.0,0.0,0.695829926410466,0.5,0.3041700735895339,0.0,0,0,1702,744,0.695829926410466,102.34699996293057,2446,0,0,mcc,0.0,0.03782907291926977,2975291,746336,2228955,47602297,1060563,,,,,,,,,,,,
cl5_task1_fold1_seed42_tune_mcc_es_pair_local_l020_wd001,CL5,1,1,42,5,validation,2444.5238741401117,0.1733325540343584,0.50244140625,18432,0.0,0.0,0.0,290203,289243,1156,1162,0.3041700735895339,1.0,0.4664576802507837,0.3041700735895339,0.5,0.3041700735895339,0.0,744,1702,0,0,0.3041700735895339,102.04469018406235,2446,0,0,mcc,0.0,0.03357772846527294,2984263,747997,2236266,47745938,1042854,,,,,,,,,,,,
cl5_task1_fold1_seed42_tune_mcc_es_pair_local_l020_wd002,CL5,1,1,42,0,validation,2210.636632964015,0.17349894046573253,0.4989149305555556,18432,0.0,0.0,0.0,289840,289646,1110,1122,0.3041700735895339,1.0,0.4664576802507837,0.3041700735895339,0.5,0.3041700735895339,0.0,744,1702,0,0,0.3041700735895339,101.85611225210596,2446,0,1,mcc,0.0,0.0,0,0,0,0,0,,,,,,,,,,,,
cl5_task1_fold1_seed42_tune_mcc_es_pair_local_l020_wd002,CL5,1,1,42,1,validation,2427.226630063029,0.1733814271445024,0.49365234375,18432,0.0,0.0,0.0,289959,289558,1148,1091,0.3041700735895339,1.0,0.4664576802507837,0.3041700735895339,0.5,0.3041700735895339,0.0,744,1702,0,0,0.3041700735895339,102.30753985210322,2446,0,0,mcc,0.0,0.12859178109083225,2696255,676238,2020017,42988955,1097141,,,,,,,,,,,,
cl5_task1_fold1_seed42_tune_mcc_es_pair_local_l020_wd002,CL5,1,1,42,2,validation,2446.4419096460333,0.17335587570172115,0.4976128472222222,18432,0.0,0.0,0.0,290222,289201,1144,1185,0.3041700735895339,1.0,0.4664576802507837,0.3041700735895339,0.5,0.3041700735895339,0.0,744,1702,0,0,0.3041700735895339,101.87172066303901,2446,0,0,mcc,0.0,0.06730065673909708,2952761,733664,2219097,47238443,1102250,,,,,,,,,,,,
cl5_task1_fold1_seed42_tune_mcc_es_pair_local_l020_wd002,CL5,1,1,42,3,validation,2431.4999210420065,0.1733472786905218,0.5016276041666666,18432,0.0,0.0,0.0,290406,289051,1230,1151,0.3041700735895339,1.0,0.4664576802507837,0.3041700735895339,0.5,0.3041700735895339,0.0,744,1702,0,0,0.3041700735895339,102.02235669409856,2446,0,0,mcc,0.0,0.0542083942336412,2969973,741302,2228671,47515518,1052667,,,,,,,,,,,,
cl5_task1_fold1_seed42_tune_mcc_es_pair_local_l020_wd002,CL5,1,1,42,4,validation,2438.4733007790055,0.17339462646972,0.5007052951388888,18432,0.0,0.0,0.0,290071,289345,1146,1192,0.0,0.0,0.0,0.695829926410466,0.5,0.3041700735895339,0.0,0,0,1702,744,0.695829926410466,102.01720393297728,2446,0,0,mcc,0.0,0.04810269164470717,2978119,745457,2232662,47646724,1045406,,,,,,,,,,,,
cl5_task1_fold1_seed42_tune_mcc_es_pair_local_l020_wd002,CL5,1,1,42,5,validation,2431.0201743589714,0.17333305275193803,0.50244140625,18432,0.0,0.0,0.0,290203,289243,1156,1162,0.3041700735895339,1.0,0.4664576802507837,0.3041700735895339,0.5,0.3041700735895339,0.0,744,1702,0,0,0.3041700735895339,102.27945589309093,2446,0,0,mcc,0.0,0.04402138343302529,2978226,746657,2231569,47649041,1015717,,,,,,,,,,,,
cl5_task1_fold1_seed42_tune_mcc_es_pair_local_v1,CL5,1,1,42,0,validation,2201.9363336219685,0.1384184873378034,0.67578125,18432,0.0,0.0,0.0,289840,289646,1110,1122,0.3545816733067729,0.3588709677419355,0.35671342685370744,0.6062959934587081,0.5853336681702741,0.40155059786147107,0.07307851190928788,267,486,1216,477,0.6884818372846953,101.33150457392912,2446,0,1,mcc,0.07307851190928788,0.0,0,0,0,0,0,,,,,,,,,,,,
cl5_task1_fold1_seed42_tune_mcc_es_pair_local_v1,CL5,1,1,42,1,validation,2410.880581102101,0.06660370320936114,0.8743489583333334,18432,0.0,0.0,0.0,289959,289558,1148,1091,0.40210843373493976,0.3588709677419355,0.37926136363636365,0.642681929681112,0.6180805630314746,0.450725691839716,0.1299490847097557,267,397,1305,477,0.7191449788029785,101.3320007090224,2446,0,1,mcc,0.1299490847097557,0.11164962390820993,2893774,714032,2179742,45871557,1088338,,,,,,,,,,,,
cl5_task1_fold1_seed42_tune_mcc_es_pair_local_v1,CL5,1,1,42,2,validation,2417.6896879900014,0.04381199178336854,0.9185655381944444,18432,0.0,0.0,0.0,290222,289201,1144,1185,0.40922619047619047,0.3696236559139785,0.3884180790960452,0.6459525756336877,0.6604595479069533,0.4504383478721102,0.1405462880770799,275,397,1305,469,0.7472225917930321,101.03992481704336,2446,0,1,mcc,0.1405462880770799,0.06482094899263263,2871917,761510,2110407,45919098,1107288,,,,,,,,,,,,
cl5_task1_fold1_seed42_tune_mcc_es_pair_local_v1,CL5,1,1,42,3,validation,2412.6006251549115,0.0360056786891166,0.9368489583333334,18432,0.0,0.0,0.0,290406,289051,1230,1151,0.49129852744310576,0.4932795698924731,0.4922870556673374,0.6905151267375307,0.6573480914294378,0.448027383814547,0.2697078877306454,367,380,1322,377,0.7481618495061604,100.8616961670341,2446,0,1,mcc,0.2697078877306454,0.055514769844013115,2855768,768614,2087154,45668502,1113434,,,,,,,,,,,,
cl5_task1_fold1_seed42_tune_mcc_es_pair_local_v1,CL5,1,1,42,4,validation,2413.507808375056,0.029048352497128657,0.9501410590277778,18432,0.0,0.0,0.0,290071,289345,1146,1192,0.4700854700854701,0.4435483870967742,0.45643153526970953,0.678659035159444,0.655864226779374,0.4830023972435561,0.22880853058025705,330,372,1330,414,0.7460462423340057,100.86524488206487,2446,0,0,mcc,0.22880853058025705,0.053417262619263,2854622,769630,2084992,45656026,1122900,,,,,,,,,,,,
cl5_task1_fold1_seed42_tune_mcc_es_pair_local_v1,CL5,1,1,42,5,validation,2415.2870653970167,0.02731415291460579,0.9539388020833334,18432,0.0,0.0,0.0,290203,289243,1156,1162,0.5104602510460251,0.49193548387096775,0.5010266940451745,0.7019623875715454,0.6281051387993883,0.4970934884605961,0.28875588071896435,366,351,1351,378,0.7351643412677029,101.06457273394335,2446,0,1,mcc,0.28875588071896435,0.05431380753989442,2858130,767617,2090513,45715083,1113169,,,,,,,,,,,,
cl5_task1_fold1_seed42_tune_mcc_es_pair_local_v1,CL5,1,1,42,6,validation,2415.0763079300523,0.02451356242241588,0.9586046006944444,18432,0.0,0.0,0.0,290482,288964,1167,1162,0.45036319612590797,0.5,0.47388535031847134,0.6623058053965658,0.668182909417131,0.5380426593498053,0.22690792572359048,372,454,1248,372,0.7401731864528935,100.90072983806022,2446,0,0,mcc,0.22690792572359048,0.0522462876710938,2858855,772203,2086652,45728177,1117893,,,,,,,,,,,,
cl5_task1_fold1_seed42_tune_mcc_es_pair_local_v1,CL5,1,1,42,7,validation,2419.2350287619047,0.022931462320244348,0.96240234375,18432,0.0,0.0,0.0,291006,288418,1242,1184,0.4842105263157895,0.4946236559139785,0.48936170212765956,0.6860179885527392,0.6674271571711965,0.5183363564673644,0.26274733175439585,368,392,1310,376,0.749802270331056,101.28054861305282,2446,0,0,mcc,0.26274733175439585,0.050643438609571406,2865547,769621,2095926,45837937,1118649,,,,,,,,,,,,
cl5_task1_fold1_seed42_tune_mcc_es_pair_local_v1,CL5,1,1,42,8,validation,2432.87801000895,0.01999937234530249,0.9675021701388888,18432,0.0,0.0,0.0,291084,288368,1159,1156,0.49928469241773965,0.46908602150537637,0.4837144837144837,0.6954210956663941,0.6799811733191816,0.5427498847991212,0.2682700265620666,349,350,1352,395,0.7631788579348264,100.81055138097145,2446,0,0,mcc,0.2682700265620666,0.05093026628279678,2868841,771232,2097609,45888389,1113451,,,,,,,,,,,,
cl5_task1_fold1_seed42_tune_mcc_es_pair_local_v1,CL5,1,1,42,9,validation,2417.0009860990103,0.018198972896927366,0.9697808159722222,18432,0.0,0.0,0.0,290722,288758,1143,1128,0.5105782792665726,0.48655913978494625,0.49827942188575364,0.7019623875715454,0.6930327066196631,0.5222662748054363,0.28664236204288374,362,347,1355,382,0.7675984419637516,100.92489724303596,2446,0,0,mcc,0.28664236204288374,0.04936542172483317,2870078,770558,2099520,45910088,1112070,,,,,,,,,,,,
cl5_task1_fold1_seed42_tune_mcc_es_pair_local_v1,CL5,1,1,42,10,validation,2406.4615956990747,0.01563480060987365,0.9750434027777778,18432,0.0,0.0,0.0,290596,288866,1132,1146,0.5134680134680135,0.4099462365591398,0.45590433482810166,0.7023712183156173,0.7098724776670078,0.5348377635544148,0.2576486622999424,305,289,1413,439,0.7831341773810631,100.83675210701767,2446,0,0,mcc,0.2576486622999424,0.04929044317321624,2875446,769585,2105861,45997037,1093284,,,,,,,,,,,,
cl5_task2_fold1_seed42_task2_full_mcc_e11_pair_local_l010,CL5,2,1,42,0,fixed_epoch_full_train,942.4123046830064,0.08153990848729983,0.8391020569620253,10112,0.0,0.0,0.0,159002,158968,785,558,,,,,,,,,,,,,,,,1,mcc,0.0,0.0,0,0,0,0,0,,,,,,,,,,,,
cl5_task2_fold1_seed42_task2_full_mcc_e11_pair_local_l010,CL5,2,1,42,1,fixed_epoch_full_train,1044.71387562796,0.020016981224184847,0.9751780063291139,10112,0.0,0.0,0.0,159666,158243,792,619,,,,,,,,,,,,,,,,1,mcc,1.0,0.1462278318733435,789275,262491,526784,11527549,126823,,,,,,,,,,,,
cl5_task2_fold1_seed42_task2_full_mcc_e11_pair_local_l010,CL5,2,1,42,2,fixed_epoch_full_train,1058.3987907940755,0.013475576851839751,0.9859572784810127,10112,0.0,0.0,0.0,159817,158163,798,548,,,,,,,,,,,,,,,,1,mcc,2.0,0.08935410972605232,799009,279622,519387,12390386,137205,,,,,,,,,,,,
cl5_task2_fold1_seed42_task2_full_mcc_e11_pair_local_l010,CL5,2,1,42,3,fixed_epoch_full_train,1051.2366438530153,0.008629236486339384,0.9907041139240507,10112,0.0,0.0,0.0,159348,158602,822,578,,,,,,,,,,,,,,,,1,mcc,3.0,0.06374669185287378,766176,285968,480208,12019229,139766,,,,,,,,,,,,
cl5_task2_fold1_seed42_task2_full_mcc_e11_pair_local_l010,CL5,2,1,42,4,fixed_epoch_full_train,1046.0471757670166,0.005940257518266359,0.9933742088607594,10112,0.0,0.0,0.0,158678,159247,839,603,,,,,,,,,,,,,,,,1,mcc,4.0,0.053024353576236326,762267,286972,475295,11980935,146538,,,,,,,,,,,,
cl5_task2_fold1_seed42_task2_full_mcc_e11_pair_local_l010,CL5,2,1,42,5,fixed_epoch_full_train,1064.6867237370461,0.0065884343549108,0.9923852848101266,10112,0.0,0.0,0.0,159579,158366,741,583,,,,,,,,,,,,,,,,1,mcc,5.0,0.04742896887509298,761308,286703,474605,11990605,144219,,,,,,,,,,,,
cl5_task2_fold1_seed42_task2_full_mcc_e11_pair_local_l010,CL5,2,1,42,6,fixed_epoch_full_train,1065.7112754689297,0.004610710525489638,0.9951542721518988,10112,0.0,0.0,0.0,158767,159190,853,571,,,,,,,,,,,,,,,,1,mcc,6.0,0.04525637250830615,760172,287321,472851,11983314,149466,,,,,,,,,,,,
cl5_task2_fold1_seed42_task2_full_mcc_e11_pair_local_l010,CL5,2,1,42,7,fixed_epoch_full_train,1036.0317155969096,0.004063295647076554,0.9967365506329114,10112,0.0,0.0,0.0,159337,158592,794,599,,,,,,,,,,,,,,,,1,mcc,7.0,0.03819403110060906,759276,288152,471124,11986362,142475,,,,,,,,,,,,
cl5_task2_fold1_seed42_task2_full_mcc_e11_pair_local_l010,CL5,2,1,42,8,fixed_epoch_full_train,1057.3271097739926,0.0036745629222954524,0.9963409810126582,10112,0.0,0.0,0.0,158940,158993,798,595,,,,,,,,,,,,,,,,1,mcc,8.0,0.03665202315561241,764790,287440,477350,12078798,146263,,,,,,,,,,,,
cl5_task2_fold1_seed42_task2_full_mcc_e11_pair_local_l010,CL5,2,1,42,9,fixed_epoch_full_train,1048.026717938017,0.0032824679239211616,0.9958465189873418,10112,0.0,0.0,0.0,158940,159005,786,583,,,,,,,,,,,,,,,,1,mcc,9.0,0.035695192740196266,764066,286871,477195,12078781,147985,,,,,,,,,,,,
cl5_task2_fold1_seed42_task2_full_mcc_e11_pair_local_l010,CL5,2,1,42,10,fixed_epoch_full_train,1062.2151209700387,0.004323239969090333,0.9944620253164557,10112,0.0,0.0,0.0,159309,158654,818,565,,,,,,,,,,,,,,,,1,mcc,10.0,0.03475073864310687,767049,286204,480845,12133806,149339,,,,,,,,,,,,
cl5_task2_fold1_seed42_task2_legacy_test_f1_matched_focal,CL5,2,1,42,0,test_legacy,969.8240350210108,0.08153990848729983,0.8391020569620253,10112,0.0,0.0,0.0,159002,158968,785,558,0.621272365805169,0.7961783439490446,0.6979341150195422,0.8073361823361823,0.897925449685307,0.7769764628183156,0.5689166625545964,625,381,1642,160,0.9093811890731406,100.47290491801687,2808,0,1,f1,0.6979341150195422,0.0,0,0,0,0,0,,,,,,,,,,,,
cl5_task2_fold1_seed42_task2_legacy_test_f1_matched_focal,CL5,2,1,42,1,test_legacy,922.8892533769831,0.020801980412161237,0.9730023734177216,10112,0.0,0.0,0.0,159666,158243,792,619,0.726890756302521,0.6611464968152866,0.6924616410940627,0.8358262108262108,0.9020814770269292,0.7984698769832185,0.5820434537084325,519,195,1828,266,0.9217078442950949,100.7393495059805,2808,0,0,f1,0.6924616410940627,0.0,0,0,0,0,0,,,,,,,,,,,,
cl5_task2_fold1_seed42_task2_legacy_test_f1_matched_focal,CL5,2,1,42,2,test_legacy,933.9977786359377,0.013896378910608067,0.9840783227848101,10112,0.0,0.0,0.0,159817,158163,798,548,0.6374407582938388,0.6853503184713375,0.6605279312461633,0.8030626780626781,0.8799770788795098,0.7670782035854348,0.5227633113421496,538,306,1717,247,0.9035736063424809,100.54160752892494,2808,0,0,f1,0.6605279312461633,0.0,0,0,0,0,0,,,,,,,,,,,,
cl5_task2_fold1_seed42_task2_legacy_test_f1_matched_focal,CL5,2,1,42,3,test_legacy,932.082185495994,0.00809613660425348,0.991495253164557,10112,0.0,0.0,0.0,159348,158602,822,578,0.7072135785007072,0.6369426751592356,0.6702412868632708,0.8247863247863247,0.8811225052029054,0.763828070058656,0.5527830847117315,500,207,1816,285,0.9073430435832501,100.74169882200658,2808,0,0,f1,0.6702412868632708,0.0,0,0,0,0,0,,,,,,,,,,,,
cl5_task2_fold1_seed42_task2_legacy_test_f1_matched_focal,CL5,2,1,42,4,test_legacy,935.5449183229357,0.006494118275735155,0.9934731012658228,10112,0.0,0.0,0.0,158678,159247,839,603,0.7540983606557377,0.6445859872611465,0.695054945054945,0.8418803418803419,0.8857703291132865,0.7931566780333612,0.5925105920576273,506,165,1858,279,0.9099049774352481,100.36208046099637,2808,0,0,f1,0.695054945054945,0.0,0,0,0,0,0,,,,,,,,,,,,
cl5_task2_fold1_seed42_task2_legacy_test_f1_matched_focal,CL5,2,1,42,5,test_legacy,935.9049200729933,0.006153235166720629,0.9939675632911392,10112,0.0,0.0,0.0,159579,158366,741,583,0.6840052015604682,0.6700636942675159,0.676962676962677,0.8212250712250713,0.8899452474882796,0.7906627272035232,0.5534524204334039,526,243,1780,259,0.9124659600977265,102.26691382098943,2808,0,0,f1,0.676962676962677,0.0,0,0,0,0,0,,,,,,,,,,,,
cl5_task2_fold1_seed42_task2_legacy_test_f1_pair_local_l010,CL5,2,1,42,0,test_legacy,966.114316033083,0.08153990848729983,0.8391020569620253,10112,0.0,0.0,0.0,159002,158968,785,558,0.621272365805169,0.7961783439490446,0.6979341150195422,0.8073361823361823,0.897925449685307,0.7769764628183156,0.5689166625545964,625,381,1642,160,0.9093811890731406,100.69076884305105,2808,0,1,f1,0.6979341150195422,0.0,0,0,0,0,0,,,,,,,,,,,,
cl5_task2_fold1_seed42_task2_legacy_test_f1_pair_local_l010,CL5,2,1,42,1,test_legacy,1057.094457336003,0.020016981224184847,0.9751780063291139,10112,0.0,0.0,0.0,159666,158243,792,619,0.7168367346938775,0.7159235668789808,0.7163798597833014,0.8415242165242165,0.8965911130282012,0.7960701990969701,0.6064221653759577,562,222,1801,223,0.9216157691496011,100.56855446600821,2808,0,1,f1,0.7163798597833014,0.1462278318733435,789275,262491,526784,11527549,126823,,,,,,,,,,,,
cl5_task2_fold1_seed42_task2_legacy_test_f1_pair_local_l010,CL5,2,1,42,2,test_legacy,1066.9495404210174,0.013475576851839751,0.9859572784810127,10112,0.0,0.0,0.0,159817,158163,798,548,0.7103896103896103,0.6968152866242038,0.7035369774919614,0.8358262108262108,0.8874440746699579,0.7894455737074817,0.5900852498871496,547,223,1800,238,0.9120924596797103,100.93386442691553,2808,0,0,f1,0.7035369774919614,0.08935410972605232,799009,279622,519387,12390386,137205,,,,,,,,,,,,
cl5_task2_fold1_seed42_task2_legacy_test_f1_pair_local_l010,CL5,2,1,42,3,test_legacy,1072.1392656220123,0.008629236486339384,0.9907041139240507,10112,0.0,0.0,0.0,159348,158602,822,578,0.7373887240356083,0.6331210191082802,0.6812885538039753,0.8344017094017094,0.8859264949891534,0.7852860698754693,0.5733259832669976,497,177,1846,288,0.915366834481863,100.93074051500298,2808,0,0,f1,0.6812885538039753,0.06374669185287378,766176,285968,480208,12019229,139766,,,,,,,,,,,,
cl5_task2_fold1_seed42_task2_legacy_test_f1_pair_local_l010,CL5,2,1,42,4,test_legacy,1062.981181618059,0.005940257518266359,0.9933742088607594,10112,0.0,0.0,0.0,158678,159247,839,603,0.7097661623108665,0.6573248407643312,0.6825396825396826,0.8290598290598291,0.8768713929933158,0.7893471166746618,0.5665963031808343,516,211,1812,269,0.9078845240704215,100.97050635691267,2808,0,0,f1,0.6825396825396826,0.053024353576236326,762267,286972,475295,11980935,146538,,,,,,,,,,,,
cl5_task2_fold1_seed42_task2_legacy_test_f1_pair_local_l010,CL5,2,1,42,5,test_legacy,1069.5881226280471,0.0065884343549108,0.9923852848101266,10112,0.0,0.0,0.0,159579,158366,741,583,0.6997389033942559,0.6828025477707006,0.6911669890393295,0.8294159544159544,0.8976779771481467,0.8143418053631675,0.5734383604929366,536,230,1793,249,0.9233090133196971,100.3863384029828,2808,0,0,f1,0.6911669890393295,0.04742896887509298,761308,286703,474605,11990605,144219,,,,,,,,,,,,
cl5_task2_fold1_seed42_task2_legacy_test_f1_pair_local_l010,CL5,2,1,42,6,test_legacy,1068.0814090169733,0.004610710525489638,0.9951542721518988,10112,0.0,0.0,0.0,158767,159190,853,571,0.7626628075253257,0.6713375796178344,0.7140921409214093,0.8497150997150997,0.8934766113264339,0.8159156621949017,0.6150124733633351,527,164,1859,258,0.9231144633566286,100.41542785591446,2808,0,0,f1,0.7140921409214093,0.04525637250830615,760172,287321,472851,11983314,149466,,,,,,,,,,,,
cl5_task2_fold1_seed42_task2_matched_focal_full_mcc_e15,CL5,2,1,42,0,fixed_epoch_full_train,936.6966960889986,0.08153990848729983,0.8391020569620253,10112,0.0,0.0,0.0,159002,158968,785,558,,,,,,,,,,,,,,,,1,mcc,0.0,0.0,0,0,0,0,0,,,,,,,,,,,,
cl5_task2_fold1_seed42_task2_matched_focal_full_mcc_e15,CL5,2,1,42,1,fixed_epoch_full_train,916.7241941950051,0.020801980412161237,0.9730023734177216,10112,0.0,0.0,0.0,159666,158243,792,619,,,,,,,,,,,,,,,,1,mcc,1.0,0.0,0,0,0,0,0,,,,,,,,,,,,
cl5_task2_fold1_seed42_task2_matched_focal_full_mcc_e15,CL5,2,1,42,2,fixed_epoch_full_train,929.3387061930262,0.013896378910608067,0.9840783227848101,10112,0.0,0.0,0.0,159817,158163,798,548,,,,,,,,,,,,,,,,1,mcc,2.0,0.0,0,0,0,0,0,,,,,,,,,,,,
cl5_task2_fold1_seed42_task2_matched_focal_full_mcc_e15,CL5,2,1,42,3,fixed_epoch_full_train,916.116248323,0.00809613660425348,0.991495253164557,10112,0.0,0.0,0.0,159348,158602,822,578,,,,,,,,,,,,,,,,1,mcc,3.0,0.0,0,0,0,0,0,,,,,,,,,,,,
cl5_task2_fold1_seed42_task2_matched_focal_full_mcc_e15,CL5,2,1,42,4,fixed_epoch_full_train,924.5835904679261,0.006494118275735155,0.9934731012658228,10112,0.0,0.0,0.0,158678,159247,839,603,,,,,,,,,,,,,,,,1,mcc,4.0,0.0,0,0,0,0,0,,,,,,,,,,,,
cl5_task2_fold1_seed42_task2_matched_focal_full_mcc_e15,CL5,2,1,42,5,fixed_epoch_full_train,928.3196799620055,0.006153235166720629,0.9939675632911392,10112,0.0,0.0,0.0,159579,158366,741,583,,,,,,,,,,,,,,,,1,mcc,5.0,0.0,0,0,0,0,0,,,,,,,,,,,,
cl5_task2_fold1_seed42_task2_matched_focal_full_mcc_e15,CL5,2,1,42,6,fixed_epoch_full_train,927.9386176939588,0.005823538357773964,0.9936708860759493,10112,0.0,0.0,0.0,158767,159190,853,571,,,,,,,,,,,,,,,,1,mcc,6.0,0.0,0,0,0,0,0,,,,,,,,,,,,
cl5_task2_fold1_seed42_task2_matched_focal_full_mcc_e15,CL5,2,1,42,7,fixed_epoch_full_train,918.2822081299964,0.005087650661452062,0.9955498417721519,10112,0.0,0.0,0.0,159337,158592,794,599,,,,,,,,,,,,,,,,1,mcc,7.0,0.0,0,0,0,0,0,,,,,,,,,,,,
cl5_task2_fold1_seed42_task2_matched_focal_full_mcc_e15,CL5,2,1,42,8,fixed_epoch_full_train,923.9438040219247,0.005675289565908437,0.993868670886076,10112,0.0,0.0,0.0,158940,158993,798,595,,,,,,,,,,,,,,,,1,mcc,8.0,0.0,0,0,0,0,0,,,,,,,,,,,,
cl5_task2_fold1_seed42_task2_matched_focal_full_mcc_e15,CL5,2,1,42,9,fixed_epoch_full_train,918.1825853249757,0.003451737923920716,0.9964398734177216,10112,0.0,0.0,0.0,158940,159005,786,583,,,,,,,,,,,,,,,,1,mcc,9.0,0.0,0,0,0,0,0,,,,,,,,,,,,
cl5_task2_fold1_seed42_task2_matched_focal_full_mcc_e15,CL5,2,1,42,10,fixed_epoch_full_train,915.4782908980269,0.0029831592018612118,0.9972310126582279,10112,0.0,0.0,0.0,159309,158654,818,565,,,,,,,,,,,,,,,,1,mcc,10.0,0.0,0,0,0,0,0,,,,,,,,,,,,
cl5_task2_fold1_seed42_task2_matched_focal_full_mcc_e15,CL5,2,1,42,11,fixed_epoch_full_train,923.4961042919895,0.002734525772662192,0.9977254746835443,10112,0.0,0.0,0.0,159274,158704,879,550,,,,,,,,,,,,,,,,1,mcc,11.0,0.0,0,0,0,0,0,,,,,,,,,,,,
cl5_task2_fold1_seed42_task2_matched_focal_full_mcc_e15,CL5,2,1,42,12,fixed_epoch_full_train,929.1005969010293,0.0035151443731092006,0.9968354430379747,10112,0.0,0.0,0.0,159309,158649,793,570,,,,,,,,,,,,,,,,1,mcc,12.0,0.0,0,0,0,0,0,,,,,,,,,,,,
cl5_task2_fold1_seed42_task2_matched_focal_full_mcc_e15,CL5,2,1,42,13,fixed_epoch_full_train,930.2375469739782,0.0027536246623678586,0.997626582278481,10112,0.0,0.0,0.0,158855,159084,816,589,,,,,,,,,,,,,,,,1,mcc,13.0,0.0,0,0,0,0,0,,,,,,,,,,,,
cl5_task2_fold1_seed42_task2_matched_focal_full_mcc_e15,CL5,2,1,42,14,fixed_epoch_full_train,923.1792123439955,0.002890842558530097,0.9979232594936709,10112,0.0,0.0,0.0,159088,158827,813,613,,,,,,,,,,,,,,,,1,mcc,14.0,0.0,0,0,0,0,0,,,,,,,,,,,,
cl5_task2_fold1_seed42_task2_matched_focal_only,CL5,2,1,42,0,validation,808.5065392469987,0.0735920544166428,0.8662180656934306,8768,0.0,0.0,0.0,138432,137173,842,587,0.7138888888888889,0.77526395173454,0.7433116413593637,0.8333333333333334,0.9092133523746659,0.8385888848770497,0.6213856260817616,514,206,1261,149,0.923196676144504,91.77906495006755,2130,0,1,mcc,0.6213856260817616,0.0,0,0,0,0,0,,,,,,,,,,,,
cl5_task2_fold1_seed42_task2_matched_focal_only,CL5,2,1,42,1,validation,796.1068503370043,0.018558004477007502,0.9762773722627737,8768,0.0,0.0,0.0,137643,138003,853,546,0.7405966277561609,0.861236802413273,0.796373779637378,0.8629107981220657,0.9294699579795213,0.874222934050243,0.698418106970615,571,200,1267,92,0.9375895435209063,91.99299988197163,2130,0,1,mcc,0.698418106970615,0.0,0,0,0,0,0,,,,,,,,,,,,
cl5_task2_fold1_seed42_task2_matched_focal_only,CL5,2,1,42,2,validation,804.3570298459381,0.01467763484718028,0.983690693430657,8768,0.0,0.0,0.0,138143,137476,804,573,0.7971223021582734,0.8355957767722474,0.8159057437407953,0.8826291079812206,0.9431957566205129,0.9061659436685731,0.7302652571335781,554,141,1326,109,0.9536805968833345,91.46049837092869,2130,0,1,mcc,0.7302652571335781,0.0,0,0,0,0,0,,,,,,,,,,,,
cl5_task2_fold1_seed42_task2_matched_focal_only,CL5,2,1,42,3,validation,806.5316930089612,0.008658262117372098,0.9912180656934306,8768,0.0,0.0,0.0,138354,137290,830,548,0.7628458498023716,0.8733031674208145,0.8143459915611815,0.8760563380281691,0.9377691824461943,0.9052743728917797,0.7256763231780866,579,180,1287,84,0.9446348828495228,91.67167293000966,2130,0,0,mcc,0.7256763231780866,0.0,0,0,0,0,0,,,,,,,,,,,,
cl5_task2_fold1_seed42_task2_matched_focal_only,CL5,2,1,42,4,validation,797.9189354990376,0.008462855536092235,0.9903056569343066,8768,0.0,0.0,0.0,137646,137976,796,570,0.7658730158730159,0.8733031674208145,0.8160676532769556,0.8774647887323944,0.947132541863686,0.9096294591158687,0.7282993353971013,579,177,1290,84,0.9517752209658578,92.02619039500132,2130,0,0,mcc,0.7282993353971013,0.0,0,0,0,0,0,,,,,,,,,,,,
cl5_task2_fold1_seed42_task2_matched_focal_only,CL5,2,1,42,5,validation,809.6491345210234,0.005705480008634495,0.9939552919708029,8768,0.0,0.0,0.0,137922,137671,791,599,0.862776025236593,0.8250377073906485,0.843484965304549,0.9046948356807512,0.9480918055439889,0.9177659774856146,0.7754231480227155,547,87,1380,116,0.9580680640966298,92.62400644994341,2130,0,1,mcc,0.7754231480227155,0.0,0,0,0,0,0,,,,,,,,,,,,
cl5_task2_fold1_seed42_task2_matched_focal_only,CL5,2,1,42,6,validation,800.7599266510224,0.00631433674868303,0.9919023722627737,8768,0.0,0.0,0.0,137695,137935,795,562,0.8782051282051282,0.8265460030165912,0.8515928515928516,0.9103286384976526,0.9445673083349013,0.9190693681030224,0.7881752493092168,548,76,1391,115,0.9563509224360246,91.49594223801978,2130,0,1,mcc,0.7881752493092168,0.0,0,0,0,0,0,,,,,,,,,,,,
cl5_task2_fold1_seed42_task2_matched_focal_only,CL5,2,1,42,7,validation,801.9623384760926,0.005469342152527386,0.9949817518248175,8768,0.0,0.0,0.0,138356,137268,811,568,0.924812030075188,0.7420814479638009,0.8234309623430962,0.9009389671361502,0.949561031480916,0.9234965048516081,0.7645769918433597,492,40,1427,171,0.959298860455377,93.05658503901213,2130,0,0,mcc,0.7645769918433597,0.0,0,0,0,0,0,,,,,,,,,,,,
cl5_task2_fold1_seed42_task2_matched_focal_only,CL5,2,1,42,8,validation,808.8965820119483,0.004554086227380806,0.9945255474452555,8768,0.0,0.0,0.0,137886,137725,839,581,0.8492935635792779,0.8159879336349924,0.8323076923076923,0.8976525821596244,0.9441159506118005,0.9098442130291222,0.7590158132671431,541,96,1371,122,0.9540871520201017,91.70799540705048,2130,0,0,mcc,0.7590158132671431,0.0,0,0,0,0,0,,,,,,,,,,,,
cl5_task2_fold1_seed42_task2_matched_focal_only,CL5,2,1,42,9,validation,811.1201725170249,0.004301829767240015,0.995780109489051,8768,0.0,0.0,0.0,138489,137133,877,570,0.8662519440124417,0.8401206636500754,0.8529862174578867,0.9098591549295775,0.9519669018045056,0.928102147659432,0.7882037777551436,557,86,1381,106,0.9618580969384382,91.86413955700118,2130,0,1,mcc,0.7882037777551436,0.0,0,0,0,0,0,,,,,,,,,,,,
cl5_task2_fold1_seed42_task2_matched_focal_only,CL5,2,1,42,10,validation,800.349191640038,0.00407788964880292,0.9952098540145985,8768,0.0,0.0,0.0,137913,137732,809,547,0.8947368421052632,0.6410256410256411,0.7469244288224957,0.8647887323943662,0.9440707120245193,0.9030137447677892,0.67510846076115,425,50,1417,238,0.9475988009433755,91.81065806408878,2130,0,0,mcc,0.67510846076115,0.0,0,0,0,0,0,,,,,,,,,,,,
cl5_task2_fold1_seed42_task2_matched_focal_only,CL5,2,1,42,11,validation,801.6972434730269,0.005506438857156914,0.9946395985401459,8768,0.0,0.0,0.0,138353,137251,785,588,0.8328313253012049,0.8340874811463047,0.8334589299171062,0.896244131455399,0.9472353568347794,0.9205609262199307,0.7581099746395079,553,111,1356,110,0.9579358152042143,91.74271543405484,2130,0,0,mcc,0.7581099746395079,0.0,0,0,0,0,0,,,,,,,,,,,,
cl5_task2_fold1_seed42_task2_matched_focal_only,CL5,2,1,42,12,validation,809.5376267730026,0.0030407314207357644,0.9969206204379562,8768,0.0,0.0,0.0,138552,137059,806,581,0.9178832116788321,0.7586726998491704,0.8307184145334434,0.903755868544601,0.9497286198837984,0.9275784486395704,0.7710959124182831,503,45,1422,160,0.9595051687275453,91.38879318500403,2130,0,0,mcc,0.7710959124182831,0.0,0,0,0,0,0,,,,,,,,,,,,
cl5_task2_fold1_seed42_task2_matched_focal_only,CL5,2,1,42,13,validation,802.343772200984,0.0028926142682652125,0.9968065693430657,8768,0.0,0.0,0.0,137927,137674,806,591,0.8954703832752613,0.77526395173454,0.8310428455941795,0.9018779342723005,0.9482563094977385,0.9229685397837066,0.7663418617389374,514,60,1407,149,0.9576444268112587,91.57802429795265,2130,0,0,mcc,0.7663418617389374,0.0,0,0,0,0,0,,,,,,,,,,,,
cl5_task2_fold1_seed42_task2_matched_focal_only,CL5,2,1,42,14,validation,809.5399310139474,0.0032629657108422185,0.9966925182481752,8768,0.0,0.0,0.0,137702,137952,805,538,0.9242174629324547,0.8461538461538461,0.8834645669291339,0.9305164319248826,0.9538658943206038,0.9382570366158254,0.8357514224905317,561,46,1421,102,0.964342171967643,91.6969774600584,2130,0,1,mcc,0.8357514224905317,0.0,0,0,0,0,0,,,,,,,,,,,,
cl5_task2_fold1_seed42_task2_matched_focal_only,CL5,2,1,42,15,validation,807.0849231129978,0.002871310038578761,0.9973768248175182,8768,0.0,0.0,0.0,138570,137045,857,577,0.8351145038167939,0.8250377073906485,0.8300455235204856,0.8948356807511737,0.9331877473342649,0.9037121828974515,0.7539400236082882,547,108,1359,116,0.947019771209416,91.69524394907057,2130,0,0,mcc,0.7539400236082882,0.0,0,0,0,0,0,,,,,,,,,,,,
cl5_task2_fold1_seed42_task2_matched_focal_only,CL5,2,1,42,16,validation,807.4803077940596,0.00262576075542947,0.9977189781021898,8768,0.0,0.0,0.0,138351,137249,825,592,0.8787878787878788,0.7873303167420814,0.8305489260143198,0.9,0.9506231101323126,0.927987860609344,0.7622312975378254,522,72,1395,141,0.9621003328263793,91.77683065400925,2130,0,0,mcc,0.7622312975378254,0.0,0,0,0,0,0,,,,,,,,,,,,
cl5_task2_fold1_seed42_task2_matched_focal_only,CL5,2,1,42,17,validation,807.0238056769595,0.0044254283712792065,0.9953239051094891,8768,0.0,0.0,0.0,138395,137220,805,577,0.8450920245398773,0.8310708898944194,0.838022813688213,0.9,0.9420082437043823,0.9132602325041349,0.7657602154650403,551,101,1366,112,0.952932839604135,91.34911785891745,2130,0,0,mcc,0.7657602154650403,0.0,0,0,0,0,0,,,,,,,,,,,,
cl5_task2_fold1_seed42_task2_matched_focal_only,CL5,2,1,42,18,validation,801.7280807289062,0.0037215332979988955,0.9973768248175182,8768,0.0,0.0,0.0,138146,137454,839,592,0.8753993610223643,0.8265460030165912,0.8502715283165244,0.9093896713615024,0.9352635816006439,0.9059251071774996,0.7860525446503067,548,78,1389,115,0.9507322180343406,91.56063602701761,2130,0,0,mcc,0.7860525446503067,0.0,0,0,0,0,0,,,,,,,,,,,,
cl5_task2_fold1_seed42_task2_matched_focal_only,CL5,2,1,42,19,validation,808.3378283759812,0.0022637117784590995,0.9977189781021898,8768,0.0,0.0,0.0,137904,137754,818,534,0.8740399385560675,0.8582202111613876,0.8660578386605784,0.9173708920187793,0.9463048813463826,0.9199657243852789,0.8063933321520944,569,82,1385,94,0.9578350856311577,91.6634447510587,2130,0,0,mcc,0.8063933321520944,0.0,0,0,0,0,0,,,,,,,,,,,,
cl5_task2_fold1_seed42_task2_tune_pair_local_l005,CL5,2,1,42,0,validation,809.0426918979501,0.0735920544166428,0.8662180656934306,8768,0.0,0.0,0.0,138432,137173,842,587,0.7138888888888889,0.77526395173454,0.7433116413593637,0.8333333333333334,0.9092133523746659,0.8385888848770497,0.6213856260817616,514,206,1261,149,0.923196676144504,91.92236663203221,2130,0,1,mcc,0.6213856260817616,0.0,0,0,0,0,0,,,,,,,,,,,,
cl5_task2_fold1_seed42_task2_tune_pair_local_l005,CL5,2,1,42,1,validation,911.4466441579862,0.01895083048507071,0.9774178832116789,8768,0.0,0.0,0.0,137643,138003,853,546,0.7688172043010753,0.8627450980392157,0.8130774697938877,0.8765258215962441,0.9341850525538724,0.8855368137993782,0.7240204177552907,572,172,1295,91,0.9441030218871918,91.62831272697076,2130,0,1,mcc,0.7240204177552907,0.16459130166584104,644289,210216,434073,8652404,101835,,,,,,,,,,,,
cl5_task2_fold1_seed42_task2_tune_pair_local_l005,CL5,2,1,42,2,validation,919.7706081389915,0.012110944861703409,0.9860857664233577,8768,0.0,0.0,0.0,138143,137476,804,573,0.8444767441860465,0.8763197586726998,0.8601036269430051,0.9112676056338028,0.9557371267945068,0.9401913348237119,0.7954574530513626,581,107,1360,82,0.9655317507549207,91.92907575389836,2130,0,1,mcc,0.7954574530513626,0.1313016363729219,721551,241059,480492,10675397,103968,,,,,,,,,,,,
cl5_task2_fold1_seed42_task2_tune_pair_local_l005,CL5,2,1,42,3,validation,921.0507759400643,0.007059391455128174,0.9929288321167883,8768,0.0,0.0,0.0,138354,137290,830,548,0.8224852071005917,0.8386123680241327,0.830470500373413,0.8934272300469484,0.9481617197243325,0.9194761740799706,0.7528435352141732,556,120,1347,107,0.9576118054177963,92.14272098301444,2130,0,0,mcc,0.7528435352141732,0.10939527488397846,705815,244178,461637,10768624,106249,,,,,,,,,,,,
cl5_task2_fold1_seed42_task2_tune_pair_local_l005,CL5,2,1,42,4,validation,890.9813815649832,0.00923864341684231,0.9915602189781022,8768,0.0,0.0,0.0,137646,137976,796,570,0.7834757834757835,0.8295625942684767,0.8058608058608059,0.8755868544600939,0.9423382797615926,0.9124512721843144,0.7150653579249541,550,152,1315,113,0.9516235755692213,91.88635412696749,2130,0,0,mcc,0.7150653579249541,0.10382277964704936,708690,243388,465302,10853396,106833,,,,,,,,,,,,
cl5_task2_fold1_seed42_task2_tune_pair_local_l005,CL5,2,1,42,5,validation,927.4377863329137,0.005154918632769029,0.9934990875912408,8768,0.0,0.0,0.0,137922,137671,791,599,0.8653500897666068,0.726998491704374,0.7901639344262295,0.8798122065727699,0.9423423923604364,0.9054464657595238,0.7121073033182106,482,75,1392,181,0.9505508166369105,91.79366678092629,2130,0,0,mcc,0.7121073033182106,0.09433016493090876,699501,243824,455677,10794777,105080,,,,,,,,,,,,
cl5_task2_fold1_seed42_task2_tune_pair_local_l005,CL5,2,1,42,6,validation,909.3557266199496,0.004161867276979325,0.994867700729927,8768,0.0,0.0,0.0,137695,137935,795,562,0.8014598540145985,0.8280542986425339,0.814540059347181,0.8826291079812206,0.9408947575674389,0.9062171442436222,0.7289295959825132,549,136,1331,114,0.9529824329387908,91.81762982404325,2130,0,0,mcc,0.7289295959825132,0.08506798006335911,692602,244023,448579,10747800,106674,,,,,,,,,,,,
cl5_task2_fold1_seed42_task2_tune_pair_local_l005,CL5,2,1,42,7,validation,915.2794777679956,0.005277837806850804,0.9942974452554745,8768,0.0,0.0,0.0,138356,137268,811,568,0.9750566893424036,0.6485671191553545,0.7789855072463768,0.8854460093896713,0.9554142877852729,0.9390863673674313,0.7325585781452725,430,11,1456,233,0.947032114439375,91.72751420305576,2130,0,0,mcc,0.7325585781452725,0.08587463425572649,703102,244061,459041,10920120,107275,,,,,,,,,,,,
cl5_task2_fold1_seed42_task2_tune_pair_local_l010,CL5,2,1,42,0,validation,802.5086841549492,0.0735920544166428,0.8662180656934306,8768,0.0,0.0,0.0,138432,137173,842,587,0.7138888888888889,0.77526395173454,0.7433116413593637,0.8333333333333334,0.9092133523746659,0.8385888848770497,0.6213856260817616,514,206,1261,149,0.923196676144504,91.83627909701318,2130,0,1,mcc,0.6213856260817616,0.0,0,0,0,0,0,,,,,,,,,,,,
cl5_task2_fold1_seed42_task2_tune_pair_local_l010,CL5,2,1,42,1,validation,915.5031270770123,0.01964197827128661,0.9733120437956204,8768,0.0,0.0,0.0,137643,138003,853,546,0.700352526439483,0.8989441930618401,0.7873183619550859,0.8488262910798122,0.9237596144849843,0.8672492592074149,0.6854593265434271,596,255,1212,67,0.9268152262558134,92.34139526099898,2130,0,1,mcc,0.6854593265434271,0.14320315966037625,666287,224652,441635,9443831,104286,,,,,,,,,,,,
cl5_task2_fold1_seed42_task2_tune_pair_local_l010,CL5,2,1,42,2,validation,913.982381902053,0.011960976893274982,0.9856295620437956,8768,0.0,0.0,0.0,138143,137476,804,573,0.8533333333333334,0.8687782805429864,0.8609865470852018,0.9126760563380282,0.9503773823513989,0.9302597020108994,0.7974071432454646,576,99,1368,87,0.9599047807974608,91.70072086900473,2130,0,1,mcc,0.7974071432454646,0.10430901511560053,697136,245129,452007,10635625,106064,,,,,,,,,,,,
cl5_task2_fold1_seed42_task2_tune_pair_local_l010,CL5,2,1,42,3,validation,921.6199084810214,0.008374859927519863,0.9919023722627737,8768,0.0,0.0,0.0,138354,137290,830,548,0.846749226006192,0.8250377073906485,0.8357524828113063,0.8990610328638498,0.9479879624231844,0.9212504134168268,0.7630476510010623,547,99,1368,116,0.95823998765677,91.90059429802932,2130,0,0,mcc,0.7630476510010623,0.0797215590037734,675119,248100,427019,10463907,108381,,,,,,,,,,,,
cl5_task2_fold1_seed42_task2_tune_pair_local_l010,CL5,2,1,42,4,validation,916.4948392430088,0.00833046610217302,0.9923585766423357,8768,0.0,0.0,0.0,137646,137976,796,570,0.7354758961681088,0.8974358974358975,0.8084239130434783,0.8676056338028169,0.9491384619497215,0.919870232625944,0.7169845316627951,595,214,1253,68,0.9488430426061849,91.91245846601669,2130,0,0,mcc,0.7169845316627951,0.07783271737913314,681108,247133,433975,10583859,109992,,,,,,,,,,,,
cl5_task2_fold1_seed42_task2_tune_pair_local_l010,CL5,2,1,42,5,validation,929.2481574120466,0.005205620419371582,0.994867700729927,8768,0.0,0.0,0.0,137922,137671,791,599,0.8926056338028169,0.7647058823529411,0.8237205523964257,0.8981220657276995,0.9478347681162549,0.916626588510644,0.7571295012318265,507,61,1406,156,0.9561544226233771,91.93051409709733,2130,0,0,mcc,0.7571295012318265,0.06346927976867839,664810,248887,415923,10400834,109761,,,,,,,,,,,,
cl5_task2_fold1_seed42_task2_tune_pair_local_l010,CL5,2,1,42,6,validation,919.0409695450217,0.005690629770528156,0.9939552919708029,8768,0.0,0.0,0.0,137695,137935,795,562,0.7963224893917963,0.8491704374057315,0.8218978102189781,0.8854460093896713,0.9437766612071916,0.9100698275946567,0.7384241993716475,563,144,1323,100,0.9512865613083823,91.64751665794756,2130,0,0,mcc,0.7384241993716475,0.06082021154860509,668004,247616,420388,10471492,110837,,,,,,,,,,,,
cl5_task2_fold1_seed42_task2_tune_pair_local_l010,CL5,2,1,42,7,validation,926.1671741700266,0.005600941227602861,0.994183394160584,8768,0.0,0.0,0.0,138356,137268,811,568,0.9547169811320755,0.7631975867269984,0.8482816429170159,0.9150234741784038,0.9532973275304564,0.9356859311572326,0.7998344566641596,506,24,1443,157,0.9581408009874584,91.90172300394624,2130,0,1,mcc,0.7998344566641596,0.054434705327898666,663105,249370,413735,10416868,112724,,,,,,,,,,,,
cl5_task2_fold1_seed42_task2_tune_pair_local_l010,CL5,2,1,42,8,validation,937.1444105810951,0.003749169054219764,0.9961222627737226,8768,0.0,0.0,0.0,137886,137725,839,581,0.8569321533923304,0.8763197586726998,0.866517524235645,0.915962441314554,0.9596523208937499,0.940523081530789,0.8053136479825418,581,97,1370,82,0.967447155546739,92.20398906595074,2130,0,1,mcc,0.8053136479825418,0.04602412936321829,660061,249530,410531,10390995,115202,,,,,,,,,,,,
cl5_task2_fold1_seed42_task2_tune_pair_local_l010,CL5,2,1,42,9,validation,930.6309911560966,0.0033351773959230586,0.9968065693430657,8768,0.0,0.0,0.0,138489,137133,877,570,0.866464339908953,0.861236802413273,0.8638426626323752,0.9154929577464789,0.951174198377374,0.9333305656044567,0.802585032261799,571,88,1379,92,0.9626559985893451,91.79223099991214,2130,0,0,mcc,0.802585032261799,0.045891171346530334,663427,248959,414468,10454373,116519,,,,,,,,,,,,
cl5_task2_fold1_seed42_task2_tune_pair_local_l010,CL5,2,1,42,10,validation,922.4606272750534,0.0028547071900585086,0.9964644160583942,8768,0.0,0.0,0.0,137913,137732,809,547,0.9130434782608695,0.8235294117647058,0.865979381443299,0.9206572769953052,0.9561617526251233,0.9368038824255235,0.8120144598857142,546,52,1415,117,0.9673651612334413,92.42996823799331,2130,0,1,mcc,0.8120144598857142,0.0444519171580323,668486,248290,420196,10539249,116525,,,,,,,,,,,,
cl5_task2_fold1_seed42_task2_tune_pair_local_l010,CL5,2,1,42,11,validation,925.7945627940353,0.00429396059047996,0.9946395985401459,8768,0.0,0.0,0.0,138353,137251,785,588,0.7882037533512064,0.8868778280542986,0.8346344925479063,0.8906103286384977,0.9461311240452346,0.9223043589400167,0.7562569703183425,588,158,1309,75,0.9544779474971897,91.91197722801007,2130,0,0,mcc,0.7562569703183425,0.04585580697423578,671166,246940,424226,10589638,115599,,,,,,,,,,,,
cl5_task2_fold1_seed42_task2_tune_pair_local_l010,CL5,2,1,42,12,validation,932.7290533960331,0.003482352542214787,0.995780109489051,8768,0.0,0.0,0.0,138552,137059,806,581,0.8951890034364262,0.7858220211161387,0.8369477911646587,0.9046948356807512,0.9476013781318726,0.9280369778960746,0.7732825086784523,521,61,1406,142,0.9603118869712799,92.15580090798903,2130,0,0,mcc,0.7732825086784523,0.046177216894835324,674617,246622,427995,10652773,114101,,,,,,,,,,,,
cl5_task2_fold1_seed42_task2_tune_pair_local_l010,CL5,2,1,42,13,validation,911.811027601012,0.002762543678148304,0.9977189781021898,8768,0.0,0.0,0.0,137927,137674,806,591,0.9516441005802708,0.7420814479638009,0.8338983050847457,0.907981220657277,0.9496874938953612,0.9304779777841932,0.7830171114637619,492,25,1442,171,0.9575201128523881,91.68813623301685,2130,0,0,mcc,0.7830171114637619,0.03811229027181005,670311,247524,422787,10597525,114928,,,,,,,,,,,,
cl5_task2_fold1_seed42_task2_tune_pair_local_l010,CL5,2,1,42,14,validation,924.1294240269344,0.002833030618195276,0.9973768248175182,8768,0.0,0.0,0.0,137702,137952,805,538,0.9699074074074074,0.6319758672699849,0.765296803652968,0.8793427230046948,0.9439411651609414,0.9263443561241372,0.717511365016366,419,13,1454,244,0.9462811611452753,91.658898815047,2130,0,0,mcc,0.717511365016366,0.034549866090352675,667815,248243,419572,10565846,115547,,,,,,,,,,,,
cl5_task2_fold1_seed42_task2_tune_pair_local_l010,CL5,2,1,42,15,validation,923.9599768060725,0.003488095760659583,0.9963503649635036,8768,0.0,0.0,0.0,138570,137045,857,577,0.8726114649681529,0.8265460030165912,0.8489542989930287,0.9084507042253521,0.9396064859796365,0.9260671498108628,0.7839378148041584,548,80,1387,115,0.9556258678833564,91.79727604892105,2130,0,0,mcc,0.7839378148041584,0.03933057517034502,674825,246569,428256,10677981,111030,,,,,,,,,,,,
cl5_task2_fold1_seed42_task2_tune_pair_local_l020,CL5,2,1,42,0,validation,811.1731518349843,0.0735920544166428,0.8662180656934306,8768,0.0,0.0,0.0,138432,137173,842,587,0.7138888888888889,0.77526395173454,0.7433116413593637,0.8333333333333334,0.9092133523746659,0.8385888848770497,0.6213856260817616,514,206,1261,149,0.923196676144504,91.81745911994949,2130,0,1,mcc,0.6213856260817616,0.0,0,0,0,0,0,,,,,,,,,,,,
cl5_task2_fold1_seed42_task2_tune_pair_local_l020,CL5,2,1,42,1,validation,916.455916829058,0.018617100490900627,0.9757071167883211,8768,0.0,0.0,0.0,137643,138003,853,546,0.7651933701657458,0.8355957767722474,0.798846431146359,0.8690140845070422,0.933216535526171,0.8810064421468808,0.7035083213404136,554,170,1297,109,0.9436094028962507,92.0394860219676,2130,0,1,mcc,0.7035083213404136,0.11878243815030093,663359,234267,429092,9794448,105641,,,,,,,,,,,,
cl5_task2_fold1_seed42_task2_tune_pair_local_l020,CL5,2,1,42,2,validation,932.0538747590035,0.012543011114343696,0.985059306569343,8768,0.0,0.0,0.0,138143,137476,804,573,0.8747993579454254,0.8220211161387632,0.8475894245723172,0.907981220657277,0.9499836010121105,0.9284550482405641,0.7825526581346985,545,78,1389,118,0.9603341488681699,91.94692523300182,2130,0,1,mcc,0.7825526581346985,0.0717118402407116,662412,250234,412178,10301952,108307,,,,,,,,,,,,
cl5_task2_fold1_seed42_task2_tune_pair_local_l020,CL5,2,1,42,3,validation,910.5734046850121,0.0075175304802174705,0.9915602189781022,8768,0.0,0.0,0.0,138354,137290,830,548,0.8784893267651889,0.8069381598793364,0.8411949685534591,0.9051643192488263,0.9516821043345765,0.9263564576285283,0.7751837764260987,535,74,1393,128,0.9607494103903547,91.92765483004041,2130,0,0,mcc,0.7751837764260987,0.05774174196003622,651365,251485,399880,10199789,110955,,,,,,,,,,,,
cl5_task2_fold1_seed42_task2_tune_pair_local_l020,CL5,2,1,42,4,validation,897.6873464159435,0.00642384969739909,0.9938412408759124,8768,0.0,0.0,0.0,137646,137976,796,570,0.7997097242380261,0.8310708898944194,0.8150887573964497,0.8826291079812206,0.9411034719587589,0.9081533828572005,0.7294550062141982,551,138,1329,112,0.9520730013886134,92.29109633597545,2130,0,0,mcc,0.7294550062141982,0.04853148069331388,646643,252911,393732,10165540,113847,,,,,,,,,,,,
cl5_task2_fold1_seed42_task2_tune_pair_local_l020,CL5,2,1,42,5,validation,928.8519878090592,0.006000379451433344,0.9938412408759124,8768,0.0,0.0,0.0,137922,137671,791,599,0.8607594936708861,0.8205128205128205,0.8401544401544402,0.9028169014084507,0.9517180895744591,0.9251466846994518,0.7708532366196831,544,88,1379,119,0.9633893186977893,91.9132346289698,2130,0,0,mcc,0.7708532366196831,0.044840611845248436,643775,252014,391761,10136399,111298,,,,,,,,,,,,
cl5_task2_fold1_seed42_task2_tune_pair_local_l020,CL5,2,1,42,6,validation,920.3389901099727,0.003945367516313238,0.9955520072992701,8768,0.0,0.0,0.0,137695,137935,795,562,0.8333333333333334,0.7918552036199095,0.8120649651972158,0.8859154929577465,0.9451358751250487,0.9110377765404074,0.7307311335825919,525,105,1362,138,0.9560781590954175,92.34175582195166,2130,0,0,mcc,0.7307311335825919,0.041393539939295884,647257,251042,396215,10207777,113564,,,,,,,,,,,,
cl5_task2_fold1_seed42_task2_tune_pair_local_l020,CL5,2,1,42,7,validation,922.0020469700685,0.005140095663031452,0.9938412408759124,8768,0.0,0.0,0.0,138356,137268,811,568,0.948076923076923,0.7435897435897436,0.8334742180896028,0.9075117370892019,0.9517119206761936,0.931280734609842,0.7816384687156752,493,27,1440,170,0.9613844254887698,92.12233620299958,2130,0,0,mcc,0.7816384687156752,0.04181133271411095,653333,250657,402676,10305745,113773,,,,,,,,,,,,
cl6_task2_fold1_seed42_directed_a1_pos_l005_v2,CL6,2,1,42,0,validation,808.067908651079,0.0735920544166428,0.8662180656934306,8768,0.0,0.0,0.0,138432,137173,842,587,0.7138888888888889,0.77526395173454,0.7433116413593637,0.8333333333333334,0.9092133523746659,0.8385888848770497,0.6213856260817616,514,206,1261,149,0.923196676144504,91.84859515202697,2130,0,0,mcc,0.6213856260817616,,,,,,,0,0.0,0.0,0.0,0.0,0.0,0.0,0,0,0,0,0
cl6_task2_fold1_seed42_directed_a1_pos_l005_v2,CL6,2,1,42,1,validation,801.3087678489974,0.018558004477007502,0.9762773722627737,8768,0.0,0.0,0.0,137643,138003,853,546,0.7405966277561609,0.861236802413273,0.796373779637378,0.8629107981220657,0.9294699579795213,0.874222934050243,0.698418106970615,571,200,1267,92,0.9375895435209063,91.93813956098165,2130,0,0,mcc,0.698418106970615,,,,,,,0,0.0,0.0,0.0,0.0,0.0,0.0,0,0,0,0,0
cl6_task2_fold1_seed42_directed_a1_pos_l005_v2,CL6,2,1,42,2,validation,808.4725387460785,0.01467763484718028,0.983690693430657,8768,0.0,0.0,0.0,138143,137476,804,573,0.7971223021582734,0.8355957767722474,0.8159057437407953,0.8826291079812206,0.9431957566205129,0.9061659436685731,0.7302652571335781,554,141,1326,109,0.9536805968833345,91.78689506708179,2130,0,0,mcc,0.7302652571335781,,,,,,,0,0.0,0.0,0.0,0.0,0.0,0.0,0,0,0,0,0
cl6_task2_fold1_seed42_directed_a1_pos_l005_v2,CL6,2,1,42,3,validation,823.6634496239712,0.008658989812841541,0.9911040145985401,8768,0.0,0.0,0.0,138354,137290,830,548,0.7601572739187418,0.8748114630467572,0.8134642356241234,0.8751173708920188,0.9374288648918746,0.9046123956242524,0.7243115385630675,580,183,1284,83,0.9443911040578369,91.68253738398198,2130,0,1,mcc,0.7243115385630675,,,,,,,1,0.9060221683016442,0.0,0.0,0.00014777311461835482,0.018728043142081794,0.5,2261,19864,0,317822,0
cl6_task2_fold1_seed42_directed_a1_pos_l005_v2,CL6,2,1,42,4,validation,818.620513157919,0.009265625168485093,0.989279197080292,8768,0.0,0.0,0.0,137646,137976,796,570,0.7803547066848567,0.8627450980392157,0.8194842406876791,0.8816901408450705,0.9471263729654202,0.9090945053835984,0.7338631107337759,572,161,1306,91,0.9520320042319645,91.92281602497678,2130,0,1,mcc,0.7338631107337759,,,,,,,1,0.9276024661414379,0.0,0.0,0.0002676799402659531,0.015874451143431504,1.0,2264,20056,0,320894,0
cl6_task2_fold1_seed42_directed_a1_pos_l005_v2,CL6,2,1,42,5,validation,821.1136485650204,0.005350699825846514,0.9939552919708029,8768,0.0,0.0,0.0,137922,137671,791,599,0.8055130168453293,0.7933634992458521,0.7993920972644377,0.8760563380281691,0.9350754302035428,0.8960966987397487,0.7097685816538002,526,127,1340,137,0.9467341136017986,91.60791184194386,2130,0,0,mcc,0.7097685816538002,,,,,,,1,0.9324887268190837,0.0,0.0,0.000180359512018769,0.011016117711573976,1.0,2260,19946,0,319134,0
cl6_task2_fold1_seed42_directed_a1_pos_l005_v2,CL6,2,1,42,6,validation,816.2679748400114,0.005492363907236853,0.9934990875912408,8768,0.0,0.0,0.0,137695,137935,795,562,0.8582434514637904,0.8401206636500754,0.8490853658536586,0.9070422535211268,0.9501820339063212,0.9238502614765228,0.7820252035833601,557,92,1375,106,0.9608124490290727,91.89893876493443,2130,0,1,mcc,0.7820252035833601,,,,,,,1,0.9362588150521917,0.0,0.0,0.00016783505698463174,0.009785989615539992,1.0,2262,20026,0,320414,0
cl6_task2_fold1_seed42_directed_a1_pos_l005_v2,CL6,2,1,42,7,validation,816.2545253890567,0.005476531487127357,0.994411496350365,8768,0.0,0.0,0.0,138356,137268,811,568,0.8360655737704918,0.7692307692307693,0.8012568735271013,0.8812206572769953,0.9389073441762001,0.9033456223819549,0.7180307619946882,510,100,1367,153,0.9532987282064846,91.69643072702456,2130,0,0,mcc,0.7180307619946882,,,,,,,1,0.9409126635695243,0.0,0.0,0.00018868553734515845,0.011431283252449914,1.0,2260,20022,0,320350,0
cl6_task2_fold1_seed42_directed_a1_pos_l005_v2,CL6,2,1,42,8,validation,826.6232407860225,0.005178759786700765,0.9955520072992701,8768,0.0,0.0,0.0,137886,137725,839,581,0.8147590361445783,0.8159879336349924,0.8153730218538056,0.8849765258215962,0.948505121727785,0.9134952346578932,0.7318413095510986,541,123,1344,122,0.9570620908549891,91.73960420803633,2130,0,0,mcc,0.7318413095510986,,,,,,,1,0.9660588605261414,0.0,0.0,0.00014865586587684617,0.008973530282067928,1.0,2262,20040,0,320638,0
cl6_task2_fold1_seed42_directed_a1_pos_l005_v2,CL6,2,1,42,9,validation,827.5690430620452,0.0034322967304826683,0.9961222627737226,8768,0.0,0.0,0.0,138489,137133,877,570,0.8393700787401575,0.803921568627451,0.8212634822804314,0.8910798122065727,0.9501295982710636,0.9211429666814412,0.7433481243386637,533,102,1365,130,0.9600189556745795,92.02384243300185,2130,0,0,mcc,0.7433481243386637,,,,,,,1,0.9799008769302691,0.0,0.0,0.00010242460640405834,0.005954865372518205,1.0,2259,20002,0,320030,0
cl6_task2_fold1_seed42_directed_a1_pos_l005_v2,CL6,2,1,42,10,validation,820.8592415159801,0.004051759375026689,0.9953239051094891,8768,0.0,0.0,0.0,137913,137732,809,547,0.893542757417103,0.7722473604826546,0.8284789644012945,0.9004694835680751,0.9444295362736357,0.9158179154263103,0.7629025109228273,512,61,1406,151,0.952398774493597,91.58354177500587,2130,0,0,mcc,0.7629025109228273,,,,,,,1,0.968435985097376,0.0,0.0,0.00013135002776128564,0.007934316266150659,1.0,2264,20004,0,320062,0
cl6_task2_fold1_seed42_directed_a1_pos_l005_v2,CL6,2,1,42,11,validation,811.2446053479798,0.004483755298145218,0.995780109489051,8768,0.0,0.0,0.0,138353,137251,785,588,0.8036465638148668,0.8642533936651584,0.8328488372093024,0.892018779342723,0.9431679965783177,0.9212115854379114,0.754339947470446,573,140,1327,90,0.9533752121492649,92.00324381003156,2130,0,0,mcc,0.754339947470446,,,,,,,1,0.9936154851159693,0.0,0.0,0.00014934722679673466,0.008363456358754844,1.0,2261,19980,0,319678,0
cl6_task2_fold1_seed42_directed_a1_pos_l010_v2,CL6,2,1,42,0,validation,809.3422323259292,0.0735920544166428,0.8662180656934306,8768,0.0,0.0,0.0,138432,137173,842,587,0.7138888888888889,0.77526395173454,0.7433116413593637,0.8333333333333334,0.9092133523746659,0.8385888848770497,0.6213856260817616,514,206,1261,149,0.923196676144504,92.15031031903345,2130,0,0,mcc,0.6213856260817616,,,,,,,0,0.0,0.0,0.0,0.0,0.0,0.0,0,0,0,0,0
cl6_task2_fold1_seed42_directed_a1_pos_l010_v2,CL6,2,1,42,1,validation,800.4769628769718,0.018558004477007502,0.9762773722627737,8768,0.0,0.0,0.0,137643,138003,853,546,0.7405966277561609,0.861236802413273,0.796373779637378,0.8629107981220657,0.9294699579795213,0.874222934050243,0.698418106970615,571,200,1267,92,0.9375895435209063,92.05420112004504,2130,0,0,mcc,0.698418106970615,,,,,,,0,0.0,0.0,0.0,0.0,0.0,0.0,0,0,0,0,0
cl6_task2_fold1_seed42_directed_a1_pos_l010_v2,CL6,2,1,42,2,validation,812.0359281880083,0.01467763484718028,0.983690693430657,8768,0.0,0.0,0.0,138143,137476,804,573,0.7971223021582734,0.8355957767722474,0.8159057437407953,0.8826291079812206,0.9431957566205129,0.9061659436685731,0.7302652571335781,554,141,1326,109,0.9536805968833345,91.8750511140097,2130,0,0,mcc,0.7302652571335781,,,,,,,0,0.0,0.0,0.0,0.0,0.0,0.0,0,0,0,0,0
cl6_task2_fold1_seed42_directed_a1_pos_l010_v2,CL6,2,1,42,3,validation,827.6051883980399,0.008654869631232064,0.9911040145985401,8768,0.0,0.0,0.0,138354,137290,830,548,0.7568627450980392,0.8733031674208145,0.8109243697478992,0.8732394366197183,0.9378041395363661,0.9053729547480179,0.7204645543698138,579,186,1281,84,0.9448248804249598,92.32868393603712,2130,0,1,mcc,0.7204645543698138,,,,,,,1,0.9051172313463949,0.0,0.0,0.00017806116251234568,0.011459759882878093,0.5,2261,19864,0,317822,0
cl6_task2_fold1_seed42_directed_a1_pos_l010_v2,CL6,2,1,42,4,validation,822.113530940027,0.009264239390354995,0.9898494525547445,8768,0.0,0.0,0.0,137646,137976,796,570,0.7925311203319502,0.8642533936651584,0.8268398268398268,0.8873239436619719,0.9489307757081125,0.9134090324583138,0.7450970100678993,573,150,1317,90,0.9547435473561241,91.85894976195414,2130,0,1,mcc,0.7450970100678993,,,,,,,1,0.9264303931055495,0.0,0.0,0.00035078225461454175,0.010387975989314728,1.0,2264,20056,0,320894,0
cl6_task2_fold1_seed42_directed_a1_pos_l010_v2,CL6,2,1,42,5,validation,827.5533642199589,0.0055455808487192325,0.994183394160584,8768,0.0,0.0,0.0,137922,137671,791,599,0.7617801047120419,0.8778280542986425,0.815697266993693,0.8765258215962441,0.9305803596673319,0.8923176588562031,0.7276724900173761,582,182,1285,81,0.9406504441358637,92.1918994509615,2130,0,0,mcc,0.7276724900173761,,,,,,,1,0.9166263091466288,0.0,0.0,0.00022584867552760313,0.00691670098421552,1.0,2260,19946,0,319134,0
cl6_task2_fold1_seed42_directed_a1_pos_l010_v2,CL6,2,1,42,6,validation,825.3520828570472,0.005059839822587772,0.994411496350365,8768,0.0,0.0,0.0,137695,137935,795,562,0.856418918918919,0.7647058823529411,0.8079681274900399,0.8868544600938967,0.9423927716962722,0.9101094241803489,0.7304786557895344,507,85,1382,156,0.952342127884679,93.81909402797464,2130,0,0,mcc,0.7304786557895344,,,,,,,1,0.9281520959479312,0.0,0.0,0.0002127691267862173,0.006315433680666596,1.0,2262,20026,0,320414,0
cl6_task2_fold1_seed42_directed_a1_pos_l010_v2,CL6,2,1,42,7,validation,826.9121509940596,0.005108507824614545,0.994867700729927,8768,0.0,0.0,0.0,138356,137268,811,568,0.9224489795918367,0.6817496229260935,0.7840416305290546,0.8830985915492958,0.9446855455516588,0.9185276652200781,0.7215293615429419,452,38,1429,211,0.9490107782847319,92.18880938203074,2130,0,0,mcc,0.7215293615429419,,,,,,,1,0.9318347003202151,0.0,0.0,0.0001796080841582722,0.00548761751458448,1.0,2260,20022,0,320350,0
cl6_task2_fold1_seed42_directed_a1_pos_l010_v2,CL6,2,1,42,8,validation,832.3403726239922,0.005177376159010431,0.9955520072992701,8768,0.0,0.0,0.0,137886,137725,839,581,0.85,0.8205128205128205,0.8349961627014582,0.8990610328638498,0.9586951135128687,0.9287455810748098,0.7625665058458678,544,96,1371,119,0.9647461923339726,91.76580001693219,2130,0,1,mcc,0.7625665058458678,,,,,,,1,0.938429112253833,0.0,0.0,0.00018821762394302443,0.005911176481409606,1.0,2262,20040,0,320638,0
cl6_task2_fold1_seed42_directed_a1_pos_l010_v2,CL6,2,1,42,9,validation,830.0472705899738,0.0037086238405979292,0.9966925182481752,8768,0.0,0.0,0.0,138489,137133,877,570,0.8345642540620384,0.8521870286576169,0.8432835820895522,0.9014084507042254,0.9489708735468388,0.9208851390226966,0.7714668386178748,565,112,1355,98,0.9576886199828076,91.75417074700817,2130,0,1,mcc,0.7714668386178748,,,,,,,1,0.9494722545092559,0.0,0.0,0.00015414429135402608,0.004457234168479254,1.0,2259,20002,0,320030,0
cl6_task2_fold1_seed42_directed_a1_pos_l010_v2,CL6,2,1,42,10,validation,819.4784395559691,0.004539351425742061,0.9965784671532847,8768,0.0,0.0,0.0,137913,137732,809,547,0.9498997995991983,0.7149321266968326,0.8158347676419966,0.8995305164319248,0.9539923567350489,0.9336949803110138,0.7629250634834124,474,25,1442,189,0.9543309308117878,92.57128975004889,2130,0,0,mcc,0.7629250634834124,,,,,,,1,0.9617419203566592,0.0,0.0,0.00015319430746392845,0.004393769156289725,1.0,2264,20004,0,320062,0
cl6_task2_fold1_seed42_directed_a1_pos_l010_v2,CL6,2,1,42,11,validation,826.5825958070345,0.004650761751968346,0.9955520072992701,8768,0.0,0.0,0.0,138353,137251,785,588,0.8706624605678234,0.832579185520362,0.851195065535852,0.9093896713615024,0.9494212031202287,0.9230266791195508,0.7865115091317346,552,82,1385,111,0.959565562388415,92.32234653097112,2130,0,1,mcc,0.7865115091317346,,,,,,,1,1.0062385185003062,0.0,0.0,0.00017882585318394935,0.004959625147743865,1.0,2261,19980,0,319678,0
cl6_task2_fold1_seed42_directed_a1_pos_l010_v2,CL6,2,1,42,12,validation,829.3072473750217,0.004540502839289743,0.994411496350365,8768,0.0,0.0,0.0,138552,137059,806,581,0.9302325581395349,0.7239819004524887,0.8142493638676844,0.8971830985915493,0.9435658905164499,0.9196487113318479,0.7558696830539307,480,36,1431,183,0.9523081840022923,91.87552100792527,2130,0,0,mcc,0.7558696830539307,,,,,,,1,1.0019780690543842,0.0,0.0,0.00017035913421748874,0.0048120688741481125,1.0,2260,19980,0,319678,0
cl6_task2_fold1_seed42_directed_a1_pos_l010_v2,CL6,2,1,42,13,validation,826.9091708291089,0.005760312426748889,0.9947536496350365,8768,0.0,0.0,0.0,137927,137674,806,591,0.9136029411764706,0.7496229260935143,0.8235294117647058,0.9,0.9394481509241523,0.9137513185848455,0.7618929977123613,497,47,1420,166,0.9515389362780753,92.02171727200039,2130,0,0,mcc,0.7618929977123613,,,,,,,1,0.9837026147946825,0.0,0.0,0.0001985148682128933,0.0057292249590369495,1.0,2261,20050,0,320798,0
cl6_task2_fold1_seed42_directed_a1_pos_l010_v2,CL6,2,1,42,14,validation,817.7104753541062,0.0032586734394746252,0.9973768248175182,8768,0.0,0.0,0.0,137702,137952,805,538,0.8968903436988543,0.8265460030165912,0.8602825745682888,0.9164319248826291,0.9489976054393232,0.9270198998574044,0.8021718753989657,548,63,1404,115,0.9613145539906103,92.16010178090073,2130,0,1,mcc,0.8021718753989657,,,,,,,1,0.9899053230310662,0.0,0.0,0.000124831824362718,0.0035242054189702754,1.0,2264,20034,0,320542,0
cl6_task2_fold1_seed42_directed_a1_pos_l010_v2,CL6,2,1,42,15,validation,824.1923453970812,0.0025911205729797922,0.9970346715328468,8768,0.0,0.0,0.0,138570,137045,857,577,0.8682042833607908,0.7948717948717948,0.8299212598425196,0.8985915492957747,0.9413625656859146,0.9184465618996939,0.7593779737527394,527,80,1387,136,0.9549361899094094,92.06138948502485,2130,0,0,mcc,0.7593779737527394,,,,,,,1,1.0020384514146912,0.0,0.0,8.43632686423373e-05,0.002363662745922608,1.0,2264,20038,0,320606,0
cl6_task2_fold1_seed42_directed_a1_pos_l010_v2,CL6,2,1,42,16,validation,833.3279409530805,0.003531638564100743,0.9960082116788321,8768,0.0,0.0,0.0,138351,137249,825,592,0.8748043818466353,0.8431372549019608,0.858678955453149,0.9136150234741784,0.9542370563662516,0.9275103799115467,0.7967859233252661,559,80,1387,104,0.9646194538120743,91.9910411509918,2130,0,0,mcc,0.7967859233252661,,,,,,,1,1.0143384402685791,0.0,0.0,0.00011903638898554689,0.0033654969790763737,1.0,2264,20034,0,320542,0
cl6_task2_fold1_seed42_directed_a1_pos_l010_v2,CL6,2,1,42,17,validation,824.0712786370423,0.0036141646906698295,0.9963503649635036,8768,0.0,0.0,0.0,138395,137220,805,577,0.9206349206349206,0.7873303167420814,0.848780487804878,0.9126760563380282,0.9500422055456339,0.926213304895824,0.7926819676605488,522,45,1422,141,0.9620511803213648,92.21971170697361,2130,0,0,mcc,0.7926819676605488,,,,,,,1,1.0749771769981098,0.0,0.0,0.00013593297687063382,0.003244044604523875,1.0,2261,19982,0,319710,0
cl6_task2_fold1_seed42_directed_a1_pos_l010_v2,CL6,2,1,42,18,validation,827.6875520829344,0.002957019552718281,0.9972627737226277,8768,0.0,0.0,0.0,138146,137454,839,592,0.9271028037383178,0.7481146304675717,0.8280467445742905,0.9032863849765258,0.9417337277315625,0.916689879972678,0.7703158554125689,496,39,1428,167,0.956555357182217,91.68064772896469,2130,0,0,mcc,0.7703158554125689,,,,,,,1,1.029987731921303,0.0,0.0,0.00011674089308591829,0.002989968975151539,1.0,2261,19946,0,319134,0
cl6_task2_fold1_seed42_directed_a1_pos_l010_v2,CL6,2,1,42,19,validation,829.1700739170192,0.002674171986660713,0.9974908759124088,8768,0.0,0.0,0.0,137904,137754,818,534,0.867579908675799,0.8597285067873304,0.8636363636363636,0.9154929577464789,0.9525056522530359,0.9295256784586782,0.8024311109183973,570,87,1380,93,0.9627296171394564,92.22362536506262,2130,0,1,mcc,0.8024311109183973,,,,,,,1,1.0251298365285144,0.0,0.0,0.00010049669651087883,0.0028115928250363764,1.0,2263,19994,0,319902,0
cl6_task2_fold1_seed42_directed_a1_pos_l010_v2,CL6,2,1,42,20,validation,834.7131829729769,0.0021573744849902265,0.9974908759124088,8768,0.0,0.0,0.0,137745,137893,776,554,0.89792663476874,0.8491704374057315,0.8728682170542635,0.9230046948356807,0.9432471641060598,0.921263897866401,0.8183664594643395,563,64,1403,100,0.9584950076043115,91.9346718529705,2130,0,1,mcc,0.8183664594643395,,,,,,,1,1.0757199080293849,0.0,0.0,5.9331696901827985e-05,0.0015888059902652932,1.0,2259,19998,0,319966,0
cl6_task2_fold1_seed42_directed_a1_pos_l010_v2,CL6,2,1,42,21,validation,824.732367377961,0.0027629642501325,0.9971487226277372,8768,0.0,0.0,0.0,137787,137848,821,557,0.9466192170818505,0.8024132730015083,0.8685714285714285,0.9244131455399061,0.9567848113499504,0.9400471417907057,0.8215179302679919,532,30,1437,131,0.9660082875972581,92.37785569403786,2130,0,1,mcc,0.8215179302679919,,,,,,,1,1.0231242795223303,0.0,0.0,9.785399198240992e-05,0.002488788682170498,1.0,2262,19998,0,319966,0
cl6_task2_fold1_seed42_directed_a1_pos_l010_v2,CL6,2,1,42,22,validation,822.6081599789904,0.0010021221856265383,0.9988594890510949,8768,0.0,0.0,0.0,138061,137587,816,544,0.9271186440677966,0.8250377073906485,0.8731045490822027,0.9253521126760563,0.9567992054459034,0.9400253425973971,0.8232829204455849,547,43,1424,116,0.9672572681787123,92.19535645307042,2130,0,1,mcc,0.8232829204455849,,,,,,,1,1.0139847426491715,0.0,0.0,4.7820801479745655e-05,0.0012297761491287442,1.0,2264,20042,0,320670,0
cl6_task2_fold1_seed42_directed_a1_pos_l010_v2,CL6,2,1,42,23,validation,827.2982574220514,0.00146218495534738,0.9987454379562044,8768,0.0,0.0,0.0,138112,137449,803,631,0.8690292758089369,0.8506787330316742,0.8597560975609756,0.9136150234741784,0.9513222519357488,0.9308813556560587,0.7974459694976729,564,85,1382,99,0.964020366329432,91.8299495249521,2130,0,0,mcc,0.7974459694976729,,,,,,,1,1.0208049690636405,0.0,0.0,5.542989232587607e-05,0.0013407161519863604,1.0,2261,20042,0,320670,0
cl6_task2_fold1_seed42_directed_a1_pos_l010_v2,CL6,2,1,42,24,validation,831.2059314429061,0.002672637663024841,0.9973768248175182,8768,0.0,0.0,0.0,138257,137356,832,579,0.9047619047619048,0.8024132730015083,0.8505195843325339,0.9122065727699531,0.9475139854064429,0.9247649729985752,0.7915362520021951,532,56,1411,131,0.9612133835879124,91.74930548900738,2130,0,0,mcc,0.7915362520021951,,,,,,,1,1.0140800667505194,0.0,0.0,9.473726762541559e-05,0.00242769195419922,1.0,2264,20042,0,320670,0
cl6_task2_fold1_seed42_directed_a1_pos_l010_v2,CL6,2,1,42,25,validation,828.4449589699507,0.003270307478249547,0.9965784671532847,8768,0.0,0.0,0.0,138067,137586,837,539,0.8827258320126783,0.8401206636500754,0.8608964451313755,0.9154929577464789,0.9406757616790096,0.9177355301457257,0.800766939350588,557,74,1393,106,0.9553858361436223,92.23399432608858,2130,0,0,mcc,0.800766939350588,,,,,,,1,1.0245144829616277,0.0,0.0,0.00011864529524073499,0.0033793243032983603,1.0,2259,20042,0,320670,0
cl6_task2_fold1_seed42_directed_a1_pos_l010_v2,CL6,2,1,42,26,validation,826.6148990270449,0.0022660087549750004,0.9978330291970803,8768,0.0,0.0,0.0,138208,137427,764,557,0.8663366336633663,0.7918552036199095,0.8274231678486997,0.8971830985915493,0.9379449960467643,0.9094762201227117,0.7559596337859579,525,81,1386,138,0.9543800833168022,91.80057133792434,2130,0,0,mcc,0.7559596337859579,,,,,,,1,1.0270297002101685,0.0,0.0,8.971625145295165e-05,0.0025453275742117593,1.0,2259,20032,0,320510,0
cl6_task2_fold1_seed42_directed_a1_pos_l010_v2,CL6,2,1,42,27,validation,828.2557287010131,0.0012231037562799778,0.9990875912408759,8768,0.0,0.0,0.0,138400,137222,803,570,0.9348914858096828,0.8446455505279035,0.8874801901743264,0.9333333333333333,0.9493122192508696,0.9285000022902631,0.8424736672752887,560,39,1428,103,0.9626846525160351,91.89007692201994,2130,0,1,mcc,0.8424736672752887,,,,,,,1,1.022635230277903,0.0,0.0,3.3754860947954736e-05,0.0008540378429198817,1.0,2264,20040,0,320638,0
cl6_task2_fold1_seed42_directed_a1_pos_l010_v2,CL6,2,1,42,28,validation,823.0921568569029,0.0010409899208802661,0.9992016423357665,8768,0.0,0.0,0.0,137732,137869,747,591,0.9084967320261438,0.8386123680241327,0.8721568627450981,0.9234741784037559,0.9487950599462689,0.9275370725190429,0.8190088362616595,556,56,1411,107,0.9620637439661442,92.18565139197744,2130,0,0,mcc,0.8190088362616595,,,,,,,1,1.0228892759331605,0.0,0.0,4.1142736825117386e-05,0.0009674420919205185,1.0,2262,20014,0,320222,0
cl6_task2_fold1_seed42_directed_a1_pos_l010_v2,CL6,2,1,42,29,validation,818.628272830043,0.0012692439169463886,0.9981751824817519,8768,0.0,0.0,0.0,137977,137664,770,551,0.89792663476874,0.8491704374057315,0.8728682170542635,0.9230046948356807,0.9440809935216288,0.9242681505658283,0.8183664594643395,563,64,1403,100,0.959733298066962,91.94451270601712,2130,0,0,mcc,0.8183664594643395,,,,,,,1,1.0129608036202453,0.0,0.0,6.0379627593054815e-05,0.0015894684648129847,1.0,2259,19972,0,319550,0
cl6_task2_fold1_seed42_directed_a1_pos_l010_v2,CL6,2,1,42,30,validation,820.0350737000117,0.0022619042257917984,0.9980611313868614,8768,0.0,0.0,0.0,137987,137636,775,569,0.8116385911179173,0.799396681749623,0.8054711246200608,0.8798122065727699,0.911148330130647,0.8763929350020855,0.7185653050317924,530,123,1344,133,0.9334461857215279,91.9983147799503,2130,0,0,mcc,0.7185653050317924,,,,,,,1,1.0098938616740443,0.0,0.0,6.706289237706302e-05,0.0018242713748802817,1.0,2262,20020,0,320318,0
cl6_task2_fold1_seed42_directed_a1_pos_l010_v2,CL6,2,1,42,31,validation,836.2937464950373,0.003315952664103906,0.9965784671532847,8768,0.0,0.0,0.0,137897,137754,867,541,0.9321428571428572,0.7873303167420814,0.8536385936222404,0.915962441314554,0.949944531323095,0.9322795504241055,0.8008594758203051,522,38,1429,141,0.958541074301836,92.10531845898367,2130,0,0,mcc,0.8008594758203051,,,,,,,1,1.0283243485937152,0.0,0.0,0.0001221060580456825,0.003273472015062402,1.0,2259,19968,0,319486,0
cl6_task2_fold1_seed42_directed_a1_pos_l010_v2,CL6,2,1,42,32,validation,826.7063515890623,0.005291615975875038,0.9946395985401459,8768,0.0,0.0,0.0,138061,137507,830,624,0.9033391915641477,0.77526395173454,0.8344155844155844,0.9042253521126761,0.9346425791752389,0.9113412099114779,0.7720344559571505,514,55,1412,149,0.9534391324472659,91.93653429497499,2130,0,0,mcc,0.7720344559571505,,,,,,,1,1.047639525107985,0.0,0.0,0.00019187509739425977,0.005008726668119794,1.0,2266,20068,0,321086,0
cl6_task2_fold1_seed42_directed_a1_pos_l020_v2,CL6,2,1,42,0,validation,810.1229790680809,0.0735920544166428,0.8662180656934306,8768,0.0,0.0,0.0,138432,137173,842,587,0.7138888888888889,0.77526395173454,0.7433116413593637,0.8333333333333334,0.9092133523746659,0.8385888848770497,0.6213856260817616,514,206,1261,149,0.923196676144504,92.47129513300024,2130,0,0,mcc,0.6213856260817616,,,,,,,0,0.0,0.0,0.0,0.0,0.0,0.0,0,0,0,0,0
cl6_task2_fold1_seed42_directed_a1_pos_l020_v2,CL6,2,1,42,1,validation,800.9627061090432,0.018558004477007502,0.9762773722627737,8768,0.0,0.0,0.0,137643,138003,853,546,0.7405966277561609,0.861236802413273,0.796373779637378,0.8629107981220657,0.9294699579795213,0.874222934050243,0.698418106970615,571,200,1267,92,0.9375895435209063,92.16453415702563,2130,0,0,mcc,0.698418106970615,,,,,,,0,0.0,0.0,0.0,0.0,0.0,0.0,0,0,0,0,0
cl6_task2_fold1_seed42_directed_a1_pos_l020_v2,CL6,2,1,42,2,validation,809.7182965219254,0.01467763484718028,0.983690693430657,8768,0.0,0.0,0.0,138143,137476,804,573,0.7971223021582734,0.8355957767722474,0.8159057437407953,0.8826291079812206,0.9431957566205129,0.9061659436685731,0.7302652571335781,554,141,1326,109,0.9536805968833345,92.09220557799563,2130,0,0,mcc,0.7302652571335781,,,,,,,0,0.0,0.0,0.0,0.0,0.0,0.0,0,0,0,0,0
cl6_task2_fold1_seed42_directed_a1_pos_l020_v2,CL6,2,1,42,3,validation,830.6545590059832,0.008660557596906,0.9912180656934306,8768,0.0,0.0,0.0,138354,137290,830,548,0.7601572739187418,0.8748114630467572,0.8134642356241234,0.8751173708920188,0.9375635525040072,0.9048094962147426,0.7243115385630675,580,183,1284,83,0.944467808415438,92.15389265096746,2130,0,1,mcc,0.7243115385630675,,,,,,,1,0.9044703722652727,0.0,0.0,0.00020136422575221447,0.006666426179378536,0.5,2261,19864,0,317822,0
cl6_task2_fold1_seed42_directed_a1_pos_l020_v2,CL6,2,1,42,4,validation,822.0277136269724,0.009213691711308142,0.9897354014598541,8768,0.0,0.0,0.0,137646,137976,796,570,0.7896174863387978,0.8717948717948718,0.828673835125448,0.887793427230047,0.9492505302682134,0.914479481979967,0.7475760975744229,578,154,1313,85,0.9541773016817651,92.06729285791516,2130,0,1,mcc,0.7475760975744229,,,,,,,1,0.9223296873434617,0.0,0.0,0.0004206999924246717,0.006239101466295009,1.0,2264,20056,0,320894,0
cl6_task2_fold1_seed42_directed_a1_pos_l020_v2,CL6,2,1,42,5,validation,836.3902409879956,0.005643196528672666,0.9932709854014599,8768,0.0,0.0,0.0,137922,137671,791,599,0.761570827489481,0.8190045248868778,0.7892441860465116,0.863849765258216,0.9279534371558911,0.8844025033074949,0.6898786048356534,543,170,1297,120,0.940423637285371,92.13274210190866,2130,0,0,mcc,0.6898786048356534,,,,,,,1,0.9142660279860244,0.0,0.0,0.00026058566304100787,0.004288293338282722,1.0,2260,19946,0,319134,0
cl6_task2_fold1_seed42_directed_a1_pos_l020_v2,CL6,2,1,42,6,validation,816.1770633100532,0.012889785452696794,0.9839187956204379,8768,0.0,0.0,0.0,137695,137935,795,562,0.8635607321131448,0.7828054298642534,0.8212025316455697,0.8938967136150234,0.9452150426527908,0.9122889360310468,0.7478438282438008,519,82,1385,144,0.9543671890497917,92.33132260793354,2130,0,1,mcc,0.7478438282438008,,,,,,,1,0.930845173674017,0.0,0.0,0.0005880188220312658,0.008618513629852328,1.0,2262,20026,0,320414,0
cl6_task2_fold1_seed42_directed_a1_pos_l020_v2,CL6,2,1,42,7,validation,830.9093968200032,0.0066919582727223365,0.9925866788321168,8768,0.0,0.0,0.0,138356,137268,811,568,0.9610136452241715,0.7435897435897436,0.8384353741496599,0.9107981220657277,0.9577245401857455,0.9396067019065311,0.7904148589664958,493,20,1447,170,0.95937622605744,92.256990252994,2130,0,1,mcc,0.7904148589664958,,,,,,,1,0.9627748658323158,0.0,0.0,0.000336553476347458,0.004844485218542172,1.0,2260,20022,0,320350,0
cl6_task2_fold1_seed42_directed_a1_pos_l020_v2,CL6,2,1,42,8,validation,833.3909920420265,0.005835341789956743,0.9939552919708029,8768,0.0,0.0,0.0,137886,137725,839,581,0.8340874811463047,0.8340874811463047,0.8340874811463047,0.8967136150234741,0.9621651187872768,0.9320961395205232,0.7591045227277634,553,110,1357,110,0.968606317088761,92.3651931330096,2130,0,0,mcc,0.7591045227277634,,,,,,,1,0.9681072180451703,0.0,0.0,0.0002891649583695377,0.0043662239750039454,1.0,2262,20040,0,320638,0
cl6_task2_fold1_seed42_directed_a1_pos_l020_v2,CL6,2,1,42,9,validation,831.2573306079721,0.004561085470869503,0.9949817518248175,8768,0.0,0.0,0.0,138489,137133,877,570,0.871875,0.8416289592760181,0.8564850345356869,0.9122065727699531,0.9526691280570745,0.919925422338297,0.7935301948495767,558,82,1385,105,0.9603035112080937,92.4454219789477,2130,0,1,mcc,0.7935301948495767,,,,,,,1,0.9631041761242995,0.0,0.0,0.00019910376055686703,0.0028165736583346123,1.0,2259,20002,0,320030,0
cl6_task2_fold1_seed42_directed_a1_pos_l020_v2,CL6,2,1,42,10,validation,821.3262824710691,0.0021383486665634633,0.9977189781021898,8768,0.0,0.0,0.0,137913,137732,809,547,0.8761904761904762,0.832579185520362,0.8538283062645011,0.9112676056338028,0.9668010458338859,0.9384958358379638,0.7907179262803405,552,78,1389,111,0.9723037757058786,91.93480691302102,2130,0,0,mcc,0.7907179262803405,,,,,,,1,0.9732588371737813,0.0,0.0,0.00011380559424857541,0.0016447672721280585,1.0,2264,20004,0,320062,0
cl6_task2_fold1_seed42_directed_a1_pos_l020_v2,CL6,2,1,42,11,validation,825.8137045889162,0.004658034139953361,0.9958941605839416,8768,0.0,0.0,0.0,138353,137251,785,588,0.8376436781609196,0.8793363499245852,0.8579838116261957,0.9093896713615024,0.9557607742378584,0.9281115228756809,0.7920160194425807,583,113,1354,80,0.9625142718596398,92.12351259496063,2130,0,0,mcc,0.7920160194425807,,,,,,,1,0.9801463121208396,0.0,0.0,0.00021520396506207655,0.0030635726836838076,1.0,2261,19980,0,319678,0
cl6_task2_fold1_seed42_directed_a1_pos_l020_v2,CL6,2,1,42,12,validation,830.8832442119019,0.0028917853910089427,0.9971487226277372,8768,0.0,0.0,0.0,138552,137059,806,581,0.9397810218978102,0.7767722473604827,0.8505367464905037,0.9150234741784038,0.9597448543677343,0.9379127293139677,0.7989311869850768,515,33,1434,148,0.9681895126628315,92.01616193994414,2130,0,1,mcc,0.7989311869850768,,,,,,,1,0.9918191628462641,0.0,0.0,0.00012076163544996996,0.0016021035884974763,1.0,2260,19980,0,319678,0
cl6_task2_fold1_seed42_directed_a1_pos_l020_v2,CL6,2,1,42,13,validation,817.9439592000563,0.0045807070852737055,0.9963503649635036,8768,0.0,0.0,0.0,137927,137674,806,591,0.8763866877971473,0.8340874811463047,0.8547140649149922,0.9117370892018779,0.9591752594278757,0.935233480107579,0.7918840903911136,553,78,1389,110,0.9684868522559458,92.0243002549978,2130,0,0,mcc,0.7918840903911136,,,,,,,1,0.9767360964749199,0.0,0.0,0.00019947513792239132,0.002948059898222897,1.0,2261,20050,0,320798,0
cl6_task2_fold1_seed42_directed_a1_pos_l020_v2,CL6,2,1,42,14,validation,824.7590207650792,0.0031757534133404234,0.9963503649635036,8768,0.0,0.0,0.0,137702,137952,805,538,0.8990228013029316,0.832579185520362,0.8645262333594361,0.9187793427230047,0.9481884516168169,0.9273153125046004,0.8078650948992132,552,62,1405,111,0.959850779166391,92.33920104696881,2130,0,1,mcc,0.8078650948992132,,,,,,,1,0.9956874554011509,0.0,0.0,0.00016336324963100394,0.0022574667020196244,1.0,2264,20034,0,320542,0
cl6_task2_fold1_seed42_directed_a1_pos_l020_v2,CL6,2,1,42,15,validation,821.8590972379316,0.002327353514123573,0.9973768248175182,8768,0.0,0.0,0.0,138570,137045,857,577,0.9347014925373134,0.755656108597285,0.835696413678065,0.9075117370892019,0.9444295362736359,0.920854413467492,0.7807939209951605,501,35,1432,162,0.9570396085432786,92.15226524393074,2130,0,0,mcc,0.7807939209951605,,,,,,,1,0.9825902387336658,0.0,0.0,0.00011989215451557135,0.00155175563046839,1.0,2264,20038,0,320606,0
cl6_task2_fold1_seed42_directed_a1_pos_l020_v2,CL6,2,1,42,16,validation,837.394050488947,0.0026395732379992038,0.9977189781021898,8768,0.0,0.0,0.0,138351,137249,825,592,0.9384057971014492,0.7812971342383107,0.8526748971193415,0.915962441314554,0.9538782321171351,0.9386736326765764,0.8011006257928209,518,34,1433,145,0.9645032952015693,91.81468710594345,2130,0,0,mcc,0.8011006257928209,,,,,,,1,1.020622998870311,0.0,0.0,4.658277966022249e-05,0.000637259170005598,1.0,2264,20034,0,320542,0
cl6_task2_fold1_seed42_directed_a1_pos_l020_v2,CL6,2,1,42,17,validation,832.8074426320381,0.0035243031848842233,0.9961222627737226,8768,0.0,0.0,0.0,138395,137220,805,577,0.9342105263157895,0.7496229260935143,0.8317991631799163,0.9056338028169014,0.9529436440298944,0.9330419370785584,0.7762890597837256,497,35,1432,166,0.96116489232736,92.39031709299888,2130,0,0,mcc,0.7762890597837256,,,,,,,1,1.003281036990076,0.0,0.0,0.000171906464986129,0.0023110743328877852,1.0,2261,19982,0,319710,0
cl6_task2_fold1_seed42_directed_a1_pos_l020_v2,CL6,2,1,42,18,validation,821.494996144087,0.0030289057833341074,0.9971487226277372,8768,0.0,0.0,0.0,138146,137454,839,592,0.8849270664505673,0.8235294117647058,0.853125,0.9117370892018779,0.9464241467128511,0.9244351768036204,0.7911977812517738,546,71,1396,117,0.960640966298574,91.90194695896935,2130,0,0,mcc,0.7911977812517738,,,,,,,1,0.9963848591258708,0.0,0.0,0.00015063621909733985,0.0019496109679197288,1.0,2261,19946,0,319134,0
cl6_task2_fold1_seed42_directed_a1_pos_l020_v2,CL6,2,1,42,19,validation,832.540261926013,0.002296514732651856,0.9971487226277372,8768,0.0,0.0,0.0,137904,137754,818,534,0.9199255121042831,0.7450980392156863,0.8233333333333334,0.9004694835680751,0.9516954702808185,0.9231691123723885,0.7632385629145526,494,43,1424,169,0.9569666512376293,92.16135570092592,2130,0,0,mcc,0.7632385629145526,,,,,,,1,1.0005612163294624,0.0,0.0,0.00012958964266846477,0.0018661562635904616,1.0,2263,19994,0,319902,0
cl6_task2_fold1_seed42_directed_a2_pos_l001_mut_l0025,CL6,2,1,42,0,validation,808.7827820429811,0.0735920544166428,0.8662180656934306,8768,0.0,0.0,0.0,138432,137173,842,587,0.7138888888888889,0.77526395173454,0.7433116413593637,0.8333333333333334,0.9092133523746659,0.8385888848770497,0.6213856260817616,514,206,1261,149,0.923196676144504,92.00044583401177,2130,0,0,mcc,0.6213856260817616,,,,,,,0,0.0,0.0,0.0,0.0,0.0,0.0,0,0,0,0,0
cl6_task2_fold1_seed42_directed_a2_pos_l001_mut_l0025,CL6,2,1,42,1,validation,803.3654379009968,0.018558004477007502,0.9762773722627737,8768,0.0,0.0,0.0,137643,138003,853,546,0.7405966277561609,0.861236802413273,0.796373779637378,0.8629107981220657,0.9294699579795213,0.874222934050243,0.698418106970615,571,200,1267,92,0.9375895435209063,91.88829202693887,2130,0,0,mcc,0.698418106970615,,,,,,,0,0.0,0.0,0.0,0.0,0.0,0.0,0,0,0,0,0
cl6_task2_fold1_seed42_directed_a2_pos_l001_mut_l0025,CL6,2,1,42,2,validation,811.204274268006,0.01467763484718028,0.983690693430657,8768,0.0,0.0,0.0,138143,137476,804,573,0.7971223021582734,0.8355957767722474,0.8159057437407953,0.8826291079812206,0.9431957566205129,0.9061659436685731,0.7302652571335781,554,141,1326,109,0.9536805968833345,91.87365796801168,2130,0,0,mcc,0.7302652571335781,,,,,,,0,0.0,0.0,0.0,0.0,0.0,0.0,0,0,0,0,0
cl6_task2_fold1_seed42_directed_a2_pos_l001_mut_l0025,CL6,2,1,42,3,validation,842.4091788679361,0.008659278701698385,0.9909899635036497,8768,0.0,0.0,0.0,138354,137290,830,548,0.75390625,0.8733031674208145,0.8092243186582809,0.8718309859154929,0.9376262696363744,0.9050459454419699,0.7178755560292958,579,189,1278,84,0.9442815578919527,91.99403153499588,2130,0,1,mcc,0.7178755560292958,,,,,,,1,0.9058878786562785,1.0639237374624742,0.0,0.0002451762582311387,0.031986214129942174,0.5,4176,19864,32564,838846,0
cl6_task2_fold1_seed42_directed_a2_pos_l001_mut_l0025,CL6,2,1,42,4,validation,835.3198751619784,0.008784229786344307,0.9898494525547445,8768,0.0,0.0,0.0,137646,137976,796,570,0.8054363376251789,0.8491704374057315,0.8267254038179148,0.8892018779342723,0.9491723908901822,0.914900246466561,0.7459364265585244,563,136,1331,100,0.9577760144592123,91.904688420007,2130,0,1,mcc,0.7459364265585244,,,,,,,1,0.9274294590509503,1.0812293318759678,0.0,0.0004696351581187621,0.030167884509256088,1.0,4232,20056,36574,906077,0
cl6_task2_fold1_seed42_directed_a2_pos_l001_mut_l0025,CL6,2,1,42,5,validation,842.3350988189923,0.005410687606380594,0.9946395985401459,8768,0.0,0.0,0.0,137922,137671,791,599,0.7753623188405797,0.8069381598793364,0.7908351810790836,0.8671361502347418,0.9239035554445154,0.8756491305422875,0.6938373948853872,535,155,1312,128,0.9381205228239546,92.0883593010949,2130,0,0,mcc,0.6938373948853872,,,,,,,1,0.9197811444636679,1.0844253284931455,0.0,0.00028808135304147164,0.019433982212614682,1.0,4225,19946,38340,932573,0
cl6_task2_fold1_seed42_directed_a2_pos_l001_mut_l0025,CL6,2,1,42,6,validation,836.6509451450547,0.004564141094829937,0.9955520072992701,8768,0.0,0.0,0.0,137695,137935,795,562,0.8056801195814649,0.8129713423831071,0.8093093093093093,0.8807511737089202,0.9377321690566007,0.9009976508182034,0.7225787538636934,539,130,1337,124,0.9492040820824792,91.71609912603162,2130,0,0,mcc,0.7225787538636934,,,,,,,1,0.9242480139581174,1.0875774368942872,0.0,0.00025066948835940665,0.014830368807357396,1.0,4225,20026,39331,949709,0
cl6_task2_fold1_seed42_directed_a2_pos_l001_mut_l0025,CL6,2,1,42,7,validation,834.3837402429199,0.006988913285538019,0.9927007299270073,8768,0.0,0.0,0.0,138356,137268,811,568,0.9194395796847635,0.7918552036199095,0.8508914100486223,0.9136150234741784,0.9519196069178025,0.9300484993497607,0.7949305392834948,525,46,1421,138,0.9633573585487888,92.2421111810254,2130,0,1,mcc,0.7949305392834948,,,,,,,1,0.9624498240840044,1.0785040429310642,0.0,0.000361290831105358,0.02298402031051293,1.0,4235,20022,39780,956829,0
cl6_task2_fold1_seed42_directed_a2_pos_l001_mut_l0025,CL6,2,1,42,8,validation,851.025258476031,0.004131978438055449,0.995780109489051,8768,0.0,0.0,0.0,137886,137725,839,581,0.8053977272727273,0.8552036199095022,0.8295537673738113,0.8906103286384977,0.9566686304326145,0.9285787309080603,0.7498522137357704,567,137,1330,96,0.9636736538164827,91.75841503194533,2130,0,0,mcc,0.7498522137357704,,,,,,,1,1.010937418353601,1.0827256824352174,0.0,0.00021370290097457286,0.0143800791426624,1.0,4228,20040,42205,995916,0
cl6_task2_fold1_seed42_directed_a2_pos_l001_mut_l0025,CL6,2,1,42,9,validation,846.1123624930624,0.0036924436953092972,0.9965784671532847,8768,0.0,0.0,0.0,138489,137133,877,570,0.8185907046476761,0.8235294117647058,0.8210526315789474,0.888262910798122,0.9497193665364001,0.9196576600623981,0.7398321038491833,546,121,1346,117,0.9578610945799995,91.74533317494206,2130,0,0,mcc,0.7398321038491833,,,,,,,1,1.0424331008409062,1.0868920298143678,0.0,0.00021120733032153012,0.012318441004705083,1.0,4229,20002,42575,1001229,0
cl6_task2_fold1_seed42_directed_a2_pos_l001_mut_l0025,CL6,2,1,42,10,validation,850.936248289072,0.003708294953602543,0.995780109489051,8768,0.0,0.0,0.0,137913,137732,809,547,0.9152854511970534,0.7496229260935143,0.824212271973466,0.9004694835680751,0.9532654548894174,0.9260214795694856,0.7630781245869735,497,46,1421,166,0.9589746302541383,92.42759019997902,2130,0,0,mcc,0.7630781245869735,,,,,,,1,1.0079617244361416,1.1090456617972304,0.0,0.00022287020996666765,0.011985481959611058,1.0,4268,20004,45147,1042413,0
cl6_task2_fold1_seed42_directed_a2_pos_l001_mut_l0025,CL6,2,1,42,11,validation,845.1689594879281,0.0039296115801219665,0.9961222627737226,8768,0.0,0.0,0.0,138353,137251,785,588,0.8340365682137834,0.8944193061840121,0.8631732168850073,0.9117370892018779,0.9571405511499341,0.9369533892611718,0.7992104982322321,593,118,1349,70,0.9629733959311423,92.6759495899314,2130,0,1,mcc,0.7992104982322321,,,,,,,1,1.0280946080103843,1.101094087259504,0.0,0.00021345278769745353,0.011809075081993067,1.0,4239,19980,41645,985997,0
cl6_task2_fold1_seed42_directed_a2_pos_l001_mut_l0025,CL6,2,1,42,12,validation,849.2202546639601,0.0025999814354932763,0.9966925182481752,8768,0.0,0.0,0.0,138552,137059,806,581,0.9512195121951219,0.7058823529411765,0.8103896103896104,0.8971830985915493,0.951527881877936,0.9356050110169314,0.7574966599833296,468,24,1443,195,0.9542941215367321,92.50498086807784,2130,0,0,mcc,0.7574966599833296,,,,,,,1,1.0361589818349937,1.1017026736088316,0.0,0.00014074374737550329,0.008746092390293224,1.0,4261,19980,44944,1038781,0
cl6_task2_fold1_seed42_directed_a2_pos_l001_mut_l0025,CL6,2,1,42,13,validation,847.1728886740748,0.0034900222935670207,0.9962363138686131,8768,0.0,0.0,0.0,137927,137674,806,591,0.8764607679465777,0.7918552036199095,0.8320126782884311,0.9004694835680751,0.9515710641657953,0.9221627409264272,0.7635377209068227,525,74,1393,138,0.9608071590733761,92.49293092405424,2130,0,0,mcc,0.7635377209068227,,,,,,,1,1.022010965361158,1.1113001954585422,0.0,0.00018548096008795686,0.010561532868326408,1.0,4259,20050,47073,1073965,0
cl6_task2_fold1_seed42_directed_a2_pos_l001_mut_l0025,CL6,2,1,42,14,validation,850.03216496401,0.004821510069641679,0.9953239051094891,8768,0.0,0.0,0.0,137702,137952,805,538,0.9220563847429519,0.8386123680241327,0.8783570300157978,0.927699530516432,0.9564650567898494,0.9364459355282844,0.8289683887797701,556,47,1420,107,0.9666552050959907,92.5779296120163,2130,0,1,mcc,0.8289683887797701,,,,,,,1,1.035728443672296,1.1017662245630675,0.0,0.00022590629022466104,0.014157914878505755,1.0,4230,20034,48433,1095468,0
cl6_task2_fold1_seed42_directed_a2_pos_l001_mut_l0025,CL6,2,1,42,15,validation,848.405276539037,0.003392592784511734,0.9954379562043796,8768,0.0,0.0,0.0,138570,137045,857,577,0.8694942903752039,0.803921568627451,0.835423197492163,0.9014084507042254,0.950439071334055,0.9171411976525212,0.7664005756575429,533,80,1387,130,0.9584028742092617,92.34921949601267,2130,0,0,mcc,0.7664005756575429,,,,,,,1,1.0426076107733224,1.1310952979541065,0.0,0.00020446192828152613,0.011660348258803618,1.0,4232,20038,47758,1084732,0
cl6_task2_fold1_seed42_directed_a2_pos_l001_mut_l0025,CL6,2,1,42,16,validation,854.1360125829233,0.002153143734448814,0.9972627737226277,8768,0.0,0.0,0.0,138351,137249,825,592,0.9296482412060302,0.8371040723981901,0.8809523809523809,0.9295774647887324,0.9541049391283963,0.9398031285590114,0.8334503854170017,555,42,1425,108,0.9633060018955675,92.62542918289546,2130,0,1,mcc,0.8334503854170017,,,,,,,1,1.0828761531271203,1.1280100823237296,0.0,0.00011104366958587295,0.006641302781081393,1.0,4270,20034,47476,1080156,0
cl6_task2_fold1_seed42_directed_a2_pos_l001_mut_l0025,CL6,2,1,42,17,validation,850.5689101639437,0.0023206900679372975,0.9972627737226277,8768,0.0,0.0,0.0,138395,137220,805,577,0.9118136439267887,0.8265460030165912,0.8670886075949367,0.9211267605633803,0.9465454683787415,0.9283480601904355,0.8131816725234468,548,53,1414,115,0.9618735259758866,92.52371548092924,2130,0,0,mcc,0.8131816725234468,,,,,,,1,1.068586787385662,1.125258847581644,0.0,0.00011449801896977483,0.00660910852316083,1.0,4259,19982,47989,1087533,0
cl6_task2_fold1_seed42_directed_a2_pos_l001_mut_l0025,CL6,2,1,42,18,validation,847.2069508139975,0.002709855802566246,0.9980611313868614,8768,0.0,0.0,0.0,138146,137454,839,592,0.9334532374100719,0.7828054298642534,0.8515176374077112,0.9150234741784038,0.9457486523527665,0.9286992795717288,0.7986615777325897,519,37,1430,144,0.9598543058035222,92.52979454607703,2130,0,0,mcc,0.7986615777325897,,,,,,,1,1.1456464764927208,1.1011765288617326,0.0,0.00012660268408536376,0.007086059235516533,1.0,4255,19946,50710,1130493,0
cl6_task2_fold1_seed42_directed_a2_pos_l001_mut_l0025,CL6,2,1,42,19,validation,854.7714444949524,0.0033665128558003836,0.9952098540145985,8768,0.0,0.0,0.0,137904,137754,818,534,0.8639876352395672,0.8431372549019608,0.8534351145038168,0.9098591549295775,0.9441324010071755,0.9229420364193832,0.788487023022472,559,88,1379,104,0.9578694703431858,92.38636518793646,2130,0,0,mcc,0.788487023022472,,,,,,,1,1.104699790885631,1.1537637762575799,0.0,0.00013987731365660904,0.008678241305495202,1.0,4278,19994,56052,1216733,0
cl6_task2_fold1_seed42_directed_a2_pos_l001_mut_l0025,CL6,2,1,42,20,validation,863.4759285890032,0.0030721560783879267,0.9974908759124088,8768,0.0,0.0,0.0,137745,137893,776,554,0.8558421851289834,0.8506787330316742,0.8532526475037822,0.9089201877934272,0.9410592615211886,0.9123981396539077,0.7872297862553504,564,95,1372,99,0.9535043752341907,92.3707725709537,2130,0,0,mcc,0.7872297862553504,,,,,,,1,1.0898255425620906,1.1691848130040143,0.0,0.0001600613413641903,0.009722091609795236,1.0,4289,19998,55492,1207836,0
cl6_task2_fold1_seed42_directed_a2_pos_l001_mut_l0025,CL6,2,1,42,21,validation,851.9206708890852,0.0024483518154674875,0.9970346715328468,8768,0.0,0.0,0.0,137787,137848,821,557,0.9515503875968992,0.7405731523378583,0.8329092451229856,0.9075117370892019,0.948424926050332,0.9248859136167735,0.7819026610603654,491,25,1442,172,0.954338645330512,92.51234456896782,2130,0,0,mcc,0.7819026610603654,,,,,,,1,1.0761623142056005,1.1553275627695894,0.0,0.0001470275418441245,0.007072073878024308,1.0,4285,19998,56877,1229997,0
cl6_task2_fold1_seed42_directed_a3_pos_l001_neg_l0025,CL6,2,1,42,0,validation,806.2253944569966,0.0735920544166428,0.8662180656934306,8768,0.0,0.0,0.0,138432,137173,842,587,0.7138888888888889,0.77526395173454,0.7433116413593637,0.8333333333333334,0.9092133523746659,0.8385888848770497,0.6213856260817616,514,206,1261,149,0.923196676144504,91.42507635196671,2130,0,0,mcc,0.6213856260817616,,,,,,,0,0.0,0.0,0.0,0.0,0.0,0.0,0,0,0,0,0
cl6_task2_fold1_seed42_directed_a3_pos_l001_neg_l0025,CL6,2,1,42,1,validation,793.5360983069986,0.018558004477007502,0.9762773722627737,8768,0.0,0.0,0.0,137643,138003,853,546,0.7405966277561609,0.861236802413273,0.796373779637378,0.8629107981220657,0.9294699579795213,0.874222934050243,0.698418106970615,571,200,1267,92,0.9375895435209063,91.96302397293039,2130,0,0,mcc,0.698418106970615,,,,,,,0,0.0,0.0,0.0,0.0,0.0,0.0,0,0,0,0,0
cl6_task2_fold1_seed42_directed_a3_pos_l001_neg_l0025,CL6,2,1,42,2,validation,806.605285763042,0.01467763484718028,0.983690693430657,8768,0.0,0.0,0.0,138143,137476,804,573,0.7971223021582734,0.8355957767722474,0.8159057437407953,0.8826291079812206,0.9431957566205129,0.9061659436685731,0.7302652571335781,554,141,1326,109,0.9536805968833345,91.38347617594991,2130,0,0,mcc,0.7302652571335781,,,,,,,0,0.0,0.0,0.0,0.0,0.0,0.0,0,0,0,0,0
cl6_task2_fold1_seed42_directed_a3_pos_l001_neg_l0025,CL6,2,1,42,3,validation,836.735299890046,0.008657356254393244,0.9912180656934306,8768,0.0,0.0,0.0,138354,137290,830,548,0.7571801566579635,0.8748114630467572,0.8117564730580826,0.8737089201877934,0.9375440176594994,0.9048957789773301,0.7217132498029845,580,186,1281,83,0.9445967510855431,91.58709840290248,2130,0,1,mcc,0.7217132498029845,,,,,,,1,0.9047410697778211,0.0,0.02870390549582305,0.00018386100522279237,0.08779115138892023,0.5,6521,19864,0,317822,36983
cl6_task2_fold1_seed42_directed_a3_pos_l001_neg_l0025,CL6,2,1,42,4,validation,832.5662380979629,0.008855084599076204,0.9896213503649635,8768,0.0,0.0,0.0,137646,137976,796,570,0.808695652173913,0.8416289592760181,0.8248337028824834,0.8887323943661972,0.9497450702791734,0.9156858768647718,0.7436718629469564,558,132,1335,105,0.9585679649099605,91.81528133596294,2130,0,1,mcc,0.7436718629469564,,,,,,,1,0.9251981155715719,0.0,0.02943374494561861,0.000350374624748917,0.1115283458536471,1.0,6528,20056,0,320894,37465
cl6_task2_fold1_seed42_directed_a3_pos_l001_neg_l0025,CL6,2,1,42,5,validation,843.7462328550173,0.005530988498977146,0.9949817518248175,8768,0.0,0.0,0.0,137922,137671,791,599,0.8002980625931445,0.8099547511312217,0.8050974512743628,0.8779342723004695,0.9316280442227753,0.8899623644481344,0.7162708950651249,537,134,1333,126,0.9446872313694373,91.73759171296842,2130,0,0,mcc,0.7162708950651249,,,,,,,1,0.9201157099166273,0.0,0.031151217102516275,0.0002203246533262032,0.06545869669277352,1.0,6516,19946,0,319134,37129
cl6_task2_fold1_seed42_directed_a3_pos_l001_neg_l0025,CL6,2,1,42,6,validation,833.3409471360501,0.0040905352290366475,0.9953239051094891,8768,0.0,0.0,0.0,137695,137935,795,562,0.8105095541401274,0.7677224736048266,0.7885360185902401,0.8718309859154929,0.9317329154932907,0.8913652368034664,0.6972101603368676,509,119,1348,154,0.9456397540170601,91.56721440097317,2130,0,0,mcc,0.6972101603368676,,,,,,,1,0.9206211560670912,0.0,0.03255887468411106,0.00015566563394912492,0.05430918783790709,1.0,6530,20026,0,320414,37148
cl6_task2_fold1_seed42_directed_a3_pos_l001_neg_l0025,CL6,2,1,42,7,validation,841.07671837206,0.005808345508590189,0.9942974452554745,8768,0.0,0.0,0.0,138356,137268,811,568,0.9701834862385321,0.6380090497737556,0.7697907188353048,0.8812206572769953,0.9554050344378745,0.9294415738661708,0.7219785562223546,423,13,1454,240,0.9537426436553594,91.45162387203891,2130,0,0,mcc,0.7219785562223546,,,,,,,1,0.9340879649984358,0.0,0.03313454328822677,0.00024655010630529785,0.05916952410530397,1.0,6521,20022,0,320350,37703
cl6_task2_fold1_seed42_directed_a3_pos_l001_neg_l0025,CL6,2,1,42,8,validation,843.2466439420823,0.005634475010659026,0.994411496350365,8768,0.0,0.0,0.0,137886,137725,839,581,0.8328220858895705,0.8190045248868778,0.8258555133079848,0.8924882629107981,0.9484064193555353,0.9143850316260117,0.7481592393166357,543,109,1358,120,0.9588669576142299,91.68464785802644,2130,0,1,mcc,0.7481592393166357,,,,,,,1,0.9473935941057484,0.0,0.03612971573676761,0.0002325688325698314,0.09216986873392846,1.0,6530,20040,0,320638,37735
cl6_task2_fold1_seed42_directed_a3_pos_l001_neg_l0025,CL6,2,1,42,9,validation,841.5616754060611,0.004365535898431779,0.9954379562043796,8768,0.0,0.0,0.0,138489,137133,877,570,0.8369905956112853,0.8054298642533937,0.8209069946195234,0.8906103286384977,0.9410294451795714,0.916101368558722,0.7424901204689238,534,104,1363,129,0.957200511362384,91.71712628297973,2130,0,0,mcc,0.7424901204689238,,,,,,,1,0.9504078376875089,0.0,0.03613802786329319,0.00019080675602193368,0.07053092869107475,1.0,6527,20002,0,320030,37866
cl6_task2_fold1_seed42_directed_a3_pos_l001_neg_l0025,CL6,2,1,42,10,validation,846.8431345860008,0.004041908707533804,0.9954379562043796,8768,0.0,0.0,0.0,137913,137732,809,547,0.912109375,0.7043740573152338,0.7948936170212766,0.8868544600938967,0.9456705129747353,0.9167517067652584,0.729984469454318,467,45,1422,196,0.9498606978333224,92.10944611195009,2130,0,0,mcc,0.729984469454318,,,,,,,1,0.976135847967689,0.0,0.038810572392574044,0.00019857085115681145,0.06085726221520009,1.0,6525,20004,0,320062,38382
cl6_task2_fold1_seed42_directed_a3_pos_l001_neg_l0025,CL6,2,1,42,11,validation,839.9155654589413,0.004424730322120963,0.9962363138686131,8768,0.0,0.0,0.0,138353,137251,785,588,0.8591549295774648,0.8280542986425339,0.8433179723502304,0.9042253521126761,0.9463758236764371,0.921901515101168,0.7746591273428928,549,90,1377,114,0.9574520046727943,92.23626763897482,2130,0,1,mcc,0.7746591273428928,,,,,,,1,0.9808921027982974,0.0,0.039090504345524864,0.00016644647591771986,0.046134358542740866,1.0,6529,19980,0,319678,38598
cl6_task2_fold1_seed42_directed_a3_pos_l001_neg_l0025,CL6,2,1,42,12,validation,841.7272131639766,0.0034205886046175926,0.9971487226277372,8768,0.0,0.0,0.0,138552,137059,806,581,0.9526748971193416,0.698340874811463,0.8059181897302001,0.8953051643192488,0.9545331634830011,0.9304729090957439,0.7531975575052755,463,23,1444,200,0.9560503868280105,92.12528260308318,2130,0,0,mcc,0.7531975575052755,,,,,,,1,1.010935333571023,0.0,0.04187520447588206,0.00011547474709940831,0.03500752107513449,1.0,6510,19980,0,319678,38146
cl6_task2_fold1_seed42_directed_a3_pos_l001_neg_l0025,CL6,2,1,42,13,validation,840.2559009669349,0.003438999641697921,0.9969206204379562,8768,0.0,0.0,0.0,137927,137674,806,591,0.885483870967742,0.8280542986425339,0.8558067030397506,0.9131455399061033,0.9595330555272815,0.9380538223954196,0.7946770000797023,549,71,1396,114,0.9695102382684211,91.96766915905755,2130,0,1,mcc,0.7946770000797023,,,,,,,1,0.9847790645231513,0.0,0.04261130033473885,0.00013636646730138464,0.08364800555020521,1.0,6524,20050,0,320798,38013
cl6_task2_fold1_seed42_directed_a3_pos_l001_neg_l0025,CL6,2,1,42,14,validation,846.6195466100471,0.0026234040015564084,0.9972627737226277,8768,0.0,0.0,0.0,137702,137952,805,538,0.8836065573770492,0.8129713423831071,0.8468185388845247,0.9084507042253521,0.9481750856705746,0.9229546778370848,0.7830765334297299,539,71,1396,124,0.9586786131499482,91.83071454998571,2130,0,0,mcc,0.7830765334297299,,,,,,,1,0.9839485422674105,0.0,0.043153061153346765,0.00012336772233524534,0.037641350760585154,1.0,6529,20034,0,320542,38199
cl6_task2_fold1_seed42_directed_a3_pos_l001_neg_l0025,CL6,2,1,42,15,validation,845.958589205984,0.004745743017930809,0.9952098540145985,8768,0.0,0.0,0.0,138570,137045,857,577,0.8605388272583201,0.8190045248868778,0.839258114374034,0.9023474178403755,0.9381567948872171,0.9090805697067927,0.7696769679924277,543,88,1379,120,0.9504207718927021,92.35866541706491,2130,0,0,mcc,0.7696769679924277,,,,,,,1,0.9991248908323528,0.0,0.04417168466760063,0.00018015082967342086,0.045269608093341074,1.0,6520,20038,0,320606,37768
cl6_task2_fold1_seed42_directed_a3_pos_l001_neg_l0025,CL6,2,1,42,16,validation,849.4582409419818,0.002347562067078802,0.9963503649635036,8768,0.0,0.0,0.0,138351,137249,825,592,0.9210053859964094,0.7737556561085973,0.840983606557377,0.9089201877934272,0.9479087948954423,0.9290691440273259,0.7836355397244017,513,44,1423,150,0.9561542022085564,92.3831405909732,2130,0,0,mcc,0.7836355397244017,,,,,,,1,1.0169333569351993,0.0,0.0447237007434643,8.858392445192387e-05,0.020345560894603387,1.0,6524,20034,0,320542,38725
cl6_task2_fold1_seed42_directed_a3_pos_l001_neg_l0025,CL6,2,1,42,17,validation,848.3456515430007,0.0037210144655765187,0.9969206204379562,8768,0.0,0.0,0.0,138395,137220,805,577,0.9230769230769231,0.7420814479638009,0.822742474916388,0.9004694835680751,0.9463089939452264,0.9240794657277038,0.7633698717626355,492,41,1426,171,0.9580660803632437,92.06475646991748,2130,0,0,mcc,0.7633698717626355,,,,,,,1,1.0478023233395206,0.0,0.04540017392697921,0.00012285785612493826,0.07914991108885647,1.0,6536,19982,0,319710,38729
cl6_task2_fold1_seed42_directed_a3_pos_l001_neg_l0025,CL6,2,1,42,18,validation,845.1570003019879,0.004641643058253035,0.9961222627737226,8768,0.0,0.0,0.0,138146,137454,839,592,0.850328947368421,0.779788838612368,0.8135326514555468,0.8887323943661972,0.9196758038331477,0.891603451936263,0.7358519306466221,517,91,1376,146,0.9428378408164164,92.293891938054,2130,0,0,mcc,0.7358519306466221,,,,,,,1,1.0313932576019615,0.0,0.047611348420622875,0.00017179782430358232,0.07569947701972304,1.0,6532,19946,0,319134,38965
cl6_task2_fold1_seed42_directed_selected_a1_e28,CL6,2,1,42,0,fixed_epoch_full_train,934.5169461600017,0.08153990848729983,0.8391020569620253,10112,0.0,0.0,0.0,159002,158968,785,558,,,,,,,,,,,,,,,,1,mcc,0.0,,,,,,,1,0.0,0.0,0.0,0.0,0.0,0.0,0,0,0,0,0
cl6_task2_fold1_seed42_directed_selected_a1_e28,CL6,2,1,42,1,fixed_epoch_full_train,935.7523384330561,0.020801980412161237,0.9730023734177216,10112,0.0,0.0,0.0,159666,158243,792,619,,,,,,,,,,,,,,,,1,mcc,1.0,,,,,,,1,0.0,0.0,0.0,0.0,0.0,0.0,0,0,0,0,0
cl6_task2_fold1_seed42_directed_selected_a1_e28,CL6,2,1,42,2,fixed_epoch_full_train,924.1861809620168,0.013896378910608067,0.9840783227848101,10112,0.0,0.0,0.0,159817,158163,798,548,,,,,,,,,,,,,,,,1,mcc,2.0,,,,,,,1,0.0,0.0,0.0,0.0,0.0,0.0,0,0,0,0,0
cl6_task2_fold1_seed42_directed_selected_a1_e28,CL6,2,1,42,3,fixed_epoch_full_train,949.5052197399782,0.008247869795359165,0.9911985759493671,10112,0.0,0.0,0.0,159348,158602,822,578,,,,,,,,,,,,,,,,1,mcc,3.0,,,,,,,1,1.0438179877598452,0.0,0.0,0.00016773058199952336,0.009351330396735311,0.5,2631,22232,0,355710,0
cl6_task2_fold1_seed42_directed_selected_a1_e28,CL6,2,1,42,4,fixed_epoch_full_train,951.7729856929509,0.007590278760856452,0.9912974683544303,10112,0.0,0.0,0.0,158678,159247,839,603,,,,,,,,,,,,,,,,1,mcc,4.0,,,,,,,1,1.0088980144974362,0.0,0.0,0.0003324866976121375,0.009355473555476097,1.0,2630,22224,0,355582,0
cl6_task2_fold1_seed42_directed_selected_a1_e28,CL6,2,1,42,5,fixed_epoch_full_train,950.6169166839682,0.005892544775478176,0.9943631329113924,10112,0.0,0.0,0.0,159579,158366,741,583,,,,,,,,,,,,,,,,1,mcc,5.0,,,,,,,1,1.0232008340638838,0.0,0.0,0.0002318986424902954,0.006178134191084903,1.0,2628,22212,0,355390,0
cl6_task2_fold1_seed42_directed_selected_a1_e28,CL6,2,1,42,6,fixed_epoch_full_train,951.174339500023,0.005208854698970716,0.9951542721518988,10112,0.0,0.0,0.0,158767,159190,853,571,,,,,,,,,,,,,,,,1,mcc,6.0,,,,,,,1,1.0215684977607637,0.0,0.0,0.00019848661297251478,0.00526200884710247,1.0,2628,22204,0,355262,0
cl6_task2_fold1_seed42_directed_selected_a1_e28,CL6,2,1,42,7,fixed_epoch_full_train,930.5003635629546,0.005122848088737139,0.9954509493670886,10112,0.0,0.0,0.0,159337,158592,794,599,,,,,,,,,,,,,,,,1,mcc,7.0,,,,,,,1,1.057813903246122,0.0,0.0,0.00018853089052857112,0.0050580410947149435,1.0,2630,22216,0,355454,0
cl6_task2_fold1_seed42_directed_selected_a1_e28,CL6,2,1,42,8,fixed_epoch_full_train,943.9259251930052,0.004179082011817627,0.9968354430379747,10112,0.0,0.0,0.0,158940,158993,798,595,,,,,,,,,,,,,,,,1,mcc,8.0,,,,,,,1,1.060954644344747,0.0,0.0,0.00014601101978775386,0.003980033947524167,1.0,2631,22214,0,355422,0
cl6_task2_fold1_seed42_directed_selected_a1_e28,CL6,2,1,42,9,fixed_epoch_full_train,935.1022917970549,0.004471173929986613,0.9951542721518988,10112,0.0,0.0,0.0,158940,159005,786,583,,,,,,,,,,,,,,,,1,mcc,9.0,,,,,,,1,1.074152820578576,0.0,0.0,0.00015545434548068556,0.003872737626273456,1.0,2628,22176,0,354814,0
cl6_task2_fold1_seed42_directed_selected_a1_e28,CL6,2,1,42,10,fixed_epoch_full_train,948.4701225630706,0.0034406091207326932,0.996934335443038,10112,0.0,0.0,0.0,159309,158654,818,565,,,,,,,,,,,,,,,,1,mcc,10.0,,,,,,,1,1.0788757878862605,0.0,0.0,0.00013280569402584856,0.003358411915693115,1.0,2631,22224,0,355582,0
cl6_task2_fold1_seed42_directed_selected_a1_e28,CL6,2,1,42,11,fixed_epoch_full_train,942.6184865250252,0.0033720616345897284,0.9967365506329114,10112,0.0,0.0,0.0,159274,158704,879,550,,,,,,,,,,,,,,,,1,mcc,11.0,,,,,,,1,1.0820385683327913,0.0,0.0,0.0001166331514689986,0.0029574628407277917,1.0,2630,22216,0,355454,0
cl6_task2_fold1_seed42_directed_selected_a1_e28,CL6,2,1,42,12,fixed_epoch_full_train,957.7575156700332,0.0030849581334416562,0.9960443037974683,10112,0.0,0.0,0.0,159309,158649,793,570,,,,,,,,,,,,,,,,1,mcc,12.0,,,,,,,1,1.0746359288032297,0.0,0.0,0.00011490475277054823,0.0029946383580761785,1.0,2627,22206,0,355294,0
cl6_task2_fold1_seed42_directed_selected_a1_e28,CL6,2,1,42,13,fixed_epoch_full_train,958.5213315340225,0.0024073541379945025,0.9980221518987342,10112,0.0,0.0,0.0,158855,159084,816,589,,,,,,,,,,,,,,,,1,mcc,13.0,,,,,,,1,1.0710735483377982,0.0,0.0,7.14054773055537e-05,0.0021439482377453643,1.0,2632,22224,0,355582,0
cl6_task2_fold1_seed42_directed_selected_a1_e28,CL6,2,1,42,14,fixed_epoch_full_train,950.4718775249785,0.0030317117392119094,0.9973299050632911,10112,0.0,0.0,0.0,159088,158827,813,613,,,,,,,,,,,,,,,,1,mcc,14.0,,,,,,,1,1.0806808485001136,0.0,0.0,9.926373538620861e-05,0.0027050448343756135,1.0,2630,22230,0,355678,0
cl6_task2_fold1_seed42_directed_selected_a1_e28,CL6,2,1,42,15,fixed_epoch_full_train,942.5707227759995,0.0022920977523085188,0.9978243670886076,10112,0.0,0.0,0.0,159175,158802,839,551,,,,,,,,,,,,,,,,1,mcc,15.0,,,,,,,1,1.0787506046339492,0.0,0.0,8.60661913413146e-05,0.0022677162193804152,1.0,2629,22226,0,355614,0
cl6_task2_fold1_seed42_directed_selected_a1_e28,CL6,2,1,42,16,fixed_epoch_full_train,944.6868319869973,0.0029046967549100937,0.997626582278481,10112,0.0,0.0,0.0,159120,158843,809,565,,,,,,,,,,,,,,,,1,mcc,16.0,,,,,,,1,1.0984342911905502,0.0,0.0,7.096982903200103e-05,0.0017940154908008136,1.0,2629,22204,0,355262,0
cl6_task2_fold1_seed42_directed_selected_a1_e28,CL6,2,1,42,17,fixed_epoch_full_train,944.1725920040626,0.0022460881576588615,0.9985166139240507,10112,0.0,0.0,0.0,159129,158834,809,565,,,,,,,,,,,,,,,,1,mcc,17.0,,,,,,,1,1.100076261023649,0.0,0.0,5.638890002438967e-05,0.0015872537385748116,1.0,2631,22210,0,355358,0
cl6_task2_fold1_seed42_directed_selected_a1_e28,CL6,2,1,42,18,fixed_epoch_full_train,945.3996861759806,0.002219294081652509,0.997626582278481,10112,0.0,0.0,0.0,159894,158035,798,599,,,,,,,,,,,,,,,,1,mcc,18.0,,,,,,,1,1.1118686535996916,0.0,0.0,8.08784122872969e-05,0.0019623384478888763,1.0,2631,22218,0,355486,0
cl6_task2_fold1_seed42_directed_selected_a1_e28,CL6,2,1,42,19,fixed_epoch_full_train,946.1503699140158,0.003334385605439225,0.9972310126582279,10112,0.0,0.0,0.0,159182,158765,833,581,,,,,,,,,,,,,,,,1,mcc,19.0,,,,,,,1,1.1084001969333879,0.0,0.0,0.00010368698973632338,0.002725749641580889,1.0,2627,22182,0,354910,0
cl6_task2_fold1_seed42_directed_selected_a1_e28,CL6,2,1,42,20,fixed_epoch_full_train,956.8383886170341,0.0030349470806995773,0.9975276898734177,10112,0.0,0.0,0.0,159244,158723,836,561,,,,,,,,,,,,,,,,1,mcc,20.0,,,,,,,1,1.118190430175466,0.0,0.0,0.00011278534211015605,0.0028420913709780774,1.0,2631,22222,0,355550,0
cl6_task2_fold1_seed42_directed_selected_a1_e28,CL6,2,1,42,21,fixed_epoch_full_train,943.4214125069557,0.0016128369755163776,0.9982199367088608,10112,0.0,0.0,0.0,159124,158833,774,571,,,,,,,,,,,,,,,,1,mcc,21.0,,,,,,,1,1.1210447941093316,0.0,0.0,7.623142753130059e-05,0.0018485158011033549,1.0,2628,22198,0,355166,0
cl6_task2_fold1_seed42_directed_selected_a1_e28,CL6,2,1,42,22,fixed_epoch_full_train,951.5083692509215,0.002754966090523588,0.9973299050632911,10112,0.0,0.0,0.0,159259,158723,855,546,,,,,,,,,,,,,,,,1,mcc,22.0,,,,,,,1,1.1128959493900212,0.0,0.0,7.900975836302529e-05,0.0020994852933584377,1.0,2630,22226,0,355614,0
cl6_task2_fold1_seed42_directed_selected_a1_e28,CL6,2,1,42,23,fixed_epoch_full_train,965.607254434959,0.001785525734268422,0.9987143987341772,10112,0.0,0.0,0.0,159667,158302,836,559,,,,,,,,,,,,,,,,1,mcc,23.0,,,,,,,1,1.1086937492784066,0.0,0.0,5.843530547929671e-05,0.0015267876787950839,1.0,2630,22228,0,355646,0
cl6_task2_fold1_seed42_directed_selected_a1_e28,CL6,2,1,42,24,fixed_epoch_full_train,959.0766443239991,0.003283915373001521,0.9963409810126582,10112,0.0,0.0,0.0,159773,158211,791,544,,,,,,,,,,,,,,,,1,mcc,24.0,,,,,,,1,1.141171293321384,0.0,0.0,0.00014723529412530547,0.0036207358281982512,1.0,2631,22222,0,355550,0
cl6_task2_fold1_seed42_directed_selected_a1_e28,CL6,2,1,42,25,fixed_epoch_full_train,954.0268538210075,0.0012677761418921857,0.9987143987341772,10112,0.0,0.0,0.0,159128,158845,788,555,,,,,,,,,,,,,,,,1,mcc,25.0,,,,,,,1,1.133158998422419,0.0,0.0,5.6591894960901185e-05,0.0012839178184479352,1.0,2625,22160,0,354558,0
cl6_task2_fold1_seed42_directed_selected_a1_e28,CL6,2,1,42,26,fixed_epoch_full_train,961.9480813019909,0.002141406802789868,0.998318829113924,10112,0.0,0.0,0.0,159251,158661,851,616,,,,,,,,,,,,,,,,1,mcc,26.0,,,,,,,1,1.1341182503000469,0.0,0.0,7.874530894276507e-05,0.0019539617028185774,1.0,2629,22204,0,355262,0
cl6_task2_fold1_seed42_directed_selected_a1_e28,CL6,2,1,42,27,fixed_epoch_full_train,958.5098004139727,0.0018746382775269414,0.9984177215189873,10112,0.0,0.0,0.0,159380,158593,788,555,,,,,,,,,,,,,,,,1,mcc,27.0,,,,,,,1,1.1415782419823204,0.0,0.0,6.652039108259801e-05,0.0014509001453262996,1.0,2630,22220,0,355518,0
