run_name,method,task,fold,seed,train_stage,eval_increment,accuracy,f1,pr_auc,mcc
task1_fold1_seed42_ewc_l10_e8,ewc,1,1,42,1,1,0.7158081705150977,0.3675889328063241,0.4913082425668704,0.2315180294146896
task1_fold1_seed42_ewc_l10_e8,ewc,1,1,42,2,1,0.7655417406749556,0.4406779661016949,0.5735453299414015,0.38165181148313887
task1_fold1_seed42_ewc_l10_e8,ewc,1,1,42,2,2,0.7469565217391304,0.526829268292683,0.6867366699288918,0.3797245468443661
task1_fold1_seed42_ewc_l10_e8,ewc,1,1,42,3,1,0.7984014209591475,0.6825174825174826,0.6884307204908291,0.5371836321723514
task1_fold1_seed42_ewc_l10_e8,ewc,1,1,42,3,2,0.7217391304347827,0.546742209631728,0.578895571663651,0.3478755234097539
task1_fold1_seed42_ewc_l10_e8,ewc,1,1,42,3,3,0.7429501084598699,0.5586592178770949,0.6681643900368605,0.3800173025281286
task1_fold1_seed42_joint_e8,joint,1,1,42,3,1,0.7779751332149201,0.5967741935483871,0.5224320318523321,0.4487848076033236
task1_fold1_seed42_joint_e8,joint,1,1,42,3,2,0.7217391304347827,0.5061728395061729,0.6139295849233884,0.3252094656282227
task1_fold1_seed42_joint_e8,joint,1,1,42,3,3,0.8015184381778742,0.6147368421052631,0.6680665447712381,0.5074744852571812
task1_fold1_seed42_naive_e8,naive,1,1,42,1,1,0.7158081705150977,0.3675889328063241,0.4913082425668704,0.2315180294146896
task1_fold1_seed42_naive_e8,naive,1,1,42,2,1,0.7504440497335702,0.4727954971857411,0.6275851674905528,0.34546627253079243
task1_fold1_seed42_naive_e8,naive,1,1,42,2,2,0.7469565217391304,0.543171114599686,0.6967434196073113,0.3852548221531573
task1_fold1_seed42_naive_e8,naive,1,1,42,3,1,0.7566607460035524,0.6745843230403801,0.7960109986183229,0.5171442373891848
task1_fold1_seed42_naive_e8,naive,1,1,42,3,2,0.6930434782608695,0.5007072135785007,0.5537363794941602,0.28078870021035995
task1_fold1_seed42_naive_e8,naive,1,1,42,3,3,0.7071583514099783,0.53125,0.6365171452702926,0.31834741307235936
task1_fold1_seed42_replay_kd_r10_kd0.5_e8,replay_kd,1,1,42,1,1,0.7158081705150977,0.3675889328063241,0.4913082425668704,0.2315180294146896
task1_fold1_seed42_replay_kd_r10_kd0.5_e8,replay_kd,1,1,42,2,1,0.7229129662522202,0.2676056338028169,0.5003280002136321,0.22078850051721385
task1_fold1_seed42_replay_kd_r10_kd0.5_e8,replay_kd,1,1,42,2,2,0.7556521739130435,0.5339966832504146,0.6670502319409694,0.4002814408188138
task1_fold1_seed42_replay_kd_r10_kd0.5_e8,replay_kd,1,1,42,3,1,0.7317939609236235,0.5597667638483965,0.65957052064023,0.3670583138071076
task1_fold1_seed42_replay_kd_r10_kd0.5_e8,replay_kd,1,1,42,3,2,0.7478260869565218,0.5411392405063291,0.6353694096616094,0.38614724588224486
task1_fold1_seed42_replay_kd_r10_kd0.5_e8,replay_kd,1,1,42,3,3,0.779826464208243,0.6088631984585742,0.6717458821679686,0.46252668753695897
task1_fold1_seed42_replay_r10_e8,replay,1,1,42,1,1,0.7158081705150977,0.3675889328063241,0.4913082425668704,0.2315180294146896
task1_fold1_seed42_replay_r10_e8,replay,1,1,42,2,1,0.7522202486678508,0.41995841995842,0.5798802356481876,0.3379546168901243
task1_fold1_seed42_replay_r10_e8,replay,1,1,42,2,2,0.7486956521739131,0.5159128978224455,0.6162391845999657,0.38056030140015845
task1_fold1_seed42_replay_r10_e8,replay,1,1,42,3,1,0.672291296625222,0.44175491679273826,0.5418692248149826,0.2101027026315061
task1_fold1_seed42_replay_r10_e8,replay,1,1,42,3,2,0.7634782608695653,0.5420875420875421,0.6140750123455386,0.4200409914521319
task1_fold1_seed42_replay_r10_e8,replay,1,1,42,3,3,0.7570498915401301,0.5447154471544715,0.6322608788927001,0.3945898406005814
task1_fold1_seed42_replay_relation_ewc_r10_kd0.5_z0.1_a0.1_l1_e8,replay_relation_ewc,1,1,42,1,1,0.7158081705150977,0.3675889328063241,0.4913082425668704,0.2315180294146896
task1_fold1_seed42_replay_relation_ewc_r10_kd0.5_z0.1_a0.1_l1_e8,replay_relation_ewc,1,1,42,2,1,0.7344582593250444,0.2193211488250653,0.48240185225874266,0.2818518383038842
task1_fold1_seed42_replay_relation_ewc_r10_kd0.5_z0.1_a0.1_l1_e8,replay_relation_ewc,1,1,42,2,2,0.7773913043478261,0.5555555555555556,0.6968646483570713,0.4574587945492285
task1_fold1_seed42_replay_relation_ewc_r10_kd0.5_z0.1_a0.1_l1_e8,replay_relation_ewc,1,1,42,3,1,0.7131438721136767,0.5157421289355323,0.5572160936794031,0.31206669823640426
task1_fold1_seed42_replay_relation_ewc_r10_kd0.5_z0.1_a0.1_l1_e8,replay_relation_ewc,1,1,42,3,2,0.6391304347826087,0.4028776978417266,0.5367009992953811,0.14689701915436296
task1_fold1_seed42_replay_relation_ewc_r10_kd0.5_z0.1_a0.1_l1_e8,replay_relation_ewc,1,1,42,3,3,0.7711496746203904,0.5934489402697495,0.6670043168055295,0.44094468364470074
task1_fold1_seed42_replay_relation_r10_kd0.5_z0.1_a0.1_e8,replay_relation,1,1,42,1,1,0.7158081705150977,0.3675889328063241,0.4913082425668704,0.2315180294146896
task1_fold1_seed42_replay_relation_r10_kd0.5_z0.1_a0.1_e8,replay_relation,1,1,42,2,1,0.7007104795737122,0.45024469820554647,0.5410081828590918,0.2500900408849102
task1_fold1_seed42_replay_relation_r10_kd0.5_z0.1_a0.1_e8,replay_relation,1,1,42,2,2,0.7182608695652174,0.5060975609756098,0.6514131211936882,0.3195399712657666
task1_fold1_seed42_replay_relation_r10_kd0.5_z0.1_a0.1_e8,replay_relation,1,1,42,3,1,0.7584369449378331,0.6699029126213593,0.696276705723749,0.5090163814568774
task1_fold1_seed42_replay_relation_r10_kd0.5_z0.1_a0.1_e8,replay_relation,1,1,42,3,2,0.7973913043478261,0.6431852986217458,0.6157860936762367,0.5152224727677456
task1_fold1_seed42_replay_relation_r10_kd0.5_z0.1_a0.1_e8,replay_relation,1,1,42,3,3,0.7592190889370932,0.6185567010309279,0.5219724867652171,0.4428608773054912
task2_fold1_seed123_ewc_cl6_l10_e8,ewc,2,1,123,1,1,0.817966903073286,0.6484018264840182,0.7892924566405097,0.5648024052182781
task2_fold1_seed123_ewc_cl6_l10_e8,ewc,2,1,123,2,1,0.8699763593380615,0.7985347985347986,0.8386476058268032,0.7025609360695961
task2_fold1_seed123_ewc_cl6_l10_e8,ewc,2,1,123,2,2,0.8659420289855072,0.8502024291497976,0.8959437186416885,0.7290994679757152
task2_fold1_seed123_ewc_cl6_l10_e8,ewc,2,1,123,3,1,0.9290780141843972,0.8951048951048951,0.9430985796974247,0.8440325720370514
task2_fold1_seed123_ewc_cl6_l10_e8,ewc,2,1,123,3,2,0.8079710144927537,0.8,0.7179547821584706,0.6247636919487535
task2_fold1_seed123_ewc_cl6_l10_e8,ewc,2,1,123,3,3,0.8223776223776224,0.7292110874200426,0.8524727800912718,0.6030153192107053
task2_fold1_seed123_naive_cl6_e8,naive,2,1,123,1,1,0.817966903073286,0.6484018264840182,0.7892924566405097,0.5648024052182781
task2_fold1_seed123_naive_cl6_e8,naive,2,1,123,2,1,0.9196217494089834,0.8874172185430463,0.8844698092075376,0.8357950207091381
task2_fold1_seed123_naive_cl6_e8,naive,2,1,123,2,2,0.8369565217391305,0.8148148148148148,0.8529587653054407,0.6692062356696897
task2_fold1_seed123_naive_cl6_e8,naive,2,1,123,3,1,0.8817966903073287,0.8322147651006712,0.8820459101533622,0.7488089838617618
task2_fold1_seed123_naive_cl6_e8,naive,2,1,123,3,2,0.7898550724637681,0.768,0.7100545430153105,0.5767037522273628
task2_fold1_seed123_naive_cl6_e8,naive,2,1,123,3,3,0.8055944055944056,0.6819221967963387,0.8109031116498475,0.5624527257925476
task2_fold1_seed123_replay_cl6_r10_e8,replay,2,1,123,1,1,0.817966903073286,0.6484018264840182,0.7892924566405097,0.5648024052182781
task2_fold1_seed123_replay_cl6_r10_e8,replay,2,1,123,2,1,0.9078014184397163,0.8592057761732852,0.9093080233911218,0.7909824967118612
task2_fold1_seed123_replay_cl6_r10_e8,replay,2,1,123,2,2,0.7608695652173914,0.7053571428571429,0.7698162364505347,0.512579063127302
task2_fold1_seed123_replay_cl6_r10_e8,replay,2,1,123,3,1,0.9290780141843972,0.8854961832061069,0.961898122790692,0.8355110939157195
task2_fold1_seed123_replay_cl6_r10_e8,replay,2,1,123,3,2,0.7246376811594203,0.6545454545454545,0.6990664323214035,0.4372627389182384
task2_fold1_seed123_replay_cl6_r10_e8,replay,2,1,123,3,3,0.8083916083916084,0.6633906633906634,0.8525103658770391,0.5746667096236874
task2_fold1_seed123_replay_r10_e8,replay,2,1,123,1,1,0.8203309692671394,0.6513761467889908,0.795688751743776,0.5715187381485964
task2_fold1_seed123_replay_r10_e8,replay,2,1,123,2,1,0.9219858156028369,0.8825622775800712,0.9146010056653855,0.825193390693412
task2_fold1_seed123_replay_r10_e8,replay,2,1,123,2,2,0.6666666666666666,0.5157894736842106,0.7357808157921172,0.32070754648529365
task2_fold1_seed123_replay_r10_e8,replay,2,1,123,3,1,0.9125295508274232,0.852589641434263,0.9691089379702054,0.7966453676957382
task2_fold1_seed123_replay_r10_e8,replay,2,1,123,3,2,0.7137681159420289,0.6183574879227053,0.7307833904814643,0.4176373551305632
task2_fold1_seed123_replay_r10_e8,replay,2,1,123,3,3,0.8055944055944056,0.6533665835411472,0.8457370333500358,0.5696609698339081
task2_fold1_seed123_replay_relation_cl6_r10_kd0.5_z0.1_a0.1_e8,replay_relation,2,1,123,1,1,0.817966903073286,0.6484018264840182,0.7892924566405097,0.5648024052182781
task2_fold1_seed123_replay_relation_cl6_r10_kd0.5_z0.1_a0.1_e8,replay_relation,2,1,123,2,1,0.9054373522458629,0.8449612403100775,0.8797422393087944,0.7795953173736515
task2_fold1_seed123_replay_relation_cl6_r10_kd0.5_z0.1_a0.1_e8,replay_relation,2,1,123,2,2,0.8369565217391305,0.8085106382978723,0.8915874615734128,0.6684017269855348
task2_fold1_seed123_replay_relation_cl6_r10_kd0.5_z0.1_a0.1_e8,replay_relation,2,1,123,3,1,0.9148936170212766,0.859375,0.9019504231798445,0.801915089218673
task2_fold1_seed123_replay_relation_cl6_r10_kd0.5_z0.1_a0.1_e8,replay_relation,2,1,123,3,2,0.7463768115942029,0.6818181818181818,0.7742144407497404,0.4829996701744665
task2_fold1_seed123_replay_relation_cl6_r10_kd0.5_z0.1_a0.1_e8,replay_relation,2,1,123,3,3,0.813986013986014,0.6666666666666666,0.8705653587706027,0.5922689986888106
task2_fold1_seed123_replay_supcon_t0.07_l0.2_r10_e8,replay,2,1,123,1,1,0.8203309692671394,0.6415094339622641,0.8357283322258333,0.5743759770492141
task2_fold1_seed123_replay_supcon_t0.07_l0.2_r10_e8,replay,2,1,123,2,1,0.9267139479905437,0.8784313725490196,0.9362494737271861,0.8300849638515998
task2_fold1_seed123_replay_supcon_t0.07_l0.2_r10_e8,replay,2,1,123,2,2,0.6557971014492754,0.42424242424242425,0.7253496119466317,0.32172133692950117
task2_fold1_seed123_replay_supcon_t0.07_l0.2_r10_e8,replay,2,1,123,3,1,0.9479905437352246,0.9185185185185185,0.9499348346790953,0.8803792545765334
task2_fold1_seed123_replay_supcon_t0.07_l0.2_r10_e8,replay,2,1,123,3,2,0.7644927536231884,0.7161572052401747,0.7444725569297967,0.5196361014109657
task2_fold1_seed123_replay_supcon_t0.07_l0.2_r10_e8,replay,2,1,123,3,3,0.8125874125874126,0.6883720930232559,0.8495666968285801,0.5798783369592432
task2_fold1_seed2024_ewc_cl6_l10_e8,ewc,2,1,2024,1,1,0.7459349593495935,0.5819397993311036,0.8475686105645275,0.5016171858432745
task2_fold1_seed2024_ewc_cl6_l10_e8,ewc,2,1,2024,2,1,0.7540650406504065,0.6451612903225806,0.8444820118915659,0.4916448549445496
task2_fold1_seed2024_ewc_cl6_l10_e8,ewc,2,1,2024,2,2,0.8640776699029126,0.7341772151898734,0.9101997902460922,0.6688206787956962
task2_fold1_seed2024_ewc_cl6_l10_e8,ewc,2,1,2024,3,1,0.7784552845528455,0.6625386996904025,0.9131258202363725,0.5584041580606569
task2_fold1_seed2024_ewc_cl6_l10_e8,ewc,2,1,2024,3,2,0.8495145631067961,0.7120743034055728,0.8517716414905476,0.6293142356836124
task2_fold1_seed2024_ewc_cl6_l10_e8,ewc,2,1,2024,3,3,0.8782051282051282,0.6237623762376238,0.75373355464373,0.5870239104257914
task2_fold1_seed2024_naive_cl6_e8,naive,2,1,2024,1,1,0.7459349593495935,0.5819397993311036,0.8475686105645275,0.5016171858432745
task2_fold1_seed2024_naive_cl6_e8,naive,2,1,2024,2,1,0.7784552845528455,0.6784660766961652,0.865812366109969,0.5479367305583093
task2_fold1_seed2024_naive_cl6_e8,naive,2,1,2024,2,2,0.8673139158576052,0.7421383647798742,0.9033355741832688,0.6770234366204603
task2_fold1_seed2024_naive_cl6_e8,naive,2,1,2024,3,1,0.7764227642276422,0.6518987341772152,0.9065194420425094,0.5597435688948664
task2_fold1_seed2024_naive_cl6_e8,naive,2,1,2024,3,2,0.8398058252427184,0.7044776119402985,0.8219993408047879,0.6053420853356861
task2_fold1_seed2024_naive_cl6_e8,naive,2,1,2024,3,3,0.8509615384615384,0.541871921182266,0.7386502596637718,0.4834881557562358
task2_fold1_seed2024_replay_cl6_r10_e8,replay,2,1,2024,1,1,0.7459349593495935,0.5819397993311036,0.8475686105645275,0.5016171858432745
task2_fold1_seed2024_replay_cl6_r10_e8,replay,2,1,2024,2,1,0.766260162601626,0.6254071661237784,0.880702362162528,0.544087334713586
task2_fold1_seed2024_replay_cl6_r10_e8,replay,2,1,2024,2,2,0.8770226537216829,0.7564102564102564,0.9385544788285237,0.7050164745971182
task2_fold1_seed2024_replay_cl6_r10_e8,replay,2,1,2024,3,1,0.7296747967479674,0.5429553264604811,0.894465894719462,0.4685797271603773
task2_fold1_seed2024_replay_cl6_r10_e8,replay,2,1,2024,3,2,0.8300970873786407,0.6579804560260586,0.8025434393506312,0.5779925452769197
task2_fold1_seed2024_replay_cl6_r10_e8,replay,2,1,2024,3,3,0.8509615384615384,0.5592417061611374,0.6753824505832109,0.49055212376225643
task2_fold1_seed2024_replay_r10_e8,replay,2,1,2024,1,1,0.7520325203252033,0.5960264900662252,0.8445434476534452,0.5138052394534159
task2_fold1_seed2024_replay_r10_e8,replay,2,1,2024,2,1,0.7642276422764228,0.6375,0.8749433423051015,0.5268549676869877
task2_fold1_seed2024_replay_r10_e8,replay,2,1,2024,2,2,0.8624595469255664,0.7194719471947195,0.9159030557750969,0.6689121499382427
task2_fold1_seed2024_replay_r10_e8,replay,2,1,2024,3,1,0.7845528455284553,0.6580645161290323,0.9361952976025126,0.5861287462110581
task2_fold1_seed2024_replay_r10_e8,replay,2,1,2024,3,2,0.8252427184466019,0.6727272727272727,0.8510609829333426,0.5668575710756596
task2_fold1_seed2024_replay_r10_e8,replay,2,1,2024,3,3,0.875,0.6138613861386139,0.7705986905241802,0.5747483433981206
task2_fold1_seed2024_replay_relation_cl6_r10_kd0.5_z0.1_a0.1_e8,replay_relation,2,1,2024,1,1,0.7459349593495935,0.5819397993311036,0.8475686105645275,0.5016171858432745
task2_fold1_seed2024_replay_relation_cl6_r10_kd0.5_z0.1_a0.1_e8,replay_relation,2,1,2024,2,1,0.8109756097560976,0.7335243553008596,0.8810841814614472,0.6161483198488373
task2_fold1_seed2024_replay_relation_cl6_r10_kd0.5_z0.1_a0.1_e8,replay_relation,2,1,2024,2,2,0.8996763754045307,0.8165680473372781,0.925859736564561,0.757761766811308
task2_fold1_seed2024_replay_relation_cl6_r10_kd0.5_z0.1_a0.1_e8,replay_relation,2,1,2024,3,1,0.790650406504065,0.677115987460815,0.9285447321739568,0.591158955249065
task2_fold1_seed2024_replay_relation_cl6_r10_kd0.5_z0.1_a0.1_e8,replay_relation,2,1,2024,3,2,0.8462783171521036,0.709480122324159,0.8547877103016838,0.6209509202192451
task2_fold1_seed2024_replay_relation_cl6_r10_kd0.5_z0.1_a0.1_e8,replay_relation,2,1,2024,3,3,0.8717948717948718,0.6363636363636364,0.7208259486600996,0.5723340493209047
task2_fold1_seed2024_replay_supcon_t0.07_l0.2_r10_e8,replay,2,1,2024,1,1,0.7540650406504065,0.5980066445182725,0.8348543826511011,0.5201564866102995
task2_fold1_seed2024_replay_supcon_t0.07_l0.2_r10_e8,replay,2,1,2024,2,1,0.7764227642276422,0.6802325581395349,0.8606395443201966,0.5410251575669954
task2_fold1_seed2024_replay_supcon_t0.07_l0.2_r10_e8,replay,2,1,2024,2,2,0.8770226537216829,0.759493670886076,0.9328569595858826,0.7035368873876447
task2_fold1_seed2024_replay_supcon_t0.07_l0.2_r10_e8,replay,2,1,2024,3,1,0.7804878048780488,0.6560509554140127,0.924403168677251,0.5716515550685993
task2_fold1_seed2024_replay_supcon_t0.07_l0.2_r10_e8,replay,2,1,2024,3,2,0.7880258899676376,0.5969230769230769,0.7822750885361419,0.4684390878150895
task2_fold1_seed2024_replay_supcon_t0.07_l0.2_r10_e8,replay,2,1,2024,3,3,0.8685897435897436,0.59,0.7673856186703352,0.5494491070486502
task2_fold1_seed42_ewc_cl6_l10_e8,ewc,2,1,42,1,1,0.8195876288659794,0.7083333333333334,0.846445187137476,0.6103818721044136
task2_fold1_seed42_ewc_cl6_l10_e8,ewc,2,1,42,2,1,0.8144329896907216,0.7391304347826086,0.8322972384227493,0.596910139498497
task2_fold1_seed42_ewc_cl6_l10_e8,ewc,2,1,42,2,2,0.8309608540925267,0.7665847665847666,0.8575695773097768,0.6378214904395039
task2_fold1_seed42_ewc_cl6_l10_e8,ewc,2,1,42,3,1,0.8530927835051546,0.7634854771784232,0.9358815550883784,0.6899398528909347
task2_fold1_seed42_ewc_cl6_l10_e8,ewc,2,1,42,3,2,0.7846975088967971,0.6512968299711815,0.8522554604100366,0.5420343593731991
task2_fold1_seed42_ewc_cl6_l10_e8,ewc,2,1,42,3,3,0.9357601713062098,0.8780487804878049,0.9640696580763698,0.8411025162320357
task2_fold1_seed42_joint_cl6_e8,joint,2,1,42,3,1,0.865979381443299,0.8015267175572519,0.9239232972516812,0.709786925599934
task2_fold1_seed42_joint_cl6_e8,joint,2,1,42,3,2,0.7953736654804271,0.6607669616519174,0.8923643740423519,0.572618269797743
task2_fold1_seed42_joint_cl6_e8,joint,2,1,42,3,3,0.8693790149892934,0.7359307359307359,0.9150570469181085,0.6671157842764839
task2_fold1_seed42_naive_cl6_e8,naive,2,1,42,1,1,0.8195876288659794,0.7083333333333334,0.846445187137476,0.6103818721044136
task2_fold1_seed42_naive_cl6_e8,naive,2,1,42,2,1,0.8298969072164949,0.7295081967213115,0.8260264556458734,0.6328700136555496
task2_fold1_seed42_naive_cl6_e8,naive,2,1,42,2,2,0.8274021352313167,0.7413333333333333,0.8692642027224344,0.6325578117061712
task2_fold1_seed42_naive_cl6_e8,naive,2,1,42,3,1,0.8324742268041238,0.7186147186147186,0.9416682786236762,0.6486609900040056
task2_fold1_seed42_naive_cl6_e8,naive,2,1,42,3,2,0.7669039145907474,0.6042296072507553,0.8586528740451603,0.505950986811589
task2_fold1_seed42_naive_cl6_e8,naive,2,1,42,3,3,0.9079229122055674,0.8154506437768241,0.950569463039031,0.7713125570469105
task2_fold1_seed42_replay_cl6_r10_e8,replay,2,1,42,1,1,0.8195876288659794,0.7083333333333334,0.846445187137476,0.6103818721044136
task2_fold1_seed42_replay_cl6_r10_e8,replay,2,1,42,2,1,0.8170103092783505,0.7340823970037453,0.8068998918402357,0.6002069721116223
task2_fold1_seed42_replay_cl6_r10_e8,replay,2,1,42,2,2,0.8772241992882562,0.8376470588235294,0.9120614866962655,0.73923689455842
task2_fold1_seed42_replay_cl6_r10_e8,replay,2,1,42,3,1,0.9020618556701031,0.8613138686131386,0.9451126915835689,0.7883776365950388
task2_fold1_seed42_replay_cl6_r10_e8,replay,2,1,42,3,2,0.7758007117437722,0.6538461538461539,0.8536045013580635,0.5158861821466022
task2_fold1_seed42_replay_cl6_r10_e8,replay,2,1,42,3,3,0.8950749464668094,0.8093385214007782,0.9324379363237383,0.7384299215828305
task2_fold1_seed42_replay_kd_cl6_r10_kd0.5_e8,replay_kd,2,1,42,1,1,0.8195876288659794,0.7083333333333334,0.846445187137476,0.6103818721044136
task2_fold1_seed42_replay_kd_cl6_r10_kd0.5_e8,replay_kd,2,1,42,2,1,0.8582474226804123,0.782608695652174,0.9051455630858319,0.6949288634094288
task2_fold1_seed42_replay_kd_cl6_r10_kd0.5_e8,replay_kd,2,1,42,2,2,0.8451957295373665,0.7629427792915532,0.8812397162415332,0.6763746745586424
task2_fold1_seed42_replay_kd_cl6_r10_kd0.5_e8,replay_kd,2,1,42,3,1,0.8737113402061856,0.8093385214007782,0.9591213578921357,0.7287436016877218
task2_fold1_seed42_replay_kd_cl6_r10_kd0.5_e8,replay_kd,2,1,42,3,2,0.791814946619217,0.6528189910979229,0.848395941098074,0.5650626811734687
task2_fold1_seed42_replay_kd_cl6_r10_kd0.5_e8,replay_kd,2,1,42,3,3,0.9057815845824411,0.8135593220338984,0.9592994379570439,0.7645962464131136
task2_fold1_seed42_replay_r10_e8,replay,2,1,42,1,1,0.8118556701030928,0.6919831223628692,0.8474848273855468,0.5934105777132188
task2_fold1_seed42_replay_r10_e8,replay,2,1,42,2,1,0.8350515463917526,0.7355371900826446,0.8375307848705879,0.646200874987863
task2_fold1_seed42_replay_r10_e8,replay,2,1,42,2,2,0.8469750889679716,0.774869109947644,0.8839934226189595,0.6751156475479932
task2_fold1_seed42_replay_r10_e8,replay,2,1,42,3,1,0.8814432989690721,0.8217054263565892,0.9489462912242241,0.7459402280636672
task2_fold1_seed42_replay_r10_e8,replay,2,1,42,3,2,0.791814946619217,0.6740947075208914,0.8386251414308225,0.5546229139069874
task2_fold1_seed42_replay_r10_e8,replay,2,1,42,3,3,0.8950749464668094,0.8016194331983806,0.9304402750548122,0.7359008796803392
task2_fold1_seed42_replay_relation_cl6_r05_kd0.5_z0.1_a0.1_e8,replay_relation,2,1,42,1,1,0.8195876288659794,0.7083333333333334,0.846445187137476,0.6103818721044136
task2_fold1_seed42_replay_relation_cl6_r05_kd0.5_z0.1_a0.1_e8,replay_relation,2,1,42,2,1,0.8298969072164949,0.7401574803149606,0.853024440842377,0.6294285374773304
task2_fold1_seed42_replay_relation_cl6_r05_kd0.5_z0.1_a0.1_e8,replay_relation,2,1,42,2,2,0.8469750889679716,0.7760416666666666,0.8915186314168316,0.6746344895847645
task2_fold1_seed42_replay_relation_cl6_r05_kd0.5_z0.1_a0.1_e8,replay_relation,2,1,42,3,1,0.8891752577319587,0.8436363636363636,0.9363656927375379,0.7601401393466447
task2_fold1_seed42_replay_relation_cl6_r05_kd0.5_z0.1_a0.1_e8,replay_relation,2,1,42,3,2,0.8345195729537367,0.7546174142480211,0.8915807276993262,0.6477233065289305
task2_fold1_seed42_replay_relation_cl6_r05_kd0.5_z0.1_a0.1_e8,replay_relation,2,1,42,3,3,0.9014989293361885,0.8083333333333333,0.9432294670633264,0.7525052108615223
task2_fold1_seed42_replay_relation_cl6_r10_kd0.5_z0.1_a0.1_e8,replay_relation,2,1,42,1,1,0.8195876288659794,0.7083333333333334,0.846445187137476,0.6103818721044136
task2_fold1_seed42_replay_relation_cl6_r10_kd0.5_z0.1_a0.1_e8,replay_relation,2,1,42,2,1,0.8634020618556701,0.8072727272727273,0.8867301791569833,0.7037343915524092
task2_fold1_seed42_replay_relation_cl6_r10_kd0.5_z0.1_a0.1_e8,replay_relation,2,1,42,2,2,0.8451957295373665,0.7642276422764228,0.8850024084916305,0.6754812146058236
task2_fold1_seed42_replay_relation_cl6_r10_kd0.5_z0.1_a0.1_e8,replay_relation,2,1,42,3,1,0.9097938144329897,0.8708487084870848,0.9590076686418145,0.80569607093571
task2_fold1_seed42_replay_relation_cl6_r10_kd0.5_z0.1_a0.1_e8,replay_relation,2,1,42,3,2,0.8042704626334519,0.6892655367231638,0.8582883032526999,0.5860727794749971
task2_fold1_seed42_replay_relation_cl6_r10_kd0.5_z0.1_a0.1_e8,replay_relation,2,1,42,3,3,0.9079229122055674,0.8215767634854771,0.9616004137949761,0.7693163303133617
task2_fold1_seed42_replay_relation_cl6_r10_kd0.5_z0.1_a0_e8,replay_relation,2,1,42,1,1,0.8195876288659794,0.7083333333333334,0.846445187137476,0.6103818721044136
task2_fold1_seed42_replay_relation_cl6_r10_kd0.5_z0.1_a0_e8,replay_relation,2,1,42,2,1,0.8788659793814433,0.8315412186379928,0.8903122267786693,0.7380630330060957
task2_fold1_seed42_replay_relation_cl6_r10_kd0.5_z0.1_a0_e8,replay_relation,2,1,42,2,2,0.8398576512455516,0.7567567567567568,0.8833316108473891,0.6627557652102637
task2_fold1_seed42_replay_relation_cl6_r10_kd0.5_z0.1_a0_e8,replay_relation,2,1,42,3,1,0.904639175257732,0.8634686346863468,0.9538485010570578,0.7943267781104608
task2_fold1_seed42_replay_relation_cl6_r10_kd0.5_z0.1_a0_e8,replay_relation,2,1,42,3,2,0.806049822064057,0.6876790830945558,0.8561438090739071,0.5928246008375977
task2_fold1_seed42_replay_relation_cl6_r10_kd0.5_z0.1_a0_e8,replay_relation,2,1,42,3,3,0.8972162740899358,0.7948717948717948,0.955837582078291,0.7420996827339753
task2_fold1_seed42_replay_relation_cl6_r20_kd0.5_z0.1_a0.1_e8,replay_relation,2,1,42,1,1,0.8195876288659794,0.7083333333333334,0.846445187137476,0.6103818721044136
task2_fold1_seed42_replay_relation_cl6_r20_kd0.5_z0.1_a0.1_e8,replay_relation,2,1,42,2,1,0.8350515463917526,0.7355371900826446,0.8670893057646113,0.646200874987863
task2_fold1_seed42_replay_relation_cl6_r20_kd0.5_z0.1_a0.1_e8,replay_relation,2,1,42,2,2,0.8398576512455516,0.7486033519553073,0.8868972771178856,0.6685771452968118
task2_fold1_seed42_replay_relation_cl6_r20_kd0.5_z0.1_a0.1_e8,replay_relation,2,1,42,3,1,0.8762886597938144,0.8153846153846154,0.9502116044011988,0.7335457165759572
task2_fold1_seed42_replay_relation_cl6_r20_kd0.5_z0.1_a0.1_e8,replay_relation,2,1,42,3,2,0.8113879003558719,0.702247191011236,0.8641430492774775,0.6021204577001937
task2_fold1_seed42_replay_relation_cl6_r20_kd0.5_z0.1_a0.1_e8,replay_relation,2,1,42,3,3,0.8779443254817987,0.748898678414097,0.9450083021196933,0.6912636095324177
task2_fold1_seed42_replay_supcon_t0.07_l0.2_r10_e8,replay,2,1,42,1,1,0.8041237113402062,0.680672268907563,0.8636498754697159,0.5741761359451846
task2_fold1_seed42_replay_supcon_t0.07_l0.2_r10_e8,replay,2,1,42,2,1,0.8118556701030928,0.6755555555555556,0.8573760081494899,0.6030000068847784
task2_fold1_seed42_replay_supcon_t0.07_l0.2_r10_e8,replay,2,1,42,2,2,0.8274021352313167,0.7236467236467237,0.8848632859904216,0.6431477565767678
task2_fold1_seed42_replay_supcon_t0.07_l0.2_r10_e8,replay,2,1,42,3,1,0.8685567010309279,0.7984189723320159,0.9608593541887578,0.7186682892769107
task2_fold1_seed42_replay_supcon_t0.07_l0.2_r10_e8,replay,2,1,42,3,2,0.8131672597864769,0.6991404011461319,0.8759207379752205,0.6100372184068646
task2_fold1_seed42_replay_supcon_t0.07_l0.2_r10_e8,replay,2,1,42,3,3,0.9036402569593148,0.8207171314741036,0.9369331271178548,0.7584932623257908
task2_fold2_seed123_ewc_cl6_l10_e8,ewc,2,2,123,1,1,0.8481012658227848,0.696969696969697,0.8610420917387784,0.6235200478175879
task2_fold2_seed123_ewc_cl6_l10_e8,ewc,2,2,123,2,1,0.7974683544303798,0.689922480620155,0.7649915760618161,0.5444829754583302
task2_fold2_seed123_ewc_cl6_l10_e8,ewc,2,2,123,2,2,0.7724137931034483,0.7155172413793104,0.8392457729471801,0.5545073076662007
task2_fold2_seed123_ewc_cl6_l10_e8,ewc,2,2,123,3,1,0.8151898734177215,0.6893617021276596,0.852765150228595,0.5579527929565202
task2_fold2_seed123_ewc_cl6_l10_e8,ewc,2,2,123,3,2,0.7655172413793103,0.6880733944954128,0.8785147245084636,0.556147042205929
task2_fold2_seed123_ewc_cl6_l10_e8,ewc,2,2,123,3,3,0.8804347826086957,0.7441860465116279,0.8108241050288533,0.666212067310863
task2_fold2_seed123_naive_cl6_e8,naive,2,2,123,1,1,0.8481012658227848,0.696969696969697,0.8610420917387784,0.6235200478175879
task2_fold2_seed123_naive_cl6_e8,naive,2,2,123,2,1,0.8177215189873418,0.7049180327868853,0.7614635664741569,0.5735281678618573
task2_fold2_seed123_naive_cl6_e8,naive,2,2,123,2,2,0.7413793103448276,0.6666666666666666,0.8281136432769644,0.4946548221441795
task2_fold2_seed123_naive_cl6_e8,naive,2,2,123,3,1,0.8126582278481013,0.6754385964912281,0.8161437830771412,0.5451572482827572
task2_fold2_seed123_naive_cl6_e8,naive,2,2,123,3,2,0.7862068965517242,0.7327586206896551,0.869375246209223,0.583811566294574
task2_fold2_seed123_naive_cl6_e8,naive,2,2,123,3,3,0.892512077294686,0.7712082262210797,0.8229659338493668,0.7009681172245312
task2_fold2_seed123_replay_cl6_r10_e8,replay,2,2,123,1,1,0.8481012658227848,0.696969696969697,0.8610420917387784,0.6235200478175879
task2_fold2_seed123_replay_cl6_r10_e8,replay,2,2,123,2,1,0.8151898734177215,0.669683257918552,0.7523176027275047,0.5455454856360371
task2_fold2_seed123_replay_cl6_r10_e8,replay,2,2,123,2,2,0.8172413793103448,0.7705627705627706,0.8862178932073942,0.6509294381276624
task2_fold2_seed123_replay_cl6_r10_e8,replay,2,2,123,3,1,0.8354430379746836,0.7450980392156863,0.818360726113414,0.627433073765441
task2_fold2_seed123_replay_cl6_r10_e8,replay,2,2,123,3,2,0.803448275862069,0.7553648068669528,0.8804103682198703,0.6193776035048972
task2_fold2_seed123_replay_cl6_r10_e8,replay,2,2,123,3,3,0.9009661835748792,0.788659793814433,0.7988431121006531,0.7240096736835898
task2_fold2_seed123_replay_r10_e8,replay,2,2,123,1,1,0.8531645569620253,0.7128712871287128,0.8764119210692082,0.6365079021816071
task2_fold2_seed123_replay_r10_e8,replay,2,2,123,2,1,0.7670886075949367,0.6349206349206349,0.7086851534953109,0.46624030634635916
task2_fold2_seed123_replay_r10_e8,replay,2,2,123,2,2,0.7896551724137931,0.7381974248927039,0.8466628246259248,0.590147415544536
task2_fold2_seed123_replay_r10_e8,replay,2,2,123,3,1,0.8151898734177215,0.672645739910314,0.7798785622303767,0.5471075856521972
task2_fold2_seed123_replay_r10_e8,replay,2,2,123,3,2,0.7896551724137931,0.7188940092165899,0.9056049176365006,0.6113791970493271
task2_fold2_seed123_replay_r10_e8,replay,2,2,123,3,3,0.8780193236714976,0.7154929577464789,0.7702375364789363,0.6438816236453677
task2_fold2_seed123_replay_relation_cl6_r10_kd0.5_z0.1_a0.1_e8,replay_relation,2,2,123,1,1,0.8481012658227848,0.696969696969697,0.8610420917387784,0.6235200478175879
task2_fold2_seed123_replay_relation_cl6_r10_kd0.5_z0.1_a0.1_e8,replay_relation,2,2,123,2,1,0.7822784810126582,0.6160714285714286,0.7588439693255378,0.4667288934501204
task2_fold2_seed123_replay_relation_cl6_r10_kd0.5_z0.1_a0.1_e8,replay_relation,2,2,123,2,2,0.8137931034482758,0.7711864406779662,0.8551387890353518,0.6381990312671376
task2_fold2_seed123_replay_relation_cl6_r10_kd0.5_z0.1_a0.1_e8,replay_relation,2,2,123,3,1,0.8354430379746836,0.7085201793721974,0.8025232087166017,0.5972223740648861
task2_fold2_seed123_replay_relation_cl6_r10_kd0.5_z0.1_a0.1_e8,replay_relation,2,2,123,3,2,0.8344827586206897,0.7983193277310925,0.9151050111965159,0.6796751489577482
task2_fold2_seed123_replay_relation_cl6_r10_kd0.5_z0.1_a0.1_e8,replay_relation,2,2,123,3,3,0.894927536231884,0.7728459530026109,0.7868979791122276,0.704732322673509
task2_fold2_seed123_replay_supcon_t0.07_l0.2_r10_e8,replay,2,2,123,1,1,0.8202531645569621,0.5942857142857143,0.8322981035751396,0.5557025719599097
task2_fold2_seed123_replay_supcon_t0.07_l0.2_r10_e8,replay,2,2,123,2,1,0.850632911392405,0.7255813953488373,0.8367720213723748,0.631377318036244
task2_fold2_seed123_replay_supcon_t0.07_l0.2_r10_e8,replay,2,2,123,2,2,0.803448275862069,0.7532467532467533,0.9019532940151901,0.6215489654339623
task2_fold2_seed123_replay_supcon_t0.07_l0.2_r10_e8,replay,2,2,123,3,1,0.8582278481012658,0.768595041322314,0.8263909473856517,0.6666347364531701
task2_fold2_seed123_replay_supcon_t0.07_l0.2_r10_e8,replay,2,2,123,3,2,0.7827586206896552,0.7123287671232876,0.9127323735642258,0.5927930634251881
task2_fold2_seed123_replay_supcon_t0.07_l0.2_r10_e8,replay,2,2,123,3,3,0.9033816425120773,0.7814207650273224,0.8641726452549978,0.7223045854703866
task2_fold2_seed2024_ewc_cl6_l10_e8,ewc,2,2,2024,1,1,0.9512987012987013,0.8809523809523809,0.941905735658764,0.851056590253341
task2_fold2_seed2024_ewc_cl6_l10_e8,ewc,2,2,2024,2,1,0.8668831168831169,0.5816326530612245,0.8142055069064074,0.5540218144984644
task2_fold2_seed2024_ewc_cl6_l10_e8,ewc,2,2,2024,2,2,0.7604395604395604,0.5758754863813229,0.9057796551703133,0.5077940536330046
task2_fold2_seed2024_ewc_cl6_l10_e8,ewc,2,2,2024,3,1,0.887987012987013,0.7228915662650602,0.8510476140424352,0.6538718824717625
task2_fold2_seed2024_ewc_cl6_l10_e8,ewc,2,2,2024,3,2,0.8593406593406593,0.7880794701986755,0.8984723827949377,0.7107229180895008
task2_fold2_seed2024_ewc_cl6_l10_e8,ewc,2,2,2024,3,3,0.8973509933774835,0.8597285067873304,0.9153819110650466,0.785301394014013
task2_fold2_seed2024_naive_cl6_e8,naive,2,2,2024,1,1,0.9512987012987013,0.8809523809523809,0.941905735658764,0.851056590253341
task2_fold2_seed2024_naive_cl6_e8,naive,2,2,2024,2,1,0.9042207792207793,0.7330316742081447,0.8863673581108406,0.6928625448230117
task2_fold2_seed2024_naive_cl6_e8,naive,2,2,2024,2,2,0.8065934065934066,0.6901408450704225,0.8873902434375497,0.5992578871472733
task2_fold2_seed2024_naive_cl6_e8,naive,2,2,2024,3,1,0.887987012987013,0.7136929460580913,0.7689613468826897,0.6477125736503536
task2_fold2_seed2024_naive_cl6_e8,naive,2,2,2024,3,2,0.7912087912087912,0.6545454545454545,0.8988882824219496,0.5688914791053591
task2_fold2_seed2024_naive_cl6_e8,naive,2,2,2024,3,3,0.9039735099337748,0.8755364806866953,0.9459621091348032,0.8159198433913067
task2_fold2_seed2024_replay_cl6_r10_e8,replay,2,2,2024,1,1,0.9512987012987013,0.8809523809523809,0.941905735658764,0.851056590253341
task2_fold2_seed2024_replay_cl6_r10_e8,replay,2,2,2024,2,1,0.935064935064935,0.8305084745762712,0.917116572134206,0.7971613524996896
task2_fold2_seed2024_replay_cl6_r10_e8,replay,2,2,2024,2,2,0.7868131868131868,0.6472727272727272,0.8768280393322402,0.5579253029067089
task2_fold2_seed2024_replay_cl6_r10_e8,replay,2,2,2024,3,1,0.8863636363636364,0.6788990825688074,0.835240275813412,0.6301824286872728
task2_fold2_seed2024_replay_cl6_r10_e8,replay,2,2,2024,3,2,0.8065934065934066,0.6901408450704225,0.8991384656563879,0.5992578871472733
task2_fold2_seed2024_replay_cl6_r10_e8,replay,2,2,2024,3,3,0.8675496688741722,0.8095238095238095,0.9077266353815998,0.708807592281866
task2_fold2_seed2024_replay_r10_e8,replay,2,2,2024,1,1,0.9431818181818182,0.8669201520912547,0.931016586442316,0.8308937962763103
task2_fold2_seed2024_replay_r10_e8,replay,2,2,2024,2,1,0.935064935064935,0.8260869565217391,0.9398379047849723,0.797237267205439
task2_fold2_seed2024_replay_r10_e8,replay,2,2,2024,2,2,0.7648351648351648,0.599250936329588,0.8949393856593538,0.5091445795829167
task2_fold2_seed2024_replay_r10_e8,replay,2,2,2024,3,1,0.8928571428571429,0.7272727272727273,0.847567919810859,0.6639069184215148
task2_fold2_seed2024_replay_r10_e8,replay,2,2,2024,3,2,0.810989010989011,0.6971830985915493,0.8690823684105917,0.6098875834028583
task2_fold2_seed2024_replay_r10_e8,replay,2,2,2024,3,3,0.8543046357615894,0.7864077669902912,0.9092366228431014,0.6759441827453676
task2_fold2_seed2024_replay_relation_cl6_r10_kd0.5_z0.1_a0.1_e8,replay_relation,2,2,2024,1,1,0.9512987012987013,0.8809523809523809,0.941905735658764,0.851056590253341
task2_fold2_seed2024_replay_relation_cl6_r10_kd0.5_z0.1_a0.1_e8,replay_relation,2,2,2024,2,1,0.935064935064935,0.8412698412698413,0.9263844914979176,0.8011431486740073
task2_fold2_seed2024_replay_relation_cl6_r10_kd0.5_z0.1_a0.1_e8,replay_relation,2,2,2024,2,2,0.8703296703296703,0.8173374613003096,0.8351123377306262,0.7262563175058023
task2_fold2_seed2024_replay_relation_cl6_r10_kd0.5_z0.1_a0.1_e8,replay_relation,2,2,2024,3,1,0.935064935064935,0.8412698412698413,0.9109119258004215,0.8011431486740073
task2_fold2_seed2024_replay_relation_cl6_r10_kd0.5_z0.1_a0.1_e8,replay_relation,2,2,2024,3,2,0.8373626373626374,0.7643312101910829,0.8300395412266164,0.6555263144062561
task2_fold2_seed2024_replay_relation_cl6_r10_kd0.5_z0.1_a0.1_e8,replay_relation,2,2,2024,3,3,0.9172185430463576,0.8780487804878049,0.8958121552576982,0.8154166271330672
task2_fold2_seed2024_replay_supcon_t0.07_l0.2_r10_e8,replay,2,2,2024,1,1,0.9415584415584416,0.8582677165354331,0.9382943595677989,0.8218476111754136
task2_fold2_seed2024_replay_supcon_t0.07_l0.2_r10_e8,replay,2,2,2024,2,1,0.9334415584415584,0.8209606986899564,0.928066123304927,0.7919319120636277
task2_fold2_seed2024_replay_supcon_t0.07_l0.2_r10_e8,replay,2,2,2024,2,2,0.778021978021978,0.63003663003663,0.8835838686312418,0.5375842187731498
task2_fold2_seed2024_replay_supcon_t0.07_l0.2_r10_e8,replay,2,2,2024,3,1,0.8831168831168831,0.6504854368932039,0.876754521416685,0.6164892370165314
task2_fold2_seed2024_replay_supcon_t0.07_l0.2_r10_e8,replay,2,2,2024,3,2,0.7648351648351648,0.5836575875486382,0.8637571545461761,0.5196365084973313
task2_fold2_seed2024_replay_supcon_t0.07_l0.2_r10_e8,replay,2,2,2024,3,3,0.8741721854304636,0.819047619047619,0.8998981151289929,0.7234152006392511
task2_fold2_seed42_ewc_cl6_l10_e8,ewc,2,2,42,1,1,0.8785046728971962,0.8,0.8848218909406422,0.7140257652617156
task2_fold2_seed42_ewc_cl6_l10_e8,ewc,2,2,42,2,1,0.7313084112149533,0.5907473309608541,0.7092705150009176,0.39186823244570707
task2_fold2_seed42_ewc_cl6_l10_e8,ewc,2,2,42,2,2,0.8262411347517731,0.7802690582959642,0.8759810029861925,0.6365963320717548
task2_fold2_seed42_ewc_cl6_l10_e8,ewc,2,2,42,3,1,0.8808411214953271,0.8131868131868132,0.9324188437642044,0.725818235908885
task2_fold2_seed42_ewc_cl6_l10_e8,ewc,2,2,42,3,2,0.8297872340425532,0.7623762376237624,0.8602073271610288,0.6393630024534531
task2_fold2_seed42_ewc_cl6_l10_e8,ewc,2,2,42,3,3,0.9148264984227129,0.7096774193548387,0.8915928572280386,0.7008414174991354
task2_fold2_seed42_joint_cl6_e8,joint,2,2,42,3,1,0.9439252336448598,0.9069767441860465,0.9622995130223083,0.8688914384929558
task2_fold2_seed42_joint_cl6_e8,joint,2,2,42,3,2,0.7836879432624113,0.7053140096618358,0.7738144061008566,0.5393834481272309
task2_fold2_seed42_joint_cl6_e8,joint,2,2,42,3,3,0.935856992639327,0.8,0.8991325021162151,0.7784954036248919
task2_fold2_seed42_naive_cl6_e8,naive,2,2,42,1,1,0.8785046728971962,0.8,0.8848218909406422,0.7140257652617156
task2_fold2_seed42_naive_cl6_e8,naive,2,2,42,2,1,0.6892523364485982,0.5521885521885522,0.583995206793996,0.32035351855052746
task2_fold2_seed42_naive_cl6_e8,naive,2,2,42,2,2,0.8191489361702128,0.775330396475771,0.8898845041506507,0.6245421350150905
task2_fold2_seed42_naive_cl6_e8,naive,2,2,42,3,1,0.8901869158878505,0.8278388278388278,0.9411037649462336,0.7473328979331942
task2_fold2_seed42_naive_cl6_e8,naive,2,2,42,3,2,0.8191489361702128,0.7536231884057971,0.803369759375524,0.6159726386468075
task2_fold2_seed42_naive_cl6_e8,naive,2,2,42,3,3,0.9221871713985279,0.774390243902439,0.8898864912393902,0.7316810784380371
task2_fold2_seed42_replay_cl6_r10_e8,replay,2,2,42,1,1,0.8785046728971962,0.8,0.8848218909406422,0.7140257652617156
task2_fold2_seed42_replay_cl6_r10_e8,replay,2,2,42,2,1,0.8107476635514018,0.64,0.7752397010924816,0.538109875290012
task2_fold2_seed42_replay_cl6_r10_e8,replay,2,2,42,2,2,0.8297872340425532,0.7575757575757576,0.8434502533325542,0.6404672543122066
task2_fold2_seed42_replay_cl6_r10_e8,replay,2,2,42,3,1,0.9112149532710281,0.8515625,0.9100013039771233,0.7909037895328653
task2_fold2_seed42_replay_cl6_r10_e8,replay,2,2,42,3,2,0.7943262411347518,0.7040816326530612,0.7211396658333058,0.5622061729971546
task2_fold2_seed42_replay_cl6_r10_e8,replay,2,2,42,3,3,0.9200841219768665,0.7285714285714285,0.9018753487735574,0.7223139235931015
task2_fold2_seed42_replay_kd_cl6_r10_kd0.5_e8,replay_kd,2,2,42,1,1,0.8785046728971962,0.8,0.8848218909406422,0.7140257652617156
task2_fold2_seed42_replay_kd_cl6_r10_kd0.5_e8,replay_kd,2,2,42,2,1,0.8060747663551402,0.6745098039215687,0.7699415900054418,0.5389756810689602
task2_fold2_seed42_replay_kd_cl6_r10_kd0.5_e8,replay_kd,2,2,42,2,2,0.8297872340425532,0.7735849056603774,0.8737506611317518,0.6395310323635119
task2_fold2_seed42_replay_kd_cl6_r10_kd0.5_e8,replay_kd,2,2,42,3,1,0.8995327102803738,0.8352490421455939,0.9108379995251789,0.7640434632415923
task2_fold2_seed42_replay_kd_cl6_r10_kd0.5_e8,replay_kd,2,2,42,3,2,0.8014184397163121,0.7307692307692307,0.7785314834592615,0.5778692483698933
task2_fold2_seed42_replay_kd_cl6_r10_kd0.5_e8,replay_kd,2,2,42,3,3,0.9400630914826499,0.8106312292358804,0.9171078479302217,0.795154202908314
task2_fold2_seed42_replay_r10_e8,replay,2,2,42,1,1,0.883177570093458,0.8031496062992126,0.8965780661640768,0.7234591709715047
task2_fold2_seed42_replay_r10_e8,replay,2,2,42,2,1,0.8317757009345794,0.6896551724137931,0.8237253619997004,0.5933447869148359
task2_fold2_seed42_replay_r10_e8,replay,2,2,42,2,2,0.851063829787234,0.7857142857142857,0.8488858644803761,0.6887488374969631
task2_fold2_seed42_replay_r10_e8,replay,2,2,42,3,1,0.8551401869158879,0.7651515151515151,0.8760493941345324,0.6608567612902145
task2_fold2_seed42_replay_r10_e8,replay,2,2,42,3,2,0.7127659574468085,0.5573770491803278,0.7313822909975318,0.377194557729824
task2_fold2_seed42_replay_r10_e8,replay,2,2,42,3,3,0.9106203995793901,0.6863468634686347,0.8137185115625636,0.686084449901953
task2_fold2_seed42_replay_relation_cl6_r05_kd0.5_z0.1_a0.1_e8,replay_relation,2,2,42,1,1,0.8785046728971962,0.8,0.8848218909406422,0.7140257652617156
task2_fold2_seed42_replay_relation_cl6_r05_kd0.5_z0.1_a0.1_e8,replay_relation,2,2,42,2,1,0.8317757009345794,0.6896551724137931,0.8615484145600343,0.5933447869148359
task2_fold2_seed42_replay_relation_cl6_r05_kd0.5_z0.1_a0.1_e8,replay_relation,2,2,42,2,2,0.8368794326241135,0.7722772277227723,0.8693343701665289,0.6548887379819017
task2_fold2_seed42_replay_relation_cl6_r05_kd0.5_z0.1_a0.1_e8,replay_relation,2,2,42,3,1,0.9112149532710281,0.8623188405797102,0.949393190602213,0.7972575474091077
task2_fold2_seed42_replay_relation_cl6_r05_kd0.5_z0.1_a0.1_e8,replay_relation,2,2,42,3,2,0.7872340425531915,0.7029702970297029,0.7925947111489693,0.5462085892827615
task2_fold2_seed42_replay_relation_cl6_r05_kd0.5_z0.1_a0.1_e8,replay_relation,2,2,42,3,3,0.943217665615142,0.8246753246753247,0.9437196951572814,0.805696401532234
task2_fold2_seed42_replay_relation_cl6_r10_kd0.5_z0.1_a0.1_e8,replay_relation,2,2,42,1,1,0.8785046728971962,0.8,0.8848218909406422,0.7140257652617156
task2_fold2_seed42_replay_relation_cl6_r10_kd0.5_z0.1_a0.1_e8,replay_relation,2,2,42,2,1,0.8014018691588785,0.6718146718146718,0.7875671814251654,0.5307876183995803
task2_fold2_seed42_replay_relation_cl6_r10_kd0.5_z0.1_a0.1_e8,replay_relation,2,2,42,2,2,0.8475177304964538,0.7962085308056872,0.8783715772519718,0.6772694649603009
task2_fold2_seed42_replay_relation_cl6_r10_kd0.5_z0.1_a0.1_e8,replay_relation,2,2,42,3,1,0.8925233644859814,0.8244274809160306,0.9180626512175842,0.7478141262761033
task2_fold2_seed42_replay_relation_cl6_r10_kd0.5_z0.1_a0.1_e8,replay_relation,2,2,42,3,2,0.8049645390070922,0.7317073170731707,0.7491468793672657,0.5851002840046673
task2_fold2_seed42_replay_relation_cl6_r10_kd0.5_z0.1_a0.1_e8,replay_relation,2,2,42,3,3,0.9400630914826499,0.8093645484949833,0.9017621824969566,0.7956707348110377
task2_fold2_seed42_replay_relation_cl6_r10_kd0.5_z0.1_a0_e8,replay_relation,2,2,42,1,1,0.8785046728971962,0.8,0.8848218909406422,0.7140257652617156
task2_fold2_seed42_replay_relation_cl6_r10_kd0.5_z0.1_a0_e8,replay_relation,2,2,42,2,1,0.7990654205607477,0.6692307692307692,0.7860882293629682,0.5260440209318591
task2_fold2_seed42_replay_relation_cl6_r10_kd0.5_z0.1_a0_e8,replay_relation,2,2,42,2,2,0.8439716312056738,0.7924528301886793,0.8792857822373571,0.6698085025434012
task2_fold2_seed42_replay_relation_cl6_r10_kd0.5_z0.1_a0_e8,replay_relation,2,2,42,3,1,0.8948598130841121,0.8351648351648352,0.914637959202128,0.7580902289453489
task2_fold2_seed42_replay_relation_cl6_r10_kd0.5_z0.1_a0_e8,replay_relation,2,2,42,3,2,0.8014184397163121,0.7333333333333333,0.7780777658886303,0.5783551592759899
task2_fold2_seed42_replay_relation_cl6_r10_kd0.5_z0.1_a0_e8,replay_relation,2,2,42,3,3,0.9463722397476341,0.8349514563106796,0.91236429594579,0.8172851945970565
task2_fold2_seed42_replay_relation_cl6_r20_kd0.5_z0.1_a0.1_e8,replay_relation,2,2,42,1,1,0.8785046728971962,0.8,0.8848218909406422,0.7140257652617156
task2_fold2_seed42_replay_relation_cl6_r20_kd0.5_z0.1_a0.1_e8,replay_relation,2,2,42,2,1,0.8878504672897196,0.8,0.937117037937272,0.7347938390590184
task2_fold2_seed42_replay_relation_cl6_r20_kd0.5_z0.1_a0.1_e8,replay_relation,2,2,42,2,2,0.8333333333333334,0.7661691542288557,0.8805133696141131,0.6473578162946335
task2_fold2_seed42_replay_relation_cl6_r20_kd0.5_z0.1_a0.1_e8,replay_relation,2,2,42,3,1,0.8948598130841121,0.8262548262548263,0.9168034594640968,0.7524670687069773
task2_fold2_seed42_replay_relation_cl6_r20_kd0.5_z0.1_a0.1_e8,replay_relation,2,2,42,3,2,0.8120567375886525,0.7439613526570048,0.8304831132207936,0.6006548005428922
task2_fold2_seed42_replay_relation_cl6_r20_kd0.5_z0.1_a0.1_e8,replay_relation,2,2,42,3,3,0.9106203995793901,0.6886446886446886,0.9069657641646832,0.6852415970503223
task2_fold2_seed42_replay_supcon_t0.07_l0.2_r10_e8,replay,2,2,42,1,1,0.8154205607476636,0.7523510971786834,0.7635599350399755,0.6293163290177788
task2_fold2_seed42_replay_supcon_t0.07_l0.2_r10_e8,replay,2,2,42,2,1,0.8761682242990654,0.774468085106383,0.9186284230308001,0.7065063015648937
task2_fold2_seed42_replay_supcon_t0.07_l0.2_r10_e8,replay,2,2,42,2,2,0.8475177304964538,0.7860696517412935,0.8871131669807647,0.6784999016230344
task2_fold2_seed42_replay_supcon_t0.07_l0.2_r10_e8,replay,2,2,42,3,1,0.8504672897196262,0.7241379310344828,0.8980283872442804,0.6413848093881488
task2_fold2_seed42_replay_supcon_t0.07_l0.2_r10_e8,replay,2,2,42,3,2,0.776595744680851,0.6701570680628273,0.8303100179218232,0.5234731151338904
task2_fold2_seed42_replay_supcon_t0.07_l0.2_r10_e8,replay,2,2,42,3,3,0.9158780231335436,0.7101449275362319,0.9164380955078212,0.706347265273495
task2_fold3_seed123_ewc_cl6_l10_e8,ewc,2,3,123,1,1,0.7102272727272727,0.5603448275862069,0.7140682566044374,0.3518436056134315
task2_fold3_seed123_ewc_cl6_l10_e8,ewc,2,3,123,2,1,0.8693181818181818,0.8099173553719008,0.9046987484428609,0.7136256717471652
task2_fold3_seed123_ewc_cl6_l10_e8,ewc,2,3,123,2,2,0.8036363636363636,0.7096774193548387,0.8318015090334817,0.5714049171749181
task2_fold3_seed123_ewc_cl6_l10_e8,ewc,2,3,123,3,1,0.8579545454545454,0.7747747747747747,0.8982935686588605,0.6917068240143855
task2_fold3_seed123_ewc_cl6_l10_e8,ewc,2,3,123,3,2,0.8145454545454546,0.6832298136645962,0.9285462041409613,0.6128325944156953
task2_fold3_seed123_ewc_cl6_l10_e8,ewc,2,3,123,3,3,0.8983228511530398,0.6596491228070176,0.7699795613609922,0.6145003432129265
task2_fold3_seed123_naive_cl6_e8,naive,2,3,123,1,1,0.7102272727272727,0.5603448275862069,0.7140682566044374,0.3518436056134315
task2_fold3_seed123_naive_cl6_e8,naive,2,3,123,2,1,0.7528409090909091,0.5193370165745856,0.8669112929760587,0.4578753827523249
task2_fold3_seed123_naive_cl6_e8,naive,2,3,123,2,2,0.7272727272727273,0.4755244755244755,0.8118396574193067,0.40527977026188866
task2_fold3_seed123_naive_cl6_e8,naive,2,3,123,3,1,0.8835227272727273,0.8177777777777778,0.9213764410613354,0.749807217707948
task2_fold3_seed123_naive_cl6_e8,naive,2,3,123,3,2,0.850909090909091,0.757396449704142,0.9441800227630099,0.6909971025395222
task2_fold3_seed123_naive_cl6_e8,naive,2,3,123,3,3,0.9182389937106918,0.7194244604316546,0.808809692847253,0.6931008839438294
task2_fold3_seed123_replay_cl6_r10_e8,replay,2,3,123,1,1,0.7102272727272727,0.5603448275862069,0.7140682566044374,0.3518436056134315
task2_fold3_seed123_replay_cl6_r10_e8,replay,2,3,123,2,1,0.7556818181818182,0.5784313725490197,0.7921884584064887,0.4501722727889513
task2_fold3_seed123_replay_cl6_r10_e8,replay,2,3,123,2,2,0.7381818181818182,0.5555555555555556,0.784245311423285,0.4191475568835205
task2_fold3_seed123_replay_cl6_r10_e8,replay,2,3,123,3,1,0.9034090909090909,0.864,0.9397564272852226,0.7897237352688864
task2_fold3_seed123_replay_cl6_r10_e8,replay,2,3,123,3,2,0.9527272727272728,0.937799043062201,0.9812056622052574,0.8999296969989556
task2_fold3_seed123_replay_cl6_r10_e8,replay,2,3,123,3,3,0.8563941299790356,0.6162464985994398,0.752610172332941,0.5300310663283718
task2_fold3_seed123_replay_r10_e8,replay,2,3,123,1,1,0.6960227272727273,0.5446808510638298,0.7194451165823033,0.3221477744420531
task2_fold3_seed123_replay_r10_e8,replay,2,3,123,2,1,0.84375,0.7577092511013216,0.8908804028084929,0.6567586718659172
task2_fold3_seed123_replay_r10_e8,replay,2,3,123,2,2,0.7745454545454545,0.6477272727272727,0.8581031586961851,0.5046116426052006
task2_fold3_seed123_replay_r10_e8,replay,2,3,123,3,1,0.8920454545454546,0.8503937007874016,0.9362148003491881,0.766015564255215
task2_fold3_seed123_replay_r10_e8,replay,2,3,123,3,2,0.9381818181818182,0.9170731707317074,0.9598037248700573,0.8678259183869459
task2_fold3_seed123_replay_r10_e8,replay,2,3,123,3,3,0.79979035639413,0.5352798053527981,0.6915865346832425,0.4254134511293451
task2_fold3_seed123_replay_relation_cl6_r10_kd0.5_z0.1_a0.1_e8,replay_relation,2,3,123,1,1,0.7102272727272727,0.5603448275862069,0.7140682566044374,0.3518436056134315
task2_fold3_seed123_replay_relation_cl6_r10_kd0.5_z0.1_a0.1_e8,replay_relation,2,3,123,2,1,0.8011363636363636,0.65,0.8543077006718506,0.5683339442811965
task2_fold3_seed123_replay_relation_cl6_r10_kd0.5_z0.1_a0.1_e8,replay_relation,2,3,123,2,2,0.8436363636363636,0.7570621468926554,0.9455016699659464,0.6654993746371236
task2_fold3_seed123_replay_relation_cl6_r10_kd0.5_z0.1_a0.1_e8,replay_relation,2,3,123,3,1,0.8835227272727273,0.8177777777777778,0.9273179459456462,0.749807217707948
task2_fold3_seed123_replay_relation_cl6_r10_kd0.5_z0.1_a0.1_e8,replay_relation,2,3,123,3,2,0.9272727272727272,0.8969072164948454,0.9813932747654731,0.8449095959528736
task2_fold3_seed123_replay_relation_cl6_r10_kd0.5_z0.1_a0.1_e8,replay_relation,2,3,123,3,3,0.7872117400419287,0.5615550755939525,0.6616207715789442,0.4661917224513194
task2_fold3_seed123_replay_supcon_t0.07_l0.2_r10_e8,replay,2,3,123,1,1,0.7272727272727273,0.5596330275229358,0.7098856706457934,0.3827449532794323
task2_fold3_seed123_replay_supcon_t0.07_l0.2_r10_e8,replay,2,3,123,2,1,0.8380681818181818,0.7397260273972602,0.8288365161300069,0.6462352590075399
task2_fold3_seed123_replay_supcon_t0.07_l0.2_r10_e8,replay,2,3,123,2,2,0.7854545454545454,0.6424242424242425,0.8830854243516952,0.5353803026040396
task2_fold3_seed123_replay_supcon_t0.07_l0.2_r10_e8,replay,2,3,123,3,1,0.8863636363636364,0.8333333333333334,0.9260465453472602,0.7515431969426297
task2_fold3_seed123_replay_supcon_t0.07_l0.2_r10_e8,replay,2,3,123,3,2,0.96,0.9447236180904522,0.9844883359985015,0.9148340879983394
task2_fold3_seed123_replay_supcon_t0.07_l0.2_r10_e8,replay,2,3,123,3,3,0.7651991614255765,0.5274261603375527,0.62921030995878,0.42074660363593325
task2_fold3_seed2024_ewc_cl6_l10_e8,ewc,2,3,2024,1,1,0.7436823104693141,0.6666666666666666,0.8984040241156548,0.5350721693408598
task2_fold3_seed2024_ewc_cl6_l10_e8,ewc,2,3,2024,2,1,0.8086642599277978,0.792156862745098,0.870654262899701,0.6210738785618299
task2_fold3_seed2024_ewc_cl6_l10_e8,ewc,2,3,2024,2,2,0.912041884816754,0.7692307692307693,0.8545383364810641,0.716082349342822
task2_fold3_seed2024_ewc_cl6_l10_e8,ewc,2,3,2024,3,1,0.740072202166065,0.6814159292035398,0.8659480931435676,0.505935361699855
task2_fold3_seed2024_ewc_cl6_l10_e8,ewc,2,3,2024,3,2,0.8450261780104712,0.6145833333333334,0.7174142603725625,0.5176549182206616
task2_fold3_seed2024_ewc_cl6_l10_e8,ewc,2,3,2024,3,3,0.8816120906801007,0.8406779661016949,0.9222452947940374,0.7486187438512343
task2_fold3_seed2024_naive_cl6_e8,naive,2,3,2024,1,1,0.7436823104693141,0.6666666666666666,0.8984040241156548,0.5350721693408598
task2_fold3_seed2024_naive_cl6_e8,naive,2,3,2024,2,1,0.8014440433212996,0.7843137254901961,0.8649882054892561,0.6064857784718082
task2_fold3_seed2024_naive_cl6_e8,naive,2,3,2024,2,2,0.9089005235602095,0.7642276422764228,0.8494741891812057,0.7083164206753784
task2_fold3_seed2024_naive_cl6_e8,naive,2,3,2024,3,1,0.7725631768953068,0.7341772151898734,0.8520957956350539,0.5612927942011168
task2_fold3_seed2024_naive_cl6_e8,naive,2,3,2024,3,2,0.8638743455497382,0.656084656084656,0.7074564613411105,0.5712436492739015
task2_fold3_seed2024_naive_cl6_e8,naive,2,3,2024,3,3,0.8614609571788413,0.8135593220338984,0.8917009646845441,0.7054114106668278
task2_fold3_seed2024_replay_cl6_r10_e8,replay,2,3,2024,1,1,0.7436823104693141,0.6666666666666666,0.8984040241156548,0.5350721693408598
task2_fold3_seed2024_replay_cl6_r10_e8,replay,2,3,2024,2,1,0.7148014440433214,0.639269406392694,0.8209416270544545,0.46107684969313756
task2_fold3_seed2024_replay_cl6_r10_e8,replay,2,3,2024,2,2,0.8827225130890053,0.6923076923076923,0.7392652760027477,0.620950979999484
task2_fold3_seed2024_replay_cl6_r10_e8,replay,2,3,2024,3,1,0.7364620938628159,0.6604651162790698,0.876180006406036,0.5152117294107508
task2_fold3_seed2024_replay_cl6_r10_e8,replay,2,3,2024,3,2,0.8617801047120419,0.6206896551724138,0.6934223830990384,0.540469213525939
task2_fold3_seed2024_replay_cl6_r10_e8,replay,2,3,2024,3,3,0.9042821158690176,0.8733333333333333,0.9151981408059477,0.7972301242965458
task2_fold3_seed2024_replay_r10_e8,replay,2,3,2024,1,1,0.7472924187725631,0.6728971962616822,0.8995451479931247,0.5411379511280872
task2_fold3_seed2024_replay_r10_e8,replay,2,3,2024,2,1,0.6209386281588448,0.4444444444444444,0.7889599433640707,0.2933394376718164
task2_fold3_seed2024_replay_r10_e8,replay,2,3,2024,2,2,0.9015706806282723,0.718562874251497,0.776642492147321,0.6696015737514929
task2_fold3_seed2024_replay_r10_e8,replay,2,3,2024,3,1,0.7653429602888087,0.721030042918455,0.8442323162496973,0.5506644355283998
task2_fold3_seed2024_replay_r10_e8,replay,2,3,2024,3,2,0.9015706806282723,0.7218934911242604,0.8084542162184033,0.670853964728579
task2_fold3_seed2024_replay_r10_e8,replay,2,3,2024,3,3,0.8488664987405542,0.8125,0.8341481989067641,0.687570927294727
task2_fold3_seed2024_replay_relation_cl6_r10_kd0.5_z0.1_a0.1_e8,replay_relation,2,3,2024,1,1,0.7436823104693141,0.6666666666666666,0.8984040241156548,0.5350721693408598
task2_fold3_seed2024_replay_relation_cl6_r10_kd0.5_z0.1_a0.1_e8,replay_relation,2,3,2024,2,1,0.6823104693140795,0.5769230769230769,0.8042314380774521,0.40585539481927846
task2_fold3_seed2024_replay_relation_cl6_r10_kd0.5_z0.1_a0.1_e8,replay_relation,2,3,2024,2,2,0.8910994764397906,0.7011494252873564,0.7543629045728352,0.639294068351456
task2_fold3_seed2024_replay_relation_cl6_r10_kd0.5_z0.1_a0.1_e8,replay_relation,2,3,2024,3,1,0.7364620938628159,0.6784140969162996,0.839016669026964,0.4969496690463896
task2_fold3_seed2024_replay_relation_cl6_r10_kd0.5_z0.1_a0.1_e8,replay_relation,2,3,2024,3,2,0.9036649214659686,0.7212121212121212,0.8006614568995059,0.6759171864968122
task2_fold3_seed2024_replay_relation_cl6_r10_kd0.5_z0.1_a0.1_e8,replay_relation,2,3,2024,3,3,0.8438287153652393,0.802547770700637,0.9086901809527488,0.6737956117693105
task2_fold3_seed2024_replay_supcon_t0.07_l0.2_r10_e8,replay,2,3,2024,1,1,0.703971119133574,0.5980392156862745,0.8679112229429995,0.46333814008011
task2_fold3_seed2024_replay_supcon_t0.07_l0.2_r10_e8,replay,2,3,2024,2,1,0.6064981949458483,0.41711229946524064,0.7807087279883947,0.2601092841957496
task2_fold3_seed2024_replay_supcon_t0.07_l0.2_r10_e8,replay,2,3,2024,2,2,0.8890052356020942,0.6580645161290323,0.7473226563063282,0.6182379511891952
task2_fold3_seed2024_replay_supcon_t0.07_l0.2_r10_e8,replay,2,3,2024,3,1,0.5812274368231047,0.3695652173913043,0.7839373051896416,0.19905838323776653
task2_fold3_seed2024_replay_supcon_t0.07_l0.2_r10_e8,replay,2,3,2024,3,2,0.9162303664921466,0.7419354838709677,0.8428953550749597,0.7211118844959084
task2_fold3_seed2024_replay_supcon_t0.07_l0.2_r10_e8,replay,2,3,2024,3,3,0.8690176322418136,0.8074074074074075,0.9255561687507753,0.7275149486739586
task2_fold3_seed42_ewc_cl6_l10_e8,ewc,2,3,42,1,1,0.875,0.7564102564102564,0.7923254242674305,0.6799798970629826
task2_fold3_seed42_ewc_cl6_l10_e8,ewc,2,3,42,2,1,0.8157894736842105,0.5555555555555556,0.8169975700186265,0.511709011128528
task2_fold3_seed42_ewc_cl6_l10_e8,ewc,2,3,42,2,2,0.8523391812865497,0.6773162939297125,0.8561691134636604,0.6123426936165172
task2_fold3_seed42_ewc_cl6_l10_e8,ewc,2,3,42,3,1,0.7335526315789473,0.18181818181818182,0.7251954772921377,0.19212455482844695
task2_fold3_seed42_ewc_cl6_l10_e8,ewc,2,3,42,3,2,0.8260233918128655,0.5672727272727273,0.8540119789083215,0.541559971366419
task2_fold3_seed42_ewc_cl6_l10_e8,ewc,2,3,42,3,3,0.85383502170767,0.5167464114832536,0.6038587425484175,0.44977498218170686
task2_fold3_seed42_joint_cl6_e8,joint,2,3,42,3,1,0.9111842105263158,0.8301886792452831,0.8935242925258051,0.7753421277262498
task2_fold3_seed42_joint_cl6_e8,joint,2,3,42,3,2,0.8654970760233918,0.6973684210526315,0.8729366664219457,0.6532802138247225
task2_fold3_seed42_joint_cl6_e8,joint,2,3,42,3,3,0.894356005788712,0.694560669456067,0.7349887713693177,0.6328192518228538
task2_fold3_seed42_naive_cl6_e8,naive,2,3,42,1,1,0.875,0.7564102564102564,0.7923254242674305,0.6799798970629826
task2_fold3_seed42_naive_cl6_e8,naive,2,3,42,2,1,0.819078947368421,0.5864661654135338,0.8246147184153783,0.5192547091084274
task2_fold3_seed42_naive_cl6_e8,naive,2,3,42,2,2,0.8728070175438597,0.7306501547987616,0.8753193758139012,0.670033219996554
task2_fold3_seed42_naive_cl6_e8,naive,2,3,42,3,1,0.7368421052631579,0.2,0.738976861917532,0.2104418871251165
task2_fold3_seed42_naive_cl6_e8,naive,2,3,42,3,2,0.814327485380117,0.5243445692883895,0.8569997513379604,0.5058006504272848
task2_fold3_seed42_naive_cl6_e8,naive,2,3,42,3,3,0.7814761215629522,0.40784313725490196,0.4558141438626795,0.27386480217317744
task2_fold3_seed42_replay_cl6_r10_e8,replay,2,3,42,1,1,0.875,0.7564102564102564,0.7923254242674305,0.6799798970629826
task2_fold3_seed42_replay_cl6_r10_e8,replay,2,3,42,2,1,0.8355263157894737,0.609375,0.8626776359404726,0.5739647483727853
task2_fold3_seed42_replay_cl6_r10_e8,replay,2,3,42,2,2,0.8552631578947368,0.6754098360655738,0.8651589179646091,0.6223041964157141
task2_fold3_seed42_replay_cl6_r10_e8,replay,2,3,42,3,1,0.7368421052631579,0.23076923076923078,0.6910585997159364,0.21375808652867
task2_fold3_seed42_replay_cl6_r10_e8,replay,2,3,42,3,2,0.827485380116959,0.5874125874125874,0.8551487160360567,0.5415698746765385
task2_fold3_seed42_replay_cl6_r10_e8,replay,2,3,42,3,3,0.8827785817655571,0.6462882096069869,0.7353917179667451,0.5820184852445491
task2_fold3_seed42_replay_kd_cl6_r10_kd0.5_e8,replay_kd,2,3,42,1,1,0.875,0.7564102564102564,0.7923254242674305,0.6799798970629826
task2_fold3_seed42_replay_kd_cl6_r10_kd0.5_e8,replay_kd,2,3,42,2,1,0.8914473684210527,0.7843137254901961,0.8511012772551624,0.7231958653259488
task2_fold3_seed42_replay_kd_cl6_r10_kd0.5_e8,replay_kd,2,3,42,2,2,0.8728070175438597,0.7387387387387387,0.8623203580899775,0.6696796196827085
task2_fold3_seed42_replay_kd_cl6_r10_kd0.5_e8,replay_kd,2,3,42,3,1,0.8552631578947368,0.6764705882352942,0.8128183592348509,0.6275891805432523
task2_fold3_seed42_replay_kd_cl6_r10_kd0.5_e8,replay_kd,2,3,42,3,2,0.8304093567251462,0.610738255033557,0.8603959482155885,0.5483136603242403
task2_fold3_seed42_replay_kd_cl6_r10_kd0.5_e8,replay_kd,2,3,42,3,3,0.8480463096960926,0.6601941747572816,0.700686286943201,0.5814991047483203
task2_fold3_seed42_replay_r10_e8,replay,2,3,42,1,1,0.875,0.7564102564102564,0.7904439934050658,0.6799798970629826
task2_fold3_seed42_replay_r10_e8,replay,2,3,42,2,1,0.8881578947368421,0.7763157894736842,0.8576389211202667,0.7144182685416107
task2_fold3_seed42_replay_r10_e8,replay,2,3,42,2,2,0.8523391812865497,0.6892307692307692,0.8428290809517524,0.6123722337427171
task2_fold3_seed42_replay_r10_e8,replay,2,3,42,3,1,0.7894736842105263,0.43859649122807015,0.8119676484540919,0.43134389401480466
task2_fold3_seed42_replay_r10_e8,replay,2,3,42,3,2,0.8011695906432749,0.48872180451127817,0.840437909701464,0.459506622102456
task2_fold3_seed42_replay_r10_e8,replay,2,3,42,3,3,0.7872648335745297,0.4693140794223827,0.4663655689033181,0.3392554305047496
task2_fold3_seed42_replay_relation_cl6_r05_kd0.5_z0.1_a0.1_e8,replay_relation,2,3,42,1,1,0.875,0.7564102564102564,0.7923254242674305,0.6799798970629826
task2_fold3_seed42_replay_relation_cl6_r05_kd0.5_z0.1_a0.1_e8,replay_relation,2,3,42,2,1,0.7861842105263158,0.4444444444444444,0.785918461197074,0.4158396065324874
task2_fold3_seed42_replay_relation_cl6_r05_kd0.5_z0.1_a0.1_e8,replay_relation,2,3,42,2,2,0.8347953216374269,0.6116838487972509,0.865889222092814,0.5633525800689423
task2_fold3_seed42_replay_relation_cl6_r05_kd0.5_z0.1_a0.1_e8,replay_relation,2,3,42,3,1,0.7532894736842105,0.27184466019417475,0.777021641768593,0.29213495184898036
task2_fold3_seed42_replay_relation_cl6_r05_kd0.5_z0.1_a0.1_e8,replay_relation,2,3,42,3,2,0.8157894736842105,0.5401459854014599,0.8395223291971355,0.5072252010623035
task2_fold3_seed42_replay_relation_cl6_r05_kd0.5_z0.1_a0.1_e8,replay_relation,2,3,42,3,3,0.894356005788712,0.6137566137566137,0.7658773174319483,0.6093225319019427
task2_fold3_seed42_replay_relation_cl6_r10_kd0.5_z0.1_a0.1_e8,replay_relation,2,3,42,1,1,0.875,0.7564102564102564,0.7923254242674305,0.6799798970629826
task2_fold3_seed42_replay_relation_cl6_r10_kd0.5_z0.1_a0.1_e8,replay_relation,2,3,42,2,1,0.8782894736842105,0.7516778523489933,0.8353960981745614,0.6879015654821785
task2_fold3_seed42_replay_relation_cl6_r10_kd0.5_z0.1_a0.1_e8,replay_relation,2,3,42,2,2,0.8581871345029239,0.7015384615384616,0.8477667558580467,0.6287937105090956
task2_fold3_seed42_replay_relation_cl6_r10_kd0.5_z0.1_a0.1_e8,replay_relation,2,3,42,3,1,0.8486842105263158,0.6515151515151515,0.8343884387484035,0.6111362926079045
task2_fold3_seed42_replay_relation_cl6_r10_kd0.5_z0.1_a0.1_e8,replay_relation,2,3,42,3,2,0.8347953216374269,0.6220735785953178,0.8654504286213922,0.5616212927513078
task2_fold3_seed42_replay_relation_cl6_r10_kd0.5_z0.1_a0.1_e8,replay_relation,2,3,42,3,3,0.7959479015918958,0.5634674922600619,0.5543331110834255,0.4557071198910432
task2_fold3_seed42_replay_relation_cl6_r10_kd0.5_z0.1_a0_e8,replay_relation,2,3,42,1,1,0.875,0.7564102564102564,0.7923254242674305,0.6799798970629826
task2_fold3_seed42_replay_relation_cl6_r10_kd0.5_z0.1_a0_e8,replay_relation,2,3,42,2,1,0.8980263157894737,0.7973856209150327,0.8393214121175723,0.7408149984449653
task2_fold3_seed42_replay_relation_cl6_r10_kd0.5_z0.1_a0_e8,replay_relation,2,3,42,2,2,0.8625730994152047,0.7098765432098766,0.8480246702639249,0.6411135200364281
task2_fold3_seed42_replay_relation_cl6_r10_kd0.5_z0.1_a0_e8,replay_relation,2,3,42,3,1,0.8453947368421053,0.6412213740458015,0.8278716394053164,0.6019477425176862
task2_fold3_seed42_replay_relation_cl6_r10_kd0.5_z0.1_a0_e8,replay_relation,2,3,42,3,2,0.8260233918128655,0.5993265993265994,0.8604627124237717,0.5349212209682924
task2_fold3_seed42_replay_relation_cl6_r10_kd0.5_z0.1_a0_e8,replay_relation,2,3,42,3,3,0.7814761215629522,0.5353846153846153,0.5401737494579703,0.4182255721346157
task2_fold3_seed42_replay_relation_cl6_r20_kd0.5_z0.1_a0.1_e8,replay_relation,2,3,42,1,1,0.875,0.7564102564102564,0.7923254242674305,0.6799798970629826
task2_fold3_seed42_replay_relation_cl6_r20_kd0.5_z0.1_a0.1_e8,replay_relation,2,3,42,2,1,0.8651315789473685,0.7248322147651006,0.8548775701468814,0.6518646749244357
task2_fold3_seed42_replay_relation_cl6_r20_kd0.5_z0.1_a0.1_e8,replay_relation,2,3,42,2,2,0.8494152046783626,0.6730158730158731,0.8197379646363816,0.6037439276642944
task2_fold3_seed42_replay_relation_cl6_r20_kd0.5_z0.1_a0.1_e8,replay_relation,2,3,42,3,1,0.8717105263157895,0.7272727272727273,0.8645231993185309,0.6712775398665294
task2_fold3_seed42_replay_relation_cl6_r20_kd0.5_z0.1_a0.1_e8,replay_relation,2,3,42,3,2,0.8318713450292398,0.6153846153846154,0.8422769507025618,0.5526842705048465
task2_fold3_seed42_replay_relation_cl6_r20_kd0.5_z0.1_a0.1_e8,replay_relation,2,3,42,3,3,0.9001447178002895,0.7228915662650602,0.7974731449081649,0.6622198877171632
task2_fold3_seed42_replay_supcon_t0.07_l0.2_r10_e8,replay,2,3,42,1,1,0.8947368421052632,0.7974683544303798,0.8710711847127635,0.7323476434930781
task2_fold3_seed42_replay_supcon_t0.07_l0.2_r10_e8,replay,2,3,42,2,1,0.8355263157894737,0.647887323943662,0.7833030130855736,0.5681686649438498
task2_fold3_seed42_replay_supcon_t0.07_l0.2_r10_e8,replay,2,3,42,2,2,0.8406432748538012,0.653968253968254,0.8122791181356832,0.5783673905981918
task2_fold3_seed42_replay_supcon_t0.07_l0.2_r10_e8,replay,2,3,42,3,1,0.8355263157894737,0.6428571428571429,0.8353187141310928,0.5679784596413838
task2_fold3_seed42_replay_supcon_t0.07_l0.2_r10_e8,replay,2,3,42,3,2,0.8245614035087719,0.5862068965517241,0.827427438589985,0.531243592414707
task2_fold3_seed42_replay_supcon_t0.07_l0.2_r10_e8,replay,2,3,42,3,3,0.8321273516642547,0.536,0.5518444536151982,0.4336412554107296
task2_fold4_seed123_ewc_cl6_l10_e8,ewc,2,4,123,1,1,0.6546762589928058,0.2727272727272727,0.2616090690266053,0.047172307907048266
task2_fold4_seed123_ewc_cl6_l10_e8,ewc,2,4,123,2,1,0.645083932853717,0.26,0.2907389347519312,0.02709008181824654
task2_fold4_seed123_ewc_cl6_l10_e8,ewc,2,4,123,2,2,0.8980797636632201,0.6820276497695853,0.871944179816661,0.658429539065543
task2_fold4_seed123_ewc_cl6_l10_e8,ewc,2,4,123,3,1,0.7050359712230215,0.2807017543859649,0.40222635656085126,0.11003055958348144
task2_fold4_seed123_ewc_cl6_l10_e8,ewc,2,4,123,3,2,0.8493353028064993,0.49504950495049505,0.7587083040234253,0.4598264567569728
task2_fold4_seed123_ewc_cl6_l10_e8,ewc,2,4,123,3,3,0.7518248175182481,0.6,0.7071951465310806,0.4367865463240888
task2_fold4_seed123_naive_cl6_e8,naive,2,4,123,1,1,0.6546762589928058,0.2727272727272727,0.2616090690266053,0.047172307907048266
task2_fold4_seed123_naive_cl6_e8,naive,2,4,123,2,1,0.657074340527578,0.39148936170212767,0.4058270449375504,0.15915161119584126
task2_fold4_seed123_naive_cl6_e8,naive,2,4,123,2,2,0.896602658788774,0.72,0.8676573404024968,0.6618939245948503
task2_fold4_seed123_naive_cl6_e8,naive,2,4,123,3,1,0.7122302158273381,0.34065934065934067,0.39131703841533816,0.16411954436487758
task2_fold4_seed123_naive_cl6_e8,naive,2,4,123,3,2,0.8655834564254062,0.5767441860465117,0.7335454489560731,0.5321816882593733
task2_fold4_seed123_naive_cl6_e8,naive,2,4,123,3,3,0.7554744525547445,0.6214689265536724,0.7914937941708577,0.4495574898061598
task2_fold4_seed123_replay_cl6_r10_e8,replay,2,4,123,1,1,0.6546762589928058,0.2727272727272727,0.2616090690266053,0.047172307907048266
task2_fold4_seed123_replay_cl6_r10_e8,replay,2,4,123,2,1,0.6594724220623501,0.3826086956521739,0.38213253199254027,0.1517896213337103
task2_fold4_seed123_replay_cl6_r10_e8,replay,2,4,123,2,2,0.8906942392909897,0.6890756302521008,0.8311959690693349,0.6352831813649258
task2_fold4_seed123_replay_cl6_r10_e8,replay,2,4,123,3,1,0.750599520383693,0.4090909090909091,0.511660326670316,0.26459653504804304
task2_fold4_seed123_replay_cl6_r10_e8,replay,2,4,123,3,2,0.8670605612998523,0.5833333333333334,0.7599857380219514,0.5383789216472017
task2_fold4_seed123_replay_cl6_r10_e8,replay,2,4,123,3,3,0.8211678832116789,0.743455497382199,0.7127467499080304,0.6068346981232278
task2_fold4_seed123_replay_r10_e8,replay,2,4,123,1,1,0.6282973621103117,0.33476394849785407,0.2252290535492685,0.08186674620555265
task2_fold4_seed123_replay_r10_e8,replay,2,4,123,2,1,0.6594724220623501,0.36036036036036034,0.32421260209537295,0.13006970330680523
task2_fold4_seed123_replay_r10_e8,replay,2,4,123,2,2,0.896602658788774,0.6875,0.8272984340786745,0.6525161686323749
task2_fold4_seed123_replay_r10_e8,replay,2,4,123,3,1,0.7458033573141487,0.4111111111111111,0.5667561943303809,0.25907987581231434
task2_fold4_seed123_replay_r10_e8,replay,2,4,123,3,2,0.8404726735598228,0.46534653465346537,0.7595484672983861,0.42238779034392765
task2_fold4_seed123_replay_r10_e8,replay,2,4,123,3,3,0.7992700729927007,0.6927374301675978,0.7405800471802618,0.5511350654834295
task2_fold4_seed123_replay_relation_cl6_r10_kd0.5_z0.1_a0.1_e8,replay_relation,2,4,123,1,1,0.6546762589928058,0.2727272727272727,0.2616090690266053,0.047172307907048266
task2_fold4_seed123_replay_relation_cl6_r10_kd0.5_z0.1_a0.1_e8,replay_relation,2,4,123,2,1,0.6498800959232613,0.3047619047619048,0.3910793498302997,0.07082164651135958
task2_fold4_seed123_replay_relation_cl6_r10_kd0.5_z0.1_a0.1_e8,replay_relation,2,4,123,2,2,0.8862629246676514,0.6980392156862745,0.8141199236191927,0.631112055567373
task2_fold4_seed123_replay_relation_cl6_r10_kd0.5_z0.1_a0.1_e8,replay_relation,2,4,123,3,1,0.7122302158273381,0.40594059405940597,0.43666852267480766,0.21645442328083045
task2_fold4_seed123_replay_relation_cl6_r10_kd0.5_z0.1_a0.1_e8,replay_relation,2,4,123,3,2,0.8892171344165436,0.6938775510204082,0.7909434096729504,0.634016828805429
task2_fold4_seed123_replay_relation_cl6_r10_kd0.5_z0.1_a0.1_e8,replay_relation,2,4,123,3,3,0.7846715328467153,0.6775956284153005,0.7841305049325882,0.5201251389002405
task2_fold4_seed123_replay_supcon_t0.07_l0.2_r10_e8,replay,2,4,123,1,1,0.6666666666666666,0.26455026455026454,0.30557972173674774,0.05229521145751504
task2_fold4_seed123_replay_supcon_t0.07_l0.2_r10_e8,replay,2,4,123,2,1,0.7290167865707434,0.12403100775193798,0.3863667417242669,0.04120746876132906
task2_fold4_seed123_replay_supcon_t0.07_l0.2_r10_e8,replay,2,4,123,2,2,0.8330871491875923,0.32335329341317365,0.7387875687742269,0.37391188452130963
task2_fold4_seed123_replay_supcon_t0.07_l0.2_r10_e8,replay,2,4,123,3,1,0.762589928057554,0.5560538116591929,0.4580755228579414,0.3966934236883721
task2_fold4_seed123_replay_supcon_t0.07_l0.2_r10_e8,replay,2,4,123,3,2,0.9084194977843427,0.7350427350427351,0.8533179734752643,0.6964795806008306
task2_fold4_seed123_replay_supcon_t0.07_l0.2_r10_e8,replay,2,4,123,3,3,0.8175182481751825,0.7524752475247525,0.8252342165154521,0.6088418064392238
task2_fold4_seed2024_ewc_cl6_l10_e8,ewc,2,4,2024,1,1,0.6862745098039216,0.41284403669724773,0.7505348385558038,0.3374047890758241
task2_fold4_seed2024_ewc_cl6_l10_e8,ewc,2,4,2024,2,1,0.7230392156862745,0.5387755102040817,0.7901114388505375,0.4150793896243216
task2_fold4_seed2024_ewc_cl6_l10_e8,ewc,2,4,2024,2,2,0.7879581151832461,0.6896551724137931,0.8685044395953556,0.5648656581774442
task2_fold4_seed2024_ewc_cl6_l10_e8,ewc,2,4,2024,3,1,0.7573529411764706,0.5959183673469388,0.8398139904528766,0.5024902978065265
task2_fold4_seed2024_ewc_cl6_l10_e8,ewc,2,4,2024,3,2,0.7591623036649214,0.6134453781512605,0.9005861247521028,0.5168804532196443
task2_fold4_seed2024_ewc_cl6_l10_e8,ewc,2,4,2024,3,3,0.768503937007874,0.4913494809688581,0.7752913438518674,0.45510709645188013
task2_fold4_seed2024_naive_cl6_e8,naive,2,4,2024,1,1,0.6862745098039216,0.41284403669724773,0.7505348385558038,0.3374047890758241
task2_fold4_seed2024_naive_cl6_e8,naive,2,4,2024,2,1,0.6985294117647058,0.4675324675324675,0.7931063849265588,0.36029980699446035
task2_fold4_seed2024_naive_cl6_e8,naive,2,4,2024,2,2,0.7827225130890052,0.6770428015564203,0.8776077643145656,0.5555400362229816
task2_fold4_seed2024_naive_cl6_e8,naive,2,4,2024,3,1,0.7671568627450981,0.6245059288537549,0.8128343054886666,0.5194722034061606
task2_fold4_seed2024_naive_cl6_e8,naive,2,4,2024,3,2,0.7460732984293194,0.616600790513834,0.8482550239096489,0.47278761396956287
task2_fold4_seed2024_naive_cl6_e8,naive,2,4,2024,3,3,0.7937007874015748,0.5893416927899686,0.8062034214253457,0.5144433826788821
task2_fold4_seed2024_replay_cl6_r10_e8,replay,2,4,2024,1,1,0.6862745098039216,0.41284403669724773,0.7505348385558038,0.3374047890758241
task2_fold4_seed2024_replay_cl6_r10_e8,replay,2,4,2024,2,1,0.7377450980392157,0.5836575875486382,0.7797845080833337,0.44500092166374067
task2_fold4_seed2024_replay_cl6_r10_e8,replay,2,4,2024,2,2,0.8219895287958116,0.7605633802816901,0.876553757708969,0.6302502828325847
task2_fold4_seed2024_replay_cl6_r10_e8,replay,2,4,2024,3,1,0.75,0.6165413533834586,0.7304534605780671,0.47055680567280095
task2_fold4_seed2024_replay_cl6_r10_e8,replay,2,4,2024,3,2,0.8141361256544503,0.7455197132616488,0.881727129559759,0.6146261882496702
task2_fold4_seed2024_replay_cl6_r10_e8,replay,2,4,2024,3,3,0.8094488188976378,0.6472303206997084,0.8162547239873499,0.5512756416342426
task2_fold4_seed2024_replay_r10_e8,replay,2,4,2024,1,1,0.678921568627451,0.38497652582159625,0.7468077970366687,0.3208356962715029
task2_fold4_seed2024_replay_r10_e8,replay,2,4,2024,2,1,0.7671568627450981,0.6415094339622641,0.8320586350589066,0.5113706458120882
task2_fold4_seed2024_replay_r10_e8,replay,2,4,2024,2,2,0.8298429319371727,0.7750865051903114,0.8791923542289567,0.6461114730448322
task2_fold4_seed2024_replay_r10_e8,replay,2,4,2024,3,1,0.7622549019607843,0.6367041198501873,0.8142462851759328,0.4989183038355839
task2_fold4_seed2024_replay_r10_e8,replay,2,4,2024,3,2,0.7643979057591623,0.6428571428571429,0.8681913912681793,0.5164263585274415
task2_fold4_seed2024_replay_r10_e8,replay,2,4,2024,3,3,0.8188976377952756,0.6627565982404692,0.8192076227386198,0.5763803561045694
task2_fold4_seed2024_replay_relation_cl6_r10_kd0.5_z0.1_a0.1_e8,replay_relation,2,4,2024,1,1,0.6862745098039216,0.41284403669724773,0.7505348385558038,0.3374047890758241
task2_fold4_seed2024_replay_relation_cl6_r10_kd0.5_z0.1_a0.1_e8,replay_relation,2,4,2024,2,1,0.7083333333333334,0.5296442687747036,0.7737900447202116,0.3746518009533328
task2_fold4_seed2024_replay_relation_cl6_r10_kd0.5_z0.1_a0.1_e8,replay_relation,2,4,2024,2,2,0.7827225130890052,0.6819923371647509,0.8738720965600791,0.5529124850429559
task2_fold4_seed2024_replay_relation_cl6_r10_kd0.5_z0.1_a0.1_e8,replay_relation,2,4,2024,3,1,0.7696078431372549,0.6642857142857143,0.7797539292389388,0.511828741874772
task2_fold4_seed2024_replay_relation_cl6_r10_kd0.5_z0.1_a0.1_e8,replay_relation,2,4,2024,3,2,0.8743455497382199,0.8389261744966443,0.9044397534945523,0.73926694277903
task2_fold4_seed2024_replay_relation_cl6_r10_kd0.5_z0.1_a0.1_e8,replay_relation,2,4,2024,3,3,0.862992125984252,0.7692307692307693,0.8349901755514706,0.6825393200959503
task2_fold4_seed2024_replay_supcon_t0.07_l0.2_r10_e8,replay,2,4,2024,1,1,0.7058823529411765,0.4827586206896552,0.7899027942931807,0.37957201724482736
task2_fold4_seed2024_replay_supcon_t0.07_l0.2_r10_e8,replay,2,4,2024,2,1,0.7083333333333334,0.4892703862660944,0.8040330917222172,0.38537852819009744
task2_fold4_seed2024_replay_supcon_t0.07_l0.2_r10_e8,replay,2,4,2024,2,2,0.8167539267015707,0.7244094488188977,0.9035878728230644,0.6372809380782313
task2_fold4_seed2024_replay_supcon_t0.07_l0.2_r10_e8,replay,2,4,2024,3,1,0.8382352941176471,0.7898089171974523,0.8654826017784856,0.6599188749928329
task2_fold4_seed2024_replay_supcon_t0.07_l0.2_r10_e8,replay,2,4,2024,3,2,0.8612565445026178,0.822742474916388,0.8998102125866595,0.7116482569800635
task2_fold4_seed2024_replay_supcon_t0.07_l0.2_r10_e8,replay,2,4,2024,3,3,0.8519685039370078,0.7473118279569892,0.8562595863279235,0.6559451473185758
task2_fold4_seed42_ewc_cl6_l10_e8,ewc,2,4,42,1,1,0.9297971918876755,0.8207171314741036,0.7618187266184949,0.7779130534638167
task2_fold4_seed42_ewc_cl6_l10_e8,ewc,2,4,42,2,1,0.9282371294851794,0.8244274809160306,0.8701832949865913,0.779368615570158
task2_fold4_seed42_ewc_cl6_l10_e8,ewc,2,4,42,2,2,0.904,0.8410596026490066,0.9047271017902648,0.7747975887300879
task2_fold4_seed42_ewc_cl6_l10_e8,ewc,2,4,42,3,1,0.9344773790951638,0.8220338983050848,0.9020289679939735,0.7885087043452434
task2_fold4_seed42_ewc_cl6_l10_e8,ewc,2,4,42,3,2,0.866,0.7432950191570882,0.8725720479768387,0.6592793222963584
task2_fold4_seed42_ewc_cl6_l10_e8,ewc,2,4,42,3,3,0.8759541984732825,0.7389558232931727,0.9127163878271873,0.6821291266653816
task2_fold4_seed42_joint_cl6_e8,joint,2,4,42,3,1,0.968798751950078,0.9230769230769231,0.8785133864171759,0.903507451452657
task2_fold4_seed42_joint_cl6_e8,joint,2,4,42,3,2,0.928,0.8823529411764706,0.9253937992946678,0.8344934840023032
task2_fold4_seed42_joint_cl6_e8,joint,2,4,42,3,3,0.9408396946564885,0.8864468864468864,0.955458153950544,0.8523516274225175
task2_fold4_seed42_naive_cl6_e8,naive,2,4,42,1,1,0.9297971918876755,0.8207171314741036,0.7618187266184949,0.7779130534638167
task2_fold4_seed42_naive_cl6_e8,naive,2,4,42,2,1,0.9188767550702028,0.792,0.8649136660917531,0.7426291785234971
task2_fold4_seed42_naive_cl6_e8,naive,2,4,42,2,2,0.936,0.8918918918918919,0.9501420894735626,0.8474864584197247
task2_fold4_seed42_naive_cl6_e8,naive,2,4,42,3,1,0.9235569422776911,0.7841409691629956,0.8785349599582201,0.7505797344654481
task2_fold4_seed42_naive_cl6_e8,naive,2,4,42,3,2,0.904,0.8195488721804511,0.9251224237241563,0.7586307701099728
task2_fold4_seed42_naive_cl6_e8,naive,2,4,42,3,3,0.8835877862595419,0.7626459143968871,0.8875448745240866,0.7019840979142314
task2_fold4_seed42_replay_cl6_r10_e8,replay,2,4,42,1,1,0.9297971918876755,0.8207171314741036,0.7618187266184949,0.7779130534638167
task2_fold4_seed42_replay_cl6_r10_e8,replay,2,4,42,2,1,0.921996879875195,0.788135593220339,0.8891393182262131,0.7467347035199609
task2_fold4_seed42_replay_cl6_r10_e8,replay,2,4,42,2,2,0.902,0.8205128205128205,0.9205794196596211,0.754941054172683
task2_fold4_seed42_replay_cl6_r10_e8,replay,2,4,42,3,1,0.859594383775351,0.5263157894736842,0.7962139283915257,0.503925024191824
task2_fold4_seed42_replay_cl6_r10_e8,replay,2,4,42,3,2,0.93,0.8708487084870848,0.9537828136093417,0.8254164941743551
task2_fold4_seed42_replay_cl6_r10_e8,replay,2,4,42,3,3,0.8549618320610687,0.6779661016949152,0.9216553628467636,0.6253575071925281
task2_fold4_seed42_replay_kd_cl6_r10_kd0.5_e8,replay_kd,2,4,42,1,1,0.9297971918876755,0.8207171314741036,0.7618187266184949,0.7779130534638167
task2_fold4_seed42_replay_kd_cl6_r10_kd0.5_e8,replay_kd,2,4,42,2,1,0.9251170046801872,0.8,0.8731028685524734,0.7583110501415524
task2_fold4_seed42_replay_kd_cl6_r10_kd0.5_e8,replay_kd,2,4,42,2,2,0.908,0.8257575757575758,0.932100595212363,0.768764814224303
task2_fold4_seed42_replay_kd_cl6_r10_kd0.5_e8,replay_kd,2,4,42,3,1,0.9173166926677067,0.7685589519650655,0.8713555293721038,0.7292376926087981
task2_fold4_seed42_replay_kd_cl6_r10_kd0.5_e8,replay_kd,2,4,42,3,2,0.928,0.8686131386861314,0.8897807368400228,0.8206496633302013
task2_fold4_seed42_replay_kd_cl6_r10_kd0.5_e8,replay_kd,2,4,42,3,3,0.898854961832061,0.7984790874524715,0.8941661950120171,0.7427595463061639
task2_fold4_seed42_replay_r10_e8,replay,2,4,42,1,1,0.9297971918876755,0.8221343873517787,0.8616088451492554,0.7789070330623216
task2_fold4_seed42_replay_r10_e8,replay,2,4,42,2,1,0.9157566302652106,0.7711864406779662,0.8389974218461287,0.7258477031073195
task2_fold4_seed42_replay_r10_e8,replay,2,4,42,2,2,0.892,0.7938931297709924,0.8931740582506108,0.7271415385013384
task2_fold4_seed42_replay_r10_e8,replay,2,4,42,3,1,0.8923556942277691,0.6729857819905213,0.8280402560201368,0.6372554689818971
task2_fold4_seed42_replay_r10_e8,replay,2,4,42,3,2,0.912,0.8394160583941606,0.9545790287988691,0.780389175026907
task2_fold4_seed42_replay_r10_e8,replay,2,4,42,3,3,0.8893129770992366,0.7803030303030303,0.8462146611842285,0.7171519203953746
task2_fold4_seed42_replay_relation_cl6_r05_kd0.5_z0.1_a0.1_e8,replay_relation,2,4,42,1,1,0.9297971918876755,0.8207171314741036,0.7618187266184949,0.7779130534638167
task2_fold4_seed42_replay_relation_cl6_r05_kd0.5_z0.1_a0.1_e8,replay_relation,2,4,42,2,1,0.9235569422776911,0.7983539094650206,0.8449920192767528,0.75428665574956
task2_fold4_seed42_replay_relation_cl6_r05_kd0.5_z0.1_a0.1_e8,replay_relation,2,4,42,2,2,0.902,0.8205128205128205,0.9175645079134607,0.754941054172683
task2_fold4_seed42_replay_relation_cl6_r05_kd0.5_z0.1_a0.1_e8,replay_relation,2,4,42,3,1,0.9282371294851794,0.8,0.8966836925812203,0.7668539152601117
task2_fold4_seed42_replay_relation_cl6_r05_kd0.5_z0.1_a0.1_e8,replay_relation,2,4,42,3,2,0.876,0.7669172932330827,0.9096583734674335,0.6866953661549214
task2_fold4_seed42_replay_relation_cl6_r05_kd0.5_z0.1_a0.1_e8,replay_relation,2,4,42,3,3,0.9007633587786259,0.8059701492537313,0.9060871980756457,0.7476247552539282
task2_fold4_seed42_replay_relation_cl6_r10_kd0.5_z0.1_a0.1_e8,replay_relation,2,4,42,1,1,0.9297971918876755,0.8207171314741036,0.7618187266184949,0.7779130534638167
task2_fold4_seed42_replay_relation_cl6_r10_kd0.5_z0.1_a0.1_e8,replay_relation,2,4,42,2,1,0.9266770670826833,0.803347280334728,0.888053826990378,0.7631598593730299
task2_fold4_seed42_replay_relation_cl6_r10_kd0.5_z0.1_a0.1_e8,replay_relation,2,4,42,2,2,0.908,0.8270676691729323,0.9328322323554237,0.7689072563892659
task2_fold4_seed42_replay_relation_cl6_r10_kd0.5_z0.1_a0.1_e8,replay_relation,2,4,42,3,1,0.9266770670826833,0.7982832618025751,0.8926000354908802,0.7618443526021882
task2_fold4_seed42_replay_relation_cl6_r10_kd0.5_z0.1_a0.1_e8,replay_relation,2,4,42,3,2,0.914,0.8447653429602888,0.9360020485190237,0.7861713396865554
task2_fold4_seed42_replay_relation_cl6_r10_kd0.5_z0.1_a0.1_e8,replay_relation,2,4,42,3,3,0.9255725190839694,0.8571428571428571,0.9109908737496686,0.8125661069549066
task2_fold4_seed42_replay_relation_cl6_r10_kd0.5_z0.1_a0_e8,replay_relation,2,4,42,1,1,0.9297971918876755,0.8207171314741036,0.7618187266184949,0.7779130534638167
task2_fold4_seed42_replay_relation_cl6_r10_kd0.5_z0.1_a0_e8,replay_relation,2,4,42,2,1,0.9266770670826833,0.8049792531120332,0.8920919989843352,0.7637734176576324
task2_fold4_seed42_replay_relation_cl6_r10_kd0.5_z0.1_a0_e8,replay_relation,2,4,42,2,2,0.916,0.8455882352941176,0.9317568886573896,0.7900789019648322
task2_fold4_seed42_replay_relation_cl6_r10_kd0.5_z0.1_a0_e8,replay_relation,2,4,42,3,1,0.9157566302652106,0.7652173913043478,0.8784015017835386,0.7240841110591432
task2_fold4_seed42_replay_relation_cl6_r10_kd0.5_z0.1_a0_e8,replay_relation,2,4,42,3,2,0.914,0.8413284132841329,0.9178588673614161,0.7848515003580413
task2_fold4_seed42_replay_relation_cl6_r10_kd0.5_z0.1_a0_e8,replay_relation,2,4,42,3,3,0.9122137404580153,0.8257575757575758,0.9106586738484617,0.7784149797835676
task2_fold4_seed42_replay_relation_cl6_r20_kd0.5_z0.1_a0.1_e8,replay_relation,2,4,42,1,1,0.9297971918876755,0.8207171314741036,0.7618187266184949,0.7779130534638167
task2_fold4_seed42_replay_relation_cl6_r20_kd0.5_z0.1_a0.1_e8,replay_relation,2,4,42,2,1,0.9329173166926678,0.823045267489712,0.8406677815066516,0.7848317152186021
task2_fold4_seed42_replay_relation_cl6_r20_kd0.5_z0.1_a0.1_e8,replay_relation,2,4,42,2,2,0.926,0.8634686346863468,0.9293583939282735,0.8152752457202767
task2_fold4_seed42_replay_relation_cl6_r20_kd0.5_z0.1_a0.1_e8,replay_relation,2,4,42,3,1,0.9547581903276131,0.8853754940711462,0.9246102541400351,0.8577292153558762
task2_fold4_seed42_replay_relation_cl6_r20_kd0.5_z0.1_a0.1_e8,replay_relation,2,4,42,3,2,0.948,0.910958904109589,0.954135465675231,0.8746259373896018
task2_fold4_seed42_replay_relation_cl6_r20_kd0.5_z0.1_a0.1_e8,replay_relation,2,4,42,3,3,0.8969465648854962,0.7874015748031497,0.9112127177299338,0.7393365745180237
task2_fold4_seed42_replay_supcon_t0.07_l0.2_r10_e8,replay,2,4,42,1,1,0.890795631825273,0.7307692307692307,0.7074200675655876,0.6622760800842993
task2_fold4_seed42_replay_supcon_t0.07_l0.2_r10_e8,replay,2,4,42,2,1,0.921996879875195,0.7899159663865546,0.8910980677670566,0.7473360831602988
task2_fold4_seed42_replay_supcon_t0.07_l0.2_r10_e8,replay,2,4,42,2,2,0.864,0.7404580152671756,0.8746526888945088,0.6543920491849652
task2_fold4_seed42_replay_supcon_t0.07_l0.2_r10_e8,replay,2,4,42,3,1,0.9173166926677067,0.7579908675799086,0.8324102840108893,0.7287709256217753
task2_fold4_seed42_replay_supcon_t0.07_l0.2_r10_e8,replay,2,4,42,3,2,0.93,0.8708487084870848,0.9430122275230526,0.8254164941743551
task2_fold4_seed42_replay_supcon_t0.07_l0.2_r10_e8,replay,2,4,42,3,3,0.916030534351145,0.8428571428571429,0.9262505596932874,0.7882146782895717
task2_fold5_seed123_ewc_cl6_l10_e8,ewc,2,5,123,1,1,0.7709923664122137,0.27710843373493976,0.5343608789428982,0.27067196978076746
task2_fold5_seed123_ewc_cl6_l10_e8,ewc,2,5,123,2,1,0.799618320610687,0.5816733067729084,0.7350433346916327,0.45251573220534025
task2_fold5_seed123_ewc_cl6_l10_e8,ewc,2,5,123,2,2,0.8192090395480226,0.6065573770491803,0.7916868477968813,0.5272285692272944
task2_fold5_seed123_ewc_cl6_l10_e8,ewc,2,5,123,3,1,0.8454198473282443,0.6086956521739131,0.8080013068941857,0.5600345313111632
task2_fold5_seed123_ewc_cl6_l10_e8,ewc,2,5,123,3,2,0.8775894538606404,0.7470817120622568,0.9155603664656412,0.6918934753342003
task2_fold5_seed123_ewc_cl6_l10_e8,ewc,2,5,123,3,3,0.8035714285714286,0.6422764227642277,0.8810749210200199,0.5787710099723629
task2_fold5_seed123_naive_cl6_e8,naive,2,5,123,1,1,0.7709923664122137,0.27710843373493976,0.5343608789428982,0.27067196978076746
task2_fold5_seed123_naive_cl6_e8,naive,2,5,123,2,1,0.8206106870229007,0.5982905982905983,0.6913978151529074,0.494555851794694
task2_fold5_seed123_naive_cl6_e8,naive,2,5,123,2,2,0.8248587570621468,0.579185520361991,0.8139786974517146,0.552595359531697
task2_fold5_seed123_naive_cl6_e8,naive,2,5,123,3,1,0.8377862595419847,0.5971563981042654,0.8422213075315045,0.5350904791814389
task2_fold5_seed123_naive_cl6_e8,naive,2,5,123,3,2,0.7928436911487758,0.46601941747572817,0.8647227971572213,0.4540265866451244
task2_fold5_seed123_naive_cl6_e8,naive,2,5,123,3,3,0.8080357142857143,0.656,0.8664984131971155,0.5867636434270636
task2_fold5_seed123_replay_cl6_r10_e8,replay,2,5,123,1,1,0.7709923664122137,0.27710843373493976,0.5343608789428982,0.27067196978076746
task2_fold5_seed123_replay_cl6_r10_e8,replay,2,5,123,2,1,0.7824427480916031,0.5746268656716418,0.7269727062403425,0.42847301951779565
task2_fold5_seed123_replay_cl6_r10_e8,replay,2,5,123,2,2,0.8361581920903954,0.6666666666666666,0.8517999278621088,0.5772816858705512
task2_fold5_seed123_replay_cl6_r10_e8,replay,2,5,123,3,1,0.8625954198473282,0.6666666666666666,0.8344449545913835,0.6144105146835579
task2_fold5_seed123_replay_cl6_r10_e8,replay,2,5,123,3,2,0.8531073446327684,0.680327868852459,0.8768442954238443,0.6265398037997292
task2_fold5_seed123_replay_cl6_r10_e8,replay,2,5,123,3,3,0.8102678571428571,0.6613545816733067,0.8719091784443107,0.5917032845644091
task2_fold5_seed123_replay_r10_e8,replay,2,5,123,1,1,0.7690839694656488,0.28402366863905326,0.5315332228143036,0.2636839029356453
task2_fold5_seed123_replay_r10_e8,replay,2,5,123,2,1,0.833969465648855,0.6297872340425532,0.7468845977938522,0.5342052958947592
task2_fold5_seed123_replay_r10_e8,replay,2,5,123,2,2,0.8173258003766478,0.5941422594142259,0.8171836453329646,0.5216831396691164
task2_fold5_seed123_replay_r10_e8,replay,2,5,123,3,1,0.8606870229007634,0.6812227074235808,0.8244589336518295,0.609789310893998
task2_fold5_seed123_replay_r10_e8,replay,2,5,123,3,2,0.8625235404896422,0.7068273092369478,0.8892674827515286,0.6519595436468898
task2_fold5_seed123_replay_r10_e8,replay,2,5,123,3,3,0.8102678571428571,0.6558704453441295,0.8451243320386289,0.5955613635684373
task2_fold5_seed123_replay_relation_cl6_r10_kd0.5_z0.1_a0.1_e8,replay_relation,2,5,123,1,1,0.7709923664122137,0.27710843373493976,0.5343608789428982,0.27067196978076746
task2_fold5_seed123_replay_relation_cl6_r10_kd0.5_z0.1_a0.1_e8,replay_relation,2,5,123,2,1,0.8377862595419847,0.6082949308755761,0.7278287609516857,0.5364410289176043
task2_fold5_seed123_replay_relation_cl6_r10_kd0.5_z0.1_a0.1_e8,replay_relation,2,5,123,2,2,0.8418079096045198,0.6347826086956522,0.8785638476378084,0.6000801121345544
task2_fold5_seed123_replay_relation_cl6_r10_kd0.5_z0.1_a0.1_e8,replay_relation,2,5,123,3,1,0.8129770992366412,0.5196078431372549,0.7698989583558411,0.4513020529726766
task2_fold5_seed123_replay_relation_cl6_r10_kd0.5_z0.1_a0.1_e8,replay_relation,2,5,123,3,2,0.871939736346516,0.7258064516129032,0.9182990787804044,0.679454359605272
task2_fold5_seed123_replay_relation_cl6_r10_kd0.5_z0.1_a0.1_e8,replay_relation,2,5,123,3,3,0.8258928571428571,0.688,0.9085633594530116,0.6335376847536337
task2_fold5_seed123_replay_supcon_t0.07_l0.2_r10_e8,replay,2,5,123,1,1,0.7290076335877863,0.37168141592920356,0.5133003087202774,0.21240017367978442
task2_fold5_seed123_replay_supcon_t0.07_l0.2_r10_e8,replay,2,5,123,2,1,0.7958015267175572,0.5485232067510548,0.7533831908685756,0.425551576585922
task2_fold5_seed123_replay_supcon_t0.07_l0.2_r10_e8,replay,2,5,123,2,2,0.896421845574388,0.8096885813148789,0.9104658240758372,0.7412934877676355
task2_fold5_seed123_replay_supcon_t0.07_l0.2_r10_e8,replay,2,5,123,3,1,0.8435114503816794,0.59,0.805072962602767,0.5553314608707616
task2_fold5_seed123_replay_supcon_t0.07_l0.2_r10_e8,replay,2,5,123,3,2,0.8531073446327684,0.6829268292682927,0.9043078448250801,0.6258152497548876
task2_fold5_seed123_replay_supcon_t0.07_l0.2_r10_e8,replay,2,5,123,3,3,0.796875,0.6127659574468085,0.8684591392132445,0.5736549941974912
task2_fold5_seed2024_ewc_cl6_l10_e8,ewc,2,5,2024,1,1,0.689119170984456,0.4339622641509434,0.7247421191030081,0.36295886279156625
task2_fold5_seed2024_ewc_cl6_l10_e8,ewc,2,5,2024,2,1,0.772020725388601,0.6451612903225806,0.8408013021803302,0.5377890061629437
task2_fold5_seed2024_ewc_cl6_l10_e8,ewc,2,5,2024,2,2,0.9023090586145648,0.8096885813148789,0.9045888408287549,0.7506636000548513
task2_fold5_seed2024_ewc_cl6_l10_e8,ewc,2,5,2024,3,1,0.8523316062176166,0.7849056603773585,0.9204922113317108,0.7086124687495503
task2_fold5_seed2024_ewc_cl6_l10_e8,ewc,2,5,2024,3,2,0.8525754884547069,0.6844106463878327,0.8197450945735887,0.6143503958929206
task2_fold5_seed2024_ewc_cl6_l10_e8,ewc,2,5,2024,3,3,0.8761061946902655,0.6557377049180327,0.7604868442869473,0.6028007600044794
task2_fold5_seed2024_naive_cl6_e8,naive,2,5,2024,1,1,0.689119170984456,0.4339622641509434,0.7247421191030081,0.36295886279156625
task2_fold5_seed2024_naive_cl6_e8,naive,2,5,2024,2,1,0.7487046632124352,0.5975103734439834,0.835268358648455,0.48765261333575527
task2_fold5_seed2024_naive_cl6_e8,naive,2,5,2024,2,2,0.9520426287744227,0.9148264984227129,0.9481839291326559,0.8814609205780112
task2_fold5_seed2024_naive_cl6_e8,naive,2,5,2024,3,1,0.844559585492228,0.7761194029850746,0.9105114617025846,0.6883379694340807
task2_fold5_seed2024_naive_cl6_e8,naive,2,5,2024,3,2,0.8703374777975134,0.7159533073929961,0.8345340890689505,0.666843175626295
task2_fold5_seed2024_naive_cl6_e8,naive,2,5,2024,3,3,0.8864306784660767,0.6980392156862745,0.748832542087436,0.6414648006541479
task2_fold5_seed2024_replay_cl6_r10_e8,replay,2,5,2024,1,1,0.689119170984456,0.4339622641509434,0.7247421191030081,0.36295886279156625
task2_fold5_seed2024_replay_cl6_r10_e8,replay,2,5,2024,2,1,0.772020725388601,0.6691729323308271,0.8378118893235673,0.5257324095817627
task2_fold5_seed2024_replay_cl6_r10_e8,replay,2,5,2024,2,2,0.9378330373001776,0.8867313915857605,0.9302324616469183,0.844333493504389
task2_fold5_seed2024_replay_cl6_r10_e8,replay,2,5,2024,3,1,0.8160621761658031,0.7455197132616488,0.8953305379346457,0.6186500765120032
task2_fold5_seed2024_replay_cl6_r10_e8,replay,2,5,2024,3,2,0.8756660746003553,0.732824427480916,0.8496477718954498,0.6806025066731125
task2_fold5_seed2024_replay_cl6_r10_e8,replay,2,5,2024,3,3,0.7743362831858407,0.5203761755485894,0.6336690810018437,0.37598988923772136
task2_fold5_seed2024_replay_r10_e8,replay,2,5,2024,1,1,0.655440414507772,0.3448275862068966,0.6907774160407059,0.27220779689820024
task2_fold5_seed2024_replay_r10_e8,replay,2,5,2024,2,1,0.7487046632124352,0.6008230452674898,0.816453817120776,0.4857853922902862
task2_fold5_seed2024_replay_r10_e8,replay,2,5,2024,2,2,0.8916518650088809,0.7829181494661922,0.9073053491626437,0.7221262034278743
task2_fold5_seed2024_replay_r10_e8,replay,2,5,2024,3,1,0.8316062176165803,0.7636363636363637,0.9010008526350729,0.6546744085048343
task2_fold5_seed2024_replay_r10_e8,replay,2,5,2024,3,2,0.8756660746003553,0.7307692307692307,0.8493308263238064,0.6812474231673881
task2_fold5_seed2024_replay_r10_e8,replay,2,5,2024,3,3,0.8643067846607669,0.6666666666666666,0.7473140828035707,0.583892427539228
task2_fold5_seed2024_replay_relation_cl6_r10_kd0.5_z0.1_a0.1_e8,replay_relation,2,5,2024,1,1,0.689119170984456,0.4339622641509434,0.7247421191030081,0.36295886279156625
task2_fold5_seed2024_replay_relation_cl6_r10_kd0.5_z0.1_a0.1_e8,replay_relation,2,5,2024,2,1,0.7305699481865285,0.5806451612903226,0.8047876934521266,0.4381075865332216
task2_fold5_seed2024_replay_relation_cl6_r10_kd0.5_z0.1_a0.1_e8,replay_relation,2,5,2024,2,2,0.8809946714031972,0.7490636704119851,0.9036051879351021,0.694440591094279
task2_fold5_seed2024_replay_relation_cl6_r10_kd0.5_z0.1_a0.1_e8,replay_relation,2,5,2024,3,1,0.8316062176165803,0.749034749034749,0.9111480982211663,0.6671693091171214
task2_fold5_seed2024_replay_relation_cl6_r10_kd0.5_z0.1_a0.1_e8,replay_relation,2,5,2024,3,2,0.8703374777975134,0.7224334600760456,0.8816684960990206,0.6650955943799679
task2_fold5_seed2024_replay_relation_cl6_r10_kd0.5_z0.1_a0.1_e8,replay_relation,2,5,2024,3,3,0.8510324483775811,0.6431095406360424,0.7437758589664761,0.5498237727560833
task2_fold5_seed2024_replay_supcon_t0.07_l0.2_r10_e8,replay,2,5,2024,1,1,0.7772020725388601,0.635593220338983,0.8895369774349096,0.5651570500721566
task2_fold5_seed2024_replay_supcon_t0.07_l0.2_r10_e8,replay,2,5,2024,2,1,0.7901554404145078,0.6872586872586872,0.862409948384192,0.5712738135597917
task2_fold5_seed2024_replay_supcon_t0.07_l0.2_r10_e8,replay,2,5,2024,2,2,0.8703374777975134,0.7286245353159851,0.8984323276181206,0.6642272643270702
task2_fold5_seed2024_replay_supcon_t0.07_l0.2_r10_e8,replay,2,5,2024,3,1,0.844559585492228,0.7709923664122137,0.9100238858049372,0.6938832202009664
task2_fold5_seed2024_replay_supcon_t0.07_l0.2_r10_e8,replay,2,5,2024,3,2,0.8650088809946714,0.6984126984126984,0.8789974831560862,0.6531650444574242
task2_fold5_seed2024_replay_supcon_t0.07_l0.2_r10_e8,replay,2,5,2024,3,3,0.803834808259587,0.5777777777777777,0.6797280905429165,0.4524593236578324
task2_fold5_seed42_ewc_cl6_l10_e8,ewc,2,5,42,1,1,0.8561151079136691,0.8275862068965517,0.9240113546234029,0.7042222154366355
task2_fold5_seed42_ewc_cl6_l10_e8,ewc,2,5,42,2,1,0.8201438848920863,0.7727272727272727,0.8488094633839521,0.6283875158553313
task2_fold5_seed42_ewc_cl6_l10_e8,ewc,2,5,42,2,2,0.7581863979848866,0.5752212389380531,0.6743301183047218,0.4331513255497126
task2_fold5_seed42_ewc_cl6_l10_e8,ewc,2,5,42,3,1,0.762589928057554,0.67,0.854947312770664,0.5105745070936216
task2_fold5_seed42_ewc_cl6_l10_e8,ewc,2,5,42,3,2,0.6952141057934509,0.36649214659685864,0.6111224212045197,0.24826331783513564
task2_fold5_seed42_ewc_cl6_l10_e8,ewc,2,5,42,3,3,0.9346504559270516,0.9050772626931567,0.9524013380593808,0.8553814851809126
task2_fold5_seed42_joint_cl6_e8,joint,2,5,42,3,1,0.8848920863309353,0.8632478632478633,0.9118661532213709,0.7638689812602856
task2_fold5_seed42_joint_cl6_e8,joint,2,5,42,3,2,0.783375314861461,0.6614173228346457,0.6969044746859707,0.506073142782793
task2_fold5_seed42_joint_cl6_e8,joint,2,5,42,3,3,0.9194528875379939,0.8874734607218684,0.9425998441553468,0.8255883963811078
task2_fold5_seed42_naive_cl6_e8,naive,2,5,42,1,1,0.8561151079136691,0.8275862068965517,0.9240113546234029,0.7042222154366355
task2_fold5_seed42_naive_cl6_e8,naive,2,5,42,2,1,0.7517985611510791,0.6387434554973822,0.8650820498749894,0.4921996266145481
task2_fold5_seed42_naive_cl6_e8,naive,2,5,42,2,2,0.7556675062972292,0.5402843601895735,0.6923814333829962,0.42450998771380993
task2_fold5_seed42_naive_cl6_e8,naive,2,5,42,3,1,0.7877697841726619,0.7064676616915423,0.8491231884399265,0.5656232822037538
task2_fold5_seed42_naive_cl6_e8,naive,2,5,42,3,2,0.7052896725440806,0.4292682926829268,0.5975730213908063,0.2852168175834651
task2_fold5_seed42_naive_cl6_e8,naive,2,5,42,3,3,0.9483282674772037,0.9254385964912281,0.9810749209005953,0.885924829526134
task2_fold5_seed42_replay_cl6_r10_e8,replay,2,5,42,1,1,0.8561151079136691,0.8275862068965517,0.9240113546234029,0.7042222154366355
task2_fold5_seed42_replay_cl6_r10_e8,replay,2,5,42,2,1,0.8669064748201439,0.8370044052863436,0.9058015287925784,0.725707835189609
task2_fold5_seed42_replay_cl6_r10_e8,replay,2,5,42,2,2,0.8085642317380353,0.6779661016949152,0.6745037088014189,0.5593039824455708
task2_fold5_seed42_replay_cl6_r10_e8,replay,2,5,42,3,1,0.8381294964028777,0.7804878048780488,0.9027894233537498,0.673016620173064
task2_fold5_seed42_replay_cl6_r10_e8,replay,2,5,42,3,2,0.7506297229219143,0.5074626865671642,0.721195415530226,0.4121506731714765
task2_fold5_seed42_replay_cl6_r10_e8,replay,2,5,42,3,3,0.9300911854103343,0.8977777777777778,0.9656194259709129,0.8449938144565025
task2_fold5_seed42_replay_kd_cl6_r10_kd0.5_e8,replay_kd,2,5,42,1,1,0.8561151079136691,0.8275862068965517,0.9240113546234029,0.7042222154366355
task2_fold5_seed42_replay_kd_cl6_r10_kd0.5_e8,replay_kd,2,5,42,2,1,0.8669064748201439,0.8425531914893617,0.877054321245635,0.7273117646552848
task2_fold5_seed42_replay_kd_cl6_r10_kd0.5_e8,replay_kd,2,5,42,2,2,0.836272040302267,0.7325102880658436,0.7618735614276644,0.626160758233685
task2_fold5_seed42_replay_kd_cl6_r10_kd0.5_e8,replay_kd,2,5,42,3,1,0.9100719424460432,0.8898678414096917,0.9226903757458734,0.8151081800268518
task2_fold5_seed42_replay_kd_cl6_r10_kd0.5_e8,replay_kd,2,5,42,3,2,0.8035264483627204,0.6637931034482759,0.6952991969755931,0.5468295502900007
task2_fold5_seed42_replay_kd_cl6_r10_kd0.5_e8,replay_kd,2,5,42,3,3,0.9285714285714286,0.8962472406181016,0.9664251379355362,0.8419154226106554
task2_fold5_seed42_replay_r10_e8,replay,2,5,42,1,1,0.8561151079136691,0.8275862068965517,0.920428182100982,0.7042222154366355
task2_fold5_seed42_replay_r10_e8,replay,2,5,42,2,1,0.841726618705036,0.8018018018018018,0.8867978304823075,0.6734260226468003
task2_fold5_seed42_replay_r10_e8,replay,2,5,42,2,2,0.7884130982367759,0.6470588235294118,0.6824991018592638,0.5109020501706723
task2_fold5_seed42_replay_r10_e8,replay,2,5,42,3,1,0.8381294964028777,0.782608695652174,0.9200789592393901,0.6714917573774674
task2_fold5_seed42_replay_r10_e8,replay,2,5,42,3,2,0.7103274559193955,0.40414507772020725,0.653577448844652,0.29476036053652227
task2_fold5_seed42_replay_r10_e8,replay,2,5,42,3,3,0.9240121580547113,0.8898678414096917,0.9427260705922178,0.8319453332256139
task2_fold5_seed42_replay_relation_cl6_r05_kd0.5_z0.1_a0.1_e8,replay_relation,2,5,42,1,1,0.8561151079136691,0.8275862068965517,0.9240113546234029,0.7042222154366355
task2_fold5_seed42_replay_relation_cl6_r05_kd0.5_z0.1_a0.1_e8,replay_relation,2,5,42,2,1,0.8237410071942446,0.776255707762557,0.8962021339049103,0.6360262950599676
task2_fold5_seed42_replay_relation_cl6_r05_kd0.5_z0.1_a0.1_e8,replay_relation,2,5,42,2,2,0.8136020151133502,0.672566371681416,0.7862350648847255,0.5725963560455175
task2_fold5_seed42_replay_relation_cl6_r05_kd0.5_z0.1_a0.1_e8,replay_relation,2,5,42,3,1,0.8129496402877698,0.7450980392156863,0.9244542895512703,0.6188598061444649
task2_fold5_seed42_replay_relation_cl6_r05_kd0.5_z0.1_a0.1_e8,replay_relation,2,5,42,3,2,0.7783375314861462,0.5887850467289719,0.7666378327286011,0.48464151093330593
task2_fold5_seed42_replay_relation_cl6_r05_kd0.5_z0.1_a0.1_e8,replay_relation,2,5,42,3,3,0.9376899696048632,0.9133192389006343,0.9582415872239433,0.8658201787469368
task2_fold5_seed42_replay_relation_cl6_r10_kd0.5_z0.1_a0.1_e8,replay_relation,2,5,42,1,1,0.8561151079136691,0.8275862068965517,0.9240113546234029,0.7042222154366355
task2_fold5_seed42_replay_relation_cl6_r10_kd0.5_z0.1_a0.1_e8,replay_relation,2,5,42,2,1,0.8525179856115108,0.8177777777777778,0.8859801440466978,0.695812247816549
task2_fold5_seed42_replay_relation_cl6_r10_kd0.5_z0.1_a0.1_e8,replay_relation,2,5,42,2,2,0.8463476070528967,0.7510204081632653,0.7350485467820183,0.6500706119760532
task2_fold5_seed42_replay_relation_cl6_r10_kd0.5_z0.1_a0.1_e8,replay_relation,2,5,42,3,1,0.841726618705036,0.794392523364486,0.9024146181511248,0.6753092646636302
task2_fold5_seed42_replay_relation_cl6_r10_kd0.5_z0.1_a0.1_e8,replay_relation,2,5,42,3,2,0.8161209068010076,0.6919831223628692,0.698006927348735,0.5776665415379102
task2_fold5_seed42_replay_relation_cl6_r10_kd0.5_z0.1_a0.1_e8,replay_relation,2,5,42,3,3,0.9300911854103343,0.9008620689655172,0.9672720725528884,0.8470543465284158
task2_fold5_seed42_replay_relation_cl6_r10_kd0.5_z0.1_a0_e8,replay_relation,2,5,42,1,1,0.8561151079136691,0.8275862068965517,0.9240113546234029,0.7042222154366355
task2_fold5_seed42_replay_relation_cl6_r10_kd0.5_z0.1_a0_e8,replay_relation,2,5,42,2,1,0.8489208633093526,0.8235294117647058,0.9068598693834016,0.691817784449432
task2_fold5_seed42_replay_relation_cl6_r10_kd0.5_z0.1_a0_e8,replay_relation,2,5,42,2,2,0.818639798488665,0.7024793388429752,0.7634276121318284,0.5841444450254552
task2_fold5_seed42_replay_relation_cl6_r10_kd0.5_z0.1_a0_e8,replay_relation,2,5,42,3,1,0.9244604316546763,0.9098712446351931,0.921634230944995,0.8448808826593437
task2_fold5_seed42_replay_relation_cl6_r10_kd0.5_z0.1_a0_e8,replay_relation,2,5,42,3,2,0.7808564231738035,0.6098654708520179,0.6543659336932538,0.4900987498087393
task2_fold5_seed42_replay_relation_cl6_r10_kd0.5_z0.1_a0_e8,replay_relation,2,5,42,3,3,0.9331306990881459,0.9039301310043668,0.9660943485925577,0.8526480797223155
task2_fold5_seed42_replay_relation_cl6_r20_kd0.5_z0.1_a0.1_e8,replay_relation,2,5,42,1,1,0.8561151079136691,0.8275862068965517,0.9240113546234029,0.7042222154366355
task2_fold5_seed42_replay_relation_cl6_r20_kd0.5_z0.1_a0.1_e8,replay_relation,2,5,42,2,1,0.8525179856115108,0.8177777777777778,0.9203427480362625,0.695812247816549
task2_fold5_seed42_replay_relation_cl6_r20_kd0.5_z0.1_a0.1_e8,replay_relation,2,5,42,2,2,0.8312342569269522,0.70995670995671,0.795147253941312,0.6152530916060159
task2_fold5_seed42_replay_relation_cl6_r20_kd0.5_z0.1_a0.1_e8,replay_relation,2,5,42,3,1,0.8489208633093526,0.8,0.9261352392403378,0.6927365013109361
task2_fold5_seed42_replay_relation_cl6_r20_kd0.5_z0.1_a0.1_e8,replay_relation,2,5,42,3,2,0.8261964735516373,0.6986899563318777,0.7675769742133373,0.6033067200344147
task2_fold5_seed42_replay_relation_cl6_r20_kd0.5_z0.1_a0.1_e8,replay_relation,2,5,42,3,3,0.9285714285714286,0.8967032967032967,0.9510048780958302,0.8421619994030368
task2_fold5_seed42_replay_supcon_t0.07_l0.2_r10_e8,replay,2,5,42,1,1,0.8165467625899281,0.7536231884057971,0.8915787439872008,0.6247763648472031
task2_fold5_seed42_replay_supcon_t0.07_l0.2_r10_e8,replay,2,5,42,2,1,0.8776978417266187,0.8508771929824561,0.954693150018284,0.7480842495331897
task2_fold5_seed42_replay_supcon_t0.07_l0.2_r10_e8,replay,2,5,42,2,2,0.7959697732997482,0.6582278481012658,0.7057416095895233,0.5289188282866507
task2_fold5_seed42_replay_supcon_t0.07_l0.2_r10_e8,replay,2,5,42,3,1,0.8273381294964028,0.7818181818181819,0.8821972688592589,0.6434744602726197
task2_fold5_seed42_replay_supcon_t0.07_l0.2_r10_e8,replay,2,5,42,3,2,0.818639798488665,0.6923076923076923,0.7616508501772392,0.5838333718366361
task2_fold5_seed42_replay_supcon_t0.07_l0.2_r10_e8,replay,2,5,42,3,3,0.9407294832826748,0.9154013015184381,0.9693703405340837,0.8698338728482682
