run_name,method,task,fold,seed,train_stage,eval_split,eval_increment,precision,recall,f1,accuracy,roc_auc,roc_auc_legacy,pr_auc,mcc,tp,fp,tn,fn,samples,not_found,inference_seconds
task1_fold1_seed42_ewc_l10_e8,ewc,1,1,42,1,probe,1,0.5535714285714286,0.27514792899408286,0.3675889328063241,0.7158081705150977,0.6170854233622685,0.7511018427669582,0.4913082425668704,0.2315180294146896,93,75,713,245,1126,0,67.92194000107702
task1_fold1_seed42_ewc_l10_e8,ewc,1,1,42,1,outer_test,0,0.45689655172413796,0.2326416600159617,0.30830248545742994,0.6231633535004322,0.6002314913099454,0.671420464463301,0.4254804526401029,0.09476081682927165,583,693,3743,1923,6942,0,256.1877373990137
task1_fold1_seed42_ewc_l10_e8,ewc,1,1,42,2,probe,1,0.7761194029850746,0.3076923076923077,0.4406779661016949,0.7655417406749556,0.6816410356531403,0.7889730541472509,0.5735453299414015,0.38165181148313887,104,30,758,234,1126,0,67.585997936083
task1_fold1_seed42_ewc_l10_e8,ewc,1,1,42,2,probe,2,0.6666666666666666,0.43548387096774194,0.526829268292683,0.7469565217391304,0.8035664925228738,0.8418805293005671,0.6867366699288918,0.3797245468443661,162,81,697,210,1150,0,54.09168448706623
task1_fold1_seed42_ewc_l10_e8,ewc,1,1,42,2,outer_test,0,0.6448467966573816,0.36951316839584997,0.4698122780314561,0.6989340247767214,0.6367323473258409,0.7157811822881792,0.5500424689871536,0.3018249141543093,926,510,3926,1580,6942,0,257.29487975290976
task1_fold1_seed42_ewc_l10_e8,ewc,1,1,42,3,probe,1,0.6472148541114059,0.7218934911242604,0.6825174825174826,0.7984014209591475,0.769617487159463,0.8287300966340557,0.6884307204908291,0.5371836321723514,244,133,655,94,1126,0,67.16028590407223
task1_fold1_seed42_ewc_l10_e8,ewc,1,1,42,3,probe,2,0.5778443113772455,0.5188172043010753,0.546742209631728,0.7217391304347827,0.731967133814302,0.7906011342155008,0.578895571663651,0.3478755234097539,193,141,637,179,1150,0,53.573437031009234
task1_fold1_seed42_ewc_l10_e8,ewc,1,1,42,3,probe,3,0.5976095617529881,0.5244755244755245,0.5586592178770949,0.7429501084598699,0.7624081892949818,0.8259077926416684,0.6681643900368605,0.3800173025281286,150,101,535,136,922,0,35.88339895592071
task1_fold1_seed42_ewc_l10_e8,ewc,1,1,42,3,outer_test,0,0.4295830055074744,0.21787709497206703,0.2891183478951549,0.6132238547968885,0.5746048527717427,0.6619038216058795,0.4329225341804887,0.06761052744388418,546,725,3711,1960,6942,0,255.96971528010909
task1_fold1_seed42_joint_e8,joint,1,1,42,3,probe,1,0.6560283687943262,0.5473372781065089,0.5967741935483871,0.7779751332149201,0.7777273000330401,0.823552145477949,0.5224320318523321,0.4487848076033236,185,97,691,153,1126,0,67.07560591900256
task1_fold1_seed42_joint_e8,joint,1,1,42,3,probe,2,0.5942028985507246,0.44086021505376344,0.5061728395061729,0.7217391304347827,0.6368721839842995,0.7440880907372401,0.6139295849233884,0.3252094656282227,164,112,666,208,1150,0,53.719346870086156
task1_fold1_seed42_joint_e8,joint,1,1,42,3,probe,3,0.7724867724867724,0.5104895104895105,0.6147368421052631,0.8015184381778742,0.7777686150327661,0.837556053284146,0.6680665447712381,0.5074744852571812,146,43,593,140,922,0,35.85417286399752
task1_fold1_seed42_joint_e8,joint,1,1,42,3,outer_test,0,0.6884970612930311,0.3272146847565842,0.4436029212875304,0.7036876980697205,0.6571928903544028,0.7291207196376513,0.6019347393760892,0.310314275447098,820,371,4065,1686,6942,0,256.26971303403843
task1_fold1_seed42_naive_e8,naive,1,1,42,1,probe,1,0.5535714285714286,0.27514792899408286,0.3675889328063241,0.7158081705150977,0.6170854233622685,0.7511018427669582,0.4913082425668704,0.2315180294146896,93,75,713,245,1126,0,67.1897138019558
task1_fold1_seed42_naive_e8,naive,1,1,42,1,outer_test,0,0.45689655172413796,0.2326416600159617,0.30830248545742994,0.6231633535004322,0.6002314913099454,0.671420464463301,0.4254804526401029,0.09476081682927165,583,693,3743,1923,6942,0,256.8850564699387
task1_fold1_seed42_naive_e8,naive,1,1,42,2,probe,1,0.6461538461538462,0.3727810650887574,0.4727954971857411,0.7504440497335702,0.7419690325293605,0.8208255381441087,0.6275851674905528,0.34546627253079243,126,69,719,212,1126,0,67.75298632506747
task1_fold1_seed42_naive_e8,naive,1,1,42,2,probe,2,0.6528301886792452,0.4650537634408602,0.543171114599686,0.7469565217391304,0.8153661165934157,0.8475686200378072,0.6967434196073113,0.3852548221531573,173,92,686,199,1150,0,54.09032207005657
task1_fold1_seed42_naive_e8,naive,1,1,42,2,outer_test,0,0.5124933545986178,0.3846767757382282,0.4394802826532938,0.6457793143186401,0.6158737515085526,0.6863873058251682,0.48159895425621235,0.1923063927642713,964,917,3519,1542,6942,0,258.3366888529854
task1_fold1_seed42_naive_e8,naive,1,1,42,3,probe,1,0.5634920634920635,0.8402366863905325,0.6745843230403801,0.7566607460035524,0.8579693929654881,0.841126419302834,0.7960109986183229,0.5171442373891848,284,220,568,54,1126,0,67.17989800591022
task1_fold1_seed42_naive_e8,naive,1,1,42,3,probe,2,0.5283582089552239,0.47580645161290325,0.5007072135785007,0.6930434782608695,0.7304986593692125,0.7926903591682419,0.5537363794941602,0.28078870021035995,177,158,620,195,1150,0,53.731602337094955
task1_fold1_seed42_naive_e8,naive,1,1,42,3,probe,3,0.5275862068965518,0.534965034965035,0.53125,0.7071583514099783,0.7132207415226284,0.7920229059716452,0.6365171452702926,0.31834741307235936,153,137,499,133,922,0,36.099520860938355
task1_fold1_seed42_naive_e8,naive,1,1,42,3,outer_test,0,0.3347763347763348,0.18515562649640863,0.23843782117163412,0.5730337078651685,0.5501076046883332,0.6266343177171744,0.37688259339088875,-0.027261155529181732,464,922,3514,2042,6942,0,257.3847651670221
task1_fold1_seed42_replay_kd_r10_kd0.5_e8,replay_kd,1,1,42,1,probe,1,0.5535714285714286,0.27514792899408286,0.3675889328063241,0.7158081705150977,0.6170854233622685,0.7511018427669582,0.4913082425668704,0.2315180294146896,93,75,713,245,1126,0,66.82384016504511
task1_fold1_seed42_replay_kd_r10_kd0.5_e8,replay_kd,1,1,42,1,outer_test,0,0.45689655172413796,0.2326416600159617,0.30830248545742994,0.6231633535004322,0.6002314913099454,0.671420464463301,0.4254804526401029,0.09476081682927165,583,693,3743,1923,6942,0,254.53352469112724
task1_fold1_seed42_replay_kd_r10_kd0.5_e8,replay_kd,1,1,42,2,probe,1,0.6477272727272727,0.16863905325443787,0.2676056338028169,0.7229129662522202,0.6824182260535248,0.7851509138117607,0.5003280002136321,0.22078850051721385,57,31,757,281,1126,0,66.9862711140886
task1_fold1_seed42_replay_kd_r10_kd0.5_e8,replay_kd,1,1,42,2,probe,2,0.696969696969697,0.4327956989247312,0.5339966832504146,0.7556521739130435,0.7447756862094701,0.7992597353497164,0.6670502319409694,0.4002814408188138,161,70,708,211,1150,0,53.301263261120766
task1_fold1_seed42_replay_kd_r10_kd0.5_e8,replay_kd,1,1,42,2,outer_test,0,0.5519848771266541,0.23304070231444532,0.3277216610549944,0.6548545087870931,0.6152135685895779,0.6968716946878698,0.5024628510528898,0.168625828855955,584,474,3962,1922,6942,0,253.6018429561518
task1_fold1_seed42_replay_kd_r10_kd0.5_e8,replay_kd,1,1,42,3,probe,1,0.5517241379310345,0.5680473372781065,0.5597667638483965,0.7317939609236235,0.7551700057069053,0.8065536377374445,0.65957052064023,0.3670583138071076,192,156,632,146,1126,0,66.77913919789717
task1_fold1_seed42_replay_kd_r10_kd0.5_e8,replay_kd,1,1,42,3,probe,2,0.6576923076923077,0.4596774193548387,0.5411392405063291,0.7478260869565218,0.6609897172236503,0.7734759924385634,0.6353694096616094,0.38614724588224486,171,89,689,201,1150,0,53.34785512299277
task1_fold1_seed42_replay_kd_r10_kd0.5_e8,replay_kd,1,1,42,3,probe,3,0.6781115879828327,0.5524475524475524,0.6088631984585742,0.779826464208243,0.7804569644192285,0.8362714743484173,0.6717458821679686,0.46252668753695897,158,75,561,128,922,0,35.66384684294462
task1_fold1_seed42_replay_kd_r10_kd0.5_e8,replay_kd,1,1,42,3,outer_test,0,0.5939849624060151,0.28371907422186754,0.3840129624628679,0.6714203399596658,0.6005898737529478,0.6925188608481803,0.5116898845247893,0.22143430573215447,711,486,3950,1795,6942,0,253.80140794301406
task1_fold1_seed42_replay_r10_e8,replay,1,1,42,1,probe,1,0.5535714285714286,0.27514792899408286,0.3675889328063241,0.7158081705150977,0.6170854233622685,0.7511018427669582,0.4913082425668704,0.2315180294146896,93,75,713,245,1126,0,67.51379579305649
task1_fold1_seed42_replay_r10_e8,replay,1,1,42,1,outer_test,0,0.45689655172413796,0.2326416600159617,0.30830248545742994,0.6231633535004322,0.6002314913099454,0.671420464463301,0.4254804526401029,0.09476081682927165,583,693,3743,1923,6942,0,257.9160932049854
task1_fold1_seed42_replay_r10_e8,replay,1,1,42,2,probe,1,0.7062937062937062,0.2988165680473373,0.41995841995842,0.7522202486678508,0.6783257741867661,0.7852960384138511,0.5798802356481876,0.3379546168901243,101,42,746,237,1126,0,67.12179399898741
task1_fold1_seed42_replay_r10_e8,replay,1,1,42,2,probe,2,0.6844444444444444,0.41397849462365593,0.5159128978224455,0.7486956521739131,0.6381920833678857,0.756749338374291,0.6162391845999657,0.38056030140015845,154,71,707,218,1150,0,53.76341918902472
task1_fold1_seed42_replay_r10_e8,replay,1,1,42,2,outer_test,0,0.5450941526263627,0.2194732641660016,0.3129445234708393,0.6521175453759723,0.5994371848411424,0.699787019931621,0.53485396102317,0.15807667025722974,550,459,3977,1956,6942,0,256.83004639006685
task1_fold1_seed42_replay_r10_e8,replay,1,1,42,3,probe,1,0.4520123839009288,0.4319526627218935,0.44175491679273826,0.672291296625222,0.6693974709398371,0.7661340698932704,0.5418692248149826,0.2101027026315061,146,177,611,192,1126,0,67.00726020406
task1_fold1_seed42_replay_r10_e8,replay,1,1,42,3,probe,2,0.7252252252252253,0.4327956989247312,0.5420875420875421,0.7634782608695653,0.5873103076540344,0.7354102079395084,0.6140750123455386,0.4200409914521319,161,61,717,211,1150,0,53.45490577700548
task1_fold1_seed42_replay_r10_e8,replay,1,1,42,3,probe,3,0.6504854368932039,0.46853146853146854,0.5447154471544715,0.7570498915401301,0.6930773628886837,0.7919499720027668,0.6322608788927001,0.3945898406005814,134,72,564,152,922,0,35.72131750208791
task1_fold1_seed42_replay_r10_e8,replay,1,1,42,3,outer_test,0,0.784375,0.40063846767757383,0.5303750660327522,0.7438778450014405,0.704358637556609,0.7633820449655668,0.655759731172864,0.41913384418499927,1004,276,4160,1502,6942,0,254.4352888050489
task1_fold1_seed42_replay_relation_ewc_r10_kd0.5_z0.1_a0.1_l1_e8,replay_relation_ewc,1,1,42,1,probe,1,0.5535714285714286,0.27514792899408286,0.3675889328063241,0.7158081705150977,0.6170854233622685,0.7511018427669582,0.4913082425668704,0.2315180294146896,93,75,713,245,1126,0,66.90914026391692
task1_fold1_seed42_replay_relation_ewc_r10_kd0.5_z0.1_a0.1_l1_e8,replay_relation_ewc,1,1,42,1,outer_test,0,0.45689655172413796,0.2326416600159617,0.30830248545742994,0.6231633535004322,0.6002314913099454,0.671420464463301,0.4254804526401029,0.09476081682927165,583,693,3743,1923,6942,0,254.22734616906382
task1_fold1_seed42_replay_relation_ewc_r10_kd0.5_z0.1_a0.1_l1_e8,replay_relation_ewc,1,1,42,2,probe,1,0.9333333333333333,0.1242603550295858,0.2193211488250653,0.7344582593250444,0.679913945874508,0.7821592963349728,0.48240185225874266,0.2818518383038842,42,3,785,296,1126,0,66.782158609014
task1_fold1_seed42_replay_relation_ewc_r10_kd0.5_z0.1_a0.1_l1_e8,replay_relation_ewc,1,1,42,2,probe,2,0.7843137254901961,0.43010752688172044,0.5555555555555556,0.7773913043478261,0.7726248721563425,0.8215001890359168,0.6968646483570713,0.4574587945492285,160,44,734,212,1150,0,53.30289047420956
task1_fold1_seed42_replay_relation_ewc_r10_kd0.5_z0.1_a0.1_l1_e8,replay_relation_ewc,1,1,42,2,outer_test,0,0.6041450777202072,0.2326416600159617,0.3359262460386056,0.6679631230193028,0.6305963073654789,0.7067592857508661,0.5109529159066106,0.20342380346833414,583,382,4054,1923,6942,0,255.57558538392186
task1_fold1_seed42_replay_relation_ewc_r10_kd0.5_z0.1_a0.1_l1_e8,replay_relation_ewc,1,1,42,3,probe,1,0.5227963525835866,0.5088757396449705,0.5157421289355323,0.7131438721136767,0.7702407412969693,0.7904030047102398,0.5572160936794031,0.31206669823640426,172,157,631,166,1126,0,66.84866945096292
task1_fold1_seed42_replay_relation_ewc_r10_kd0.5_z0.1_a0.1_l1_e8,replay_relation_ewc,1,1,42,3,probe,2,0.43343653250773995,0.3763440860215054,0.4028776978417266,0.6391304347826087,0.5200990961107886,0.6680355387523629,0.5367009992953811,0.14689701915436296,140,183,595,232,1150,0,53.291442714165896
task1_fold1_seed42_replay_relation_ewc_r10_kd0.5_z0.1_a0.1_l1_e8,replay_relation_ewc,1,1,42,3,probe,3,0.6609442060085837,0.5384615384615384,0.5934489402697495,0.7711496746203904,0.7618254387122312,0.8268771086151485,0.6670043168055295,0.44094468364470074,154,79,557,132,922,0,35.582360447151586
task1_fold1_seed42_replay_relation_ewc_r10_kd0.5_z0.1_a0.1_l1_e8,replay_relation_ewc,1,1,42,3,outer_test,0,0.5613668061366807,0.32122905027932963,0.4086294416243655,0.6643618553730913,0.611125858804514,0.6950624286127282,0.5129032024428115,0.21287323028325192,805,629,3807,1701,6942,0,253.90184355713427
task1_fold1_seed42_replay_relation_r10_kd0.5_z0.1_a0.1_e8,replay_relation,1,1,42,1,probe,1,0.5535714285714286,0.27514792899408286,0.3675889328063241,0.7158081705150977,0.6170854233622685,0.7511018427669582,0.4913082425668704,0.2315180294146896,93,75,713,245,1126,0,66.93218451901339
task1_fold1_seed42_replay_relation_r10_kd0.5_z0.1_a0.1_e8,replay_relation,1,1,42,1,outer_test,0,0.45689655172413796,0.2326416600159617,0.30830248545742994,0.6231633535004322,0.6002314913099454,0.671420464463301,0.4254804526401029,0.09476081682927165,583,693,3743,1923,6942,0,254.98005037405528
task1_fold1_seed42_replay_relation_r10_kd0.5_z0.1_a0.1_e8,replay_relation,1,1,42,2,probe,1,0.5018181818181818,0.40828402366863903,0.45024469820554647,0.7007104795737122,0.7264815426666266,0.7985851928737511,0.5410081828590918,0.2500900408849102,138,137,651,200,1126,0,67.15476160217077
task1_fold1_seed42_replay_relation_r10_kd0.5_z0.1_a0.1_e8,replay_relation,1,1,42,2,probe,2,0.5845070422535211,0.44623655913978494,0.5060975609756098,0.7182608695652174,0.7608252480858004,0.8088105860113421,0.6514131211936882,0.3195399712657666,166,118,660,206,1150,0,53.48138450505212
task1_fold1_seed42_replay_relation_r10_kd0.5_z0.1_a0.1_e8,replay_relation,1,1,42,2,outer_test,0,0.4708276797829037,0.27693535514764567,0.3487437185929648,0.6266205704407951,0.5677738621177524,0.6618363925121522,0.45066497773738334,0.11873531810469458,694,780,3656,1812,6942,0,255.19332472910173
task1_fold1_seed42_replay_relation_r10_kd0.5_z0.1_a0.1_e8,replay_relation,1,1,42,3,probe,1,0.5679012345679012,0.8165680473372781,0.6699029126213593,0.7584369449378331,0.8292584026672274,0.817136691600756,0.696276705723749,0.5090163814568774,276,210,578,62,1126,0,66.84183066315018
task1_fold1_seed42_replay_relation_r10_kd0.5_z0.1_a0.1_e8,replay_relation,1,1,42,3,probe,2,0.7473309608540926,0.5645161290322581,0.6431852986217458,0.7973913043478261,0.6987381485474196,0.7784884688090737,0.6157860936762367,0.5152224727677456,210,71,707,162,1150,0,53.458365741884336
task1_fold1_seed42_replay_relation_r10_kd0.5_z0.1_a0.1_e8,replay_relation,1,1,42,3,probe,3,0.6081081081081081,0.6293706293706294,0.6185567010309279,0.7592190889370932,0.7463330694462769,0.7877880303593527,0.5219724867652171,0.4428608773054912,180,116,520,106,922,0,35.68017354095355
task1_fold1_seed42_replay_relation_r10_kd0.5_z0.1_a0.1_e8,replay_relation,1,1,42,3,outer_test,0,0.5101769911504425,0.46009577015163605,0.4838438942509442,0.6456352636127917,0.6591901258440519,0.7111157924477921,0.5660788769696168,0.2158065717417513,1153,1107,3329,1353,6942,0,254.4970736040268
task2_fold1_seed123_ewc_cl6_l10_e8,ewc,2,1,123,1,probe,1,0.8554216867469879,0.5220588235294118,0.6484018264840182,0.817966903073286,0.8922678827628613,0.8814557729602243,0.7892924566405097,0.5648024052182781,71,12,275,65,423,0,21.789671680890024
task2_fold1_seed123_ewc_cl6_l10_e8,ewc,2,1,123,1,outer_test,0,0.6325503355704698,0.4802547770700637,0.5459811730629979,0.7767094017094017,0.8166662993410179,0.8630003003222376,0.6306043474457839,0.40828147989363406,377,219,1804,408,2808,0,101.3849268569611
task2_fold1_seed123_ewc_cl6_l10_e8,ewc,2,1,123,2,probe,1,0.7956204379562044,0.8014705882352942,0.7985347985347986,0.8699763593380615,0.9328499692559951,0.9370755998189226,0.8386476058268032,0.7025609360695961,109,28,259,27,423,0,21.69786285609007
task2_fold1_seed123_ewc_cl6_l10_e8,ewc,2,1,123,2,probe,2,0.84,0.860655737704918,0.8502024291497976,0.8659420289855072,0.9270278901426443,0.9230335013652594,0.8959437186416885,0.7290994679757152,105,20,134,17,276,0,5.4008304490707815
task2_fold1_seed123_ewc_cl6_l10_e8,ewc,2,1,123,2,outer_test,0,0.6235431235431236,0.6815286624203821,0.6512477175897748,0.7959401709401709,0.8531064730125847,0.8831489040267531,0.6511437021601848,0.5084284239901604,535,323,1700,250,2808,0,100.75635996996425
task2_fold1_seed123_ewc_cl6_l10_e8,ewc,2,1,123,3,probe,1,0.8533333333333334,0.9411764705882353,0.8951048951048951,0.9290780141843972,0.9774031563845049,0.9770858832274254,0.9430985796974247,0.8440325720370514,128,22,265,8,423,0,21.89301519887522
task2_fold1_seed123_ewc_cl6_l10_e8,ewc,2,1,123,3,probe,2,0.7412587412587412,0.8688524590163934,0.8,0.8079710144927537,0.817862465403449,0.822739445494644,0.7179547821584706,0.6247636919487535,106,37,117,16,276,0,5.592283186037093
task2_fold1_seed123_ewc_cl6_l10_e8,ewc,2,1,123,3,probe,3,0.7953488372093023,0.6732283464566929,0.7292110874200426,0.8223776223776224,0.8978939996925547,0.9020842094967969,0.8524727800912718,0.6030153192107053,171,44,417,83,715,0,29.62769967294298
task2_fold1_seed123_ewc_cl6_l10_e8,ewc,2,1,123,3,outer_test,0,0.5560040363269425,0.7019108280254777,0.6204954954954955,0.75997150997151,0.8566699516074696,0.875621190168911,0.7431661216822069,0.4549183226300613,551,440,1583,234,2808,0,100.68915083794855
task2_fold1_seed123_naive_cl6_e8,naive,2,1,123,1,probe,1,0.8554216867469879,0.5220588235294118,0.6484018264840182,0.817966903073286,0.8922678827628613,0.8814557729602243,0.7892924566405097,0.5648024052182781,71,12,275,65,423,0,21.495372746139765
task2_fold1_seed123_naive_cl6_e8,naive,2,1,123,1,outer_test,0,0.6325503355704698,0.4802547770700637,0.5459811730629979,0.7767094017094017,0.8166662993410179,0.8630003003222376,0.6306043474457839,0.40828147989363406,377,219,1804,408,2808,0,100.23783707781695
task2_fold1_seed123_naive_cl6_e8,naive,2,1,123,2,probe,1,0.8072289156626506,0.9852941176470589,0.8874172185430463,0.9196217494089834,0.9713568354170936,0.9734419797796892,0.8844698092075376,0.8357950207091381,134,32,255,2,423,0,21.418443905888125
task2_fold1_seed123_naive_cl6_e8,naive,2,1,123,2,probe,2,0.8181818181818182,0.8114754098360656,0.8148148148148148,0.8369565217391305,0.8930700447093889,0.8866965973534973,0.8529587653054407,0.6692062356696897,99,22,132,23,276,0,5.308122040936723
task2_fold1_seed123_naive_cl6_e8,naive,2,1,123,2,outer_test,0,0.7125984251968503,0.6917197452229299,0.7020038784744667,0.8358262108262108,0.892502463705602,0.9156293627892631,0.7458113977314396,0.5888667589794181,543,219,1804,242,2808,0,100.26327515603043
task2_fold1_seed123_naive_cl6_e8,naive,2,1,123,3,probe,1,0.7654320987654321,0.9117647058823529,0.8322147651006712,0.8817966903073287,0.9548319327731093,0.9623537827853507,0.8820459101533622,0.7488089838617618,124,38,249,12,423,0,21.53557206504047
task2_fold1_seed123_naive_cl6_e8,naive,2,1,123,3,probe,2,0.75,0.7868852459016393,0.768,0.7898550724637681,0.8117415371513733,0.827741020793951,0.7100545430153105,0.5767037522273628,96,32,122,26,276,0,5.343350069131702
task2_fold1_seed123_naive_cl6_e8,naive,2,1,123,3,probe,3,0.8142076502732241,0.5866141732283464,0.6819221967963387,0.8055944055944056,0.8806002015474746,0.8765494645214925,0.8109031116498475,0.5624527257925476,149,34,427,105,715,0,29.364274460822344
task2_fold1_seed123_naive_cl6_e8,naive,2,1,123,3,outer_test,0,0.6318407960199005,0.6471337579617834,0.6393958464443046,0.7959401709401709,0.8582026441149708,0.8887976381076452,0.7570517082549824,0.4972037956194657,508,296,1727,277,2808,0,100.1423358079046
task2_fold1_seed123_replay_cl6_r10_e8,replay,2,1,123,1,probe,1,0.8554216867469879,0.5220588235294118,0.6484018264840182,0.817966903073286,0.8922678827628613,0.8814557729602243,0.7892924566405097,0.5648024052182781,71,12,275,65,423,0,21.599119910039008
task2_fold1_seed123_replay_cl6_r10_e8,replay,2,1,123,1,outer_test,0,0.6325503355704698,0.4802547770700637,0.5459811730629979,0.7767094017094017,0.8166662993410179,0.8630003003222376,0.6306043474457839,0.40828147989363406,377,219,1804,408,2808,0,100.6132178211119
task2_fold1_seed123_replay_cl6_r10_e8,replay,2,1,123,2,probe,1,0.8439716312056738,0.875,0.8592057761732852,0.9078014184397163,0.9699221151875385,0.9748112379770747,0.9093080233911218,0.7909824967118612,119,22,265,17,423,0,21.53688202984631
task2_fold1_seed123_replay_cl6_r10_e8,replay,2,1,123,2,probe,2,0.7745098039215687,0.6475409836065574,0.7053571428571429,0.7608695652173914,0.8458058335107516,0.8307865994538962,0.7698162364505347,0.512579063127302,79,23,131,43,276,0,5.369450910016894
task2_fold1_seed123_replay_cl6_r10_e8,replay,2,1,123,2,outer_test,0,0.7379912663755459,0.6458598726114649,0.688858695652174,0.8368945868945868,0.8840329837442659,0.9117222567186953,0.7771584143323759,0.5813639655310744,507,180,1843,278,2808,0,100.78741294308566
task2_fold1_seed123_replay_cl6_r10_e8,replay,2,1,123,3,probe,1,0.9206349206349206,0.8529411764705882,0.8854961832061069,0.9290780141843972,0.9832957573273211,0.9752751091214951,0.961898122790692,0.8355110939157195,116,10,277,20,423,0,21.637960092164576
task2_fold1_seed123_replay_cl6_r10_e8,replay,2,1,123,3,probe,2,0.7346938775510204,0.5901639344262295,0.6545454545454545,0.7246376811594203,0.8168511816052799,0.8008559126233984,0.6990664323214035,0.4372627389182384,72,26,128,50,276,0,5.365869276924059
task2_fold1_seed123_replay_cl6_r10_e8,replay,2,1,123,3,probe,3,0.8823529411764706,0.531496062992126,0.6633906633906634,0.8083916083916084,0.8870309324132748,0.8805985622768839,0.8525103658770391,0.5746667096236874,135,18,443,119,715,0,29.56078142300248
task2_fold1_seed123_replay_cl6_r10_e8,replay,2,1,123,3,outer_test,0,0.6987577639751553,0.5732484076433121,0.6298110566829951,0.8116096866096866,0.8538350371995932,0.8893320163797374,0.7416840128808757,0.5095646000200563,450,194,1829,335,2808,0,100.65544720599428
task2_fold1_seed123_replay_r10_e8,replay,2,1,123,1,probe,1,0.8658536585365854,0.5220588235294118,0.6513761467889908,0.8203309692671394,0.8982629637220741,0.8844681409944726,0.795688751743776,0.5715187381485964,71,11,276,65,423,0,21.594168209005147
task2_fold1_seed123_replay_r10_e8,replay,2,1,123,1,outer_test,0,0.6436974789915967,0.4878980891719745,0.5550724637681159,0.7813390313390314,0.8168961402470317,0.86306200081574,0.6326854053743975,0.4207260409182813,383,212,1811,402,2808,0,101.08255167596508
task2_fold1_seed123_replay_r10_e8,replay,2,1,123,2,probe,1,0.8551724137931035,0.9117647058823529,0.8825622775800712,0.9219858156028369,0.9744056159048986,0.9810371711684522,0.9146010056653855,0.825193390693412,124,21,266,12,423,0,21.44742722599767
task2_fold1_seed123_replay_r10_e8,replay,2,1,123,2,probe,2,0.7205882352941176,0.4016393442622951,0.5157894736842106,0.6666666666666666,0.8228124334681712,0.7812171812644402,0.7357808157921172,0.32070754648529365,49,19,135,73,276,0,5.332925680093467
task2_fold1_seed123_replay_r10_e8,replay,2,1,123,2,outer_test,0,0.7456556082148499,0.6012738853503184,0.6657263751763046,0.8311965811965812,0.8867696647786129,0.9121438239137669,0.7768501929980772,0.5602902375976906,472,161,1862,313,2808,0,99.71192328294273
task2_fold1_seed123_replay_r10_e8,replay,2,1,123,3,probe,1,0.9304347826086956,0.7867647058823529,0.852589641434263,0.9125295508274232,0.9857296577167453,0.9847816731776291,0.9691089379702054,0.7966453676957382,107,8,279,29,423,0,21.470647434936836
task2_fold1_seed123_replay_r10_e8,replay,2,1,123,3,probe,2,0.7529411764705882,0.5245901639344263,0.6183574879227053,0.7137681159420289,0.8207366404087716,0.8074852972064691,0.7307833904814643,0.4176373551305632,64,21,133,58,276,0,5.305013964069076
task2_fold1_seed123_replay_r10_e8,replay,2,1,123,3,probe,3,0.891156462585034,0.515748031496063,0.6533665835411472,0.8055944055944056,0.887902027430953,0.8848080590737933,0.8457370333500358,0.5696609698339081,131,16,445,123,715,0,29.17597688199021
task2_fold1_seed123_replay_r10_e8,replay,2,1,123,3,outer_test,0,0.6844512195121951,0.5719745222929936,0.6231783483691881,0.8066239316239316,0.8465418389161583,0.8900697589711123,0.7345200205358128,0.4981213884084103,449,207,1816,336,2808,0,99.93066667194944
task2_fold1_seed123_replay_relation_cl6_r10_kd0.5_z0.1_a0.1_e8,replay_relation,2,1,123,1,probe,1,0.8554216867469879,0.5220588235294118,0.6484018264840182,0.817966903073286,0.8922678827628613,0.8814557729602243,0.7892924566405097,0.5648024052182781,71,12,275,65,423,0,21.542461663018912
task2_fold1_seed123_replay_relation_cl6_r10_kd0.5_z0.1_a0.1_e8,replay_relation,2,1,123,1,outer_test,0,0.6325503355704698,0.4802547770700637,0.5459811730629979,0.7767094017094017,0.8166662993410179,0.8630003003222376,0.6306043474457839,0.40828147989363406,377,219,1804,408,2808,0,100.42358692898415
task2_fold1_seed123_replay_relation_cl6_r10_kd0.5_z0.1_a0.1_e8,replay_relation,2,1,123,2,probe,1,0.8934426229508197,0.8014705882352942,0.8449612403100775,0.9054373522458629,0.9632865341258455,0.966053574322776,0.8797422393087944,0.7795953173736515,109,13,274,27,423,0,21.684384397929534
task2_fold1_seed123_replay_relation_cl6_r10_kd0.5_z0.1_a0.1_e8,replay_relation,2,1,123,2,probe,2,0.8407079646017699,0.7786885245901639,0.8085106382978723,0.8369565217391305,0.9048860975090482,0.8901885108170552,0.8915874615734128,0.6684017269855348,95,18,136,27,276,0,5.376929553924128
task2_fold1_seed123_replay_relation_cl6_r10_kd0.5_z0.1_a0.1_e8,replay_relation,2,1,123,2,outer_test,0,0.7360703812316716,0.6394904458598726,0.6843899113837764,0.8351139601139601,0.8970476463346673,0.9167056020243343,0.7941004644220321,0.5761387244165094,502,180,1843,283,2808,0,100.239195486065
task2_fold1_seed123_replay_relation_cl6_r10_kd0.5_z0.1_a0.1_e8,replay_relation,2,1,123,3,probe,1,0.9166666666666666,0.8088235294117647,0.859375,0.9148936170212766,0.9710237753638041,0.9689038668969256,0.9019504231798445,0.801915089218673,110,10,277,26,423,0,21.695754213957116
task2_fold1_seed123_replay_relation_cl6_r10_kd0.5_z0.1_a0.1_e8,replay_relation,2,1,123,3,probe,2,0.7653061224489796,0.6147540983606558,0.6818181818181818,0.7463768115942029,0.8431977858207367,0.8379279563116993,0.7742144407497404,0.4829996701744665,75,23,131,47,276,0,5.36135440110229
task2_fold1_seed123_replay_relation_cl6_r10_kd0.5_z0.1_a0.1_e8,replay_relation,2,1,123,3,probe,3,0.9172413793103448,0.5236220472440944,0.6666666666666666,0.813986013986014,0.9216185287034349,0.8950305638417526,0.8705653587706027,0.5922689986888106,133,12,449,121,715,0,29.484978387132287
task2_fold1_seed123_replay_relation_cl6_r10_kd0.5_z0.1_a0.1_e8,replay_relation,2,1,123,3,outer_test,0,0.7002724795640327,0.6547770700636942,0.6767610269914417,0.8251424501424501,0.8858654139812538,0.9085456641991543,0.7848239932572849,0.5576927891988631,514,220,1803,271,2808,0,100.71930758096278
task2_fold1_seed123_replay_supcon_t0.07_l0.2_r10_e8,replay,2,1,123,1,probe,1,0.8947368421052632,0.5,0.6415094339622641,0.8203309692671394,0.9281871285099406,0.8944385761950271,0.8357283322258333,0.5743759770492141,68,8,279,68,423,0,21.513843485037796
task2_fold1_seed123_replay_supcon_t0.07_l0.2_r10_e8,replay,2,1,123,1,outer_test,0,0.6492374727668845,0.3796178343949045,0.4790996784565916,0.7692307692307693,0.8264065161471108,0.8648137748476068,0.6458168691831263,0.36412796075439374,298,161,1862,487,2808,0,100.30705839500297
task2_fold1_seed123_replay_supcon_t0.07_l0.2_r10_e8,replay,2,1,123,2,probe,1,0.9411764705882353,0.8235294117647058,0.8784313725490196,0.9267139479905437,0.9662328345972535,0.9604703541628244,0.9362494737271861,0.8300849638515998,112,7,280,24,423,0,21.415924793109298
task2_fold1_seed123_replay_supcon_t0.07_l0.2_r10_e8,replay,2,1,123,2,probe,2,0.813953488372093,0.28688524590163933,0.42424242424242425,0.6557971014492754,0.7778369171811794,0.7319496954421338,0.7253496119466317,0.32172133692950117,35,8,146,87,276,0,5.311237529036589
task2_fold1_seed123_replay_supcon_t0.07_l0.2_r10_e8,replay,2,1,123,2,outer_test,0,0.8123667377398721,0.4853503184713376,0.6076555023923444,0.8247863247863247,0.8850115392728841,0.9095583639743184,0.7783649813184954,0.5316265387840671,381,88,1935,404,2808,0,100.10588228702545
task2_fold1_seed123_replay_supcon_t0.07_l0.2_r10_e8,replay,2,1,123,3,probe,1,0.9253731343283582,0.9117647058823529,0.9185185185185185,0.9479905437352246,0.9855503176880508,0.9889900463312264,0.9499348346790953,0.8803792545765334,124,10,277,12,423,0,21.48145037307404
task2_fold1_seed123_replay_supcon_t0.07_l0.2_r10_e8,replay,2,1,123,3,probe,2,0.7663551401869159,0.6721311475409836,0.7161572052401747,0.7644927536231884,0.8298381945922929,0.8360507246376812,0.7444725569297967,0.5196361014109657,82,25,129,40,276,0,5.30060813005548
task2_fold1_seed123_replay_supcon_t0.07_l0.2_r10_e8,replay,2,1,123,3,probe,3,0.8409090909090909,0.5826771653543307,0.6883720930232559,0.8125874125874126,0.9057338548516577,0.9004860873392342,0.8495666968285801,0.5798783369592432,148,28,433,106,715,0,29.397247847984545
task2_fold1_seed123_replay_supcon_t0.07_l0.2_r10_e8,replay,2,1,123,3,outer_test,0,0.6357388316151202,0.7070063694267515,0.669481302774427,0.8048433048433048,0.8757228181643582,0.9007191500068992,0.7804081160083277,0.5330905957022052,555,318,1705,230,2808,0,100.09455130901188
task2_fold1_seed2024_ewc_cl6_l10_e8,ewc,2,1,2024,1,probe,1,0.925531914893617,0.424390243902439,0.5819397993311036,0.7459349593495935,0.8771649528341973,0.8184818890871836,0.8475686105645275,0.5016171858432745,87,7,280,118,492,0,11.567545827012509
task2_fold1_seed2024_ewc_cl6_l10_e8,ewc,2,1,2024,1,outer_test,0,0.7743467933491687,0.4152866242038217,0.5406301824212272,0.8027065527065527,0.873119633765833,0.8919758159430524,0.7211935354289709,0.4630188495903027,326,95,1928,459,2808,0,100.93109295936301
task2_fold1_seed2024_ewc_cl6_l10_e8,ewc,2,1,2024,2,probe,1,0.8088235294117647,0.5365853658536586,0.6451612903225806,0.7540650406504065,0.8940936517379111,0.8645606120695353,0.8444820118915659,0.4916448549445496,110,26,261,95,492,0,11.474769125692546
task2_fold1_seed2024_ewc_cl6_l10_e8,ewc,2,1,2024,2,probe,2,0.90625,0.6170212765957447,0.7341772151898734,0.8640776699029126,0.9517936665017318,0.9466700181187881,0.9101997902460922,0.6688206787956962,116,12,418,72,618,0,27.201658605597913
task2_fold1_seed2024_ewc_cl6_l10_e8,ewc,2,1,2024,2,outer_test,0,0.6723646723646723,0.6012738853503184,0.6348352387357095,0.8066239316239316,0.8599475458973398,0.8953913472699085,0.7420303410406685,0.5053381839968563,472,230,1793,313,2808,0,100.14432983286679
task2_fold1_seed2024_ewc_cl6_l10_e8,ewc,2,1,2024,3,probe,1,0.9067796610169492,0.5219512195121951,0.6625386996904025,0.7784552845528455,0.9401546698393812,0.885183257320378,0.9131258202363725,0.5584041580606569,107,11,276,98,492,0,11.645526484586298
task2_fold1_seed2024_ewc_cl6_l10_e8,ewc,2,1,2024,3,probe,2,0.8518518518518519,0.6117021276595744,0.7120743034055728,0.8495145631067961,0.921288965858486,0.9202171112577372,0.8517716414905476,0.6293142356836124,115,20,410,73,618,0,27.23500243201852
task2_fold1_seed2024_ewc_cl6_l10_e8,ewc,2,1,2024,3,probe,3,0.8513513513513513,0.4921875,0.6237623762376238,0.8782051282051282,0.9065807711693549,0.9420097797501643,0.75373355464373,0.5870239104257914,63,11,485,65,624,0,29.264506975654513
task2_fold1_seed2024_ewc_cl6_l10_e8,ewc,2,1,2024,3,outer_test,0,0.7956081081081081,0.6,0.6840958605664488,0.8450854700854701,0.8987006117546306,0.918214569078173,0.8045709344581021,0.5943357329800346,471,121,1902,314,2808,0,100.43257899209857
task2_fold1_seed2024_naive_cl6_e8,naive,2,1,2024,1,probe,1,0.925531914893617,0.424390243902439,0.5819397993311036,0.7459349593495935,0.8771649528341973,0.8184818890871836,0.8475686105645275,0.5016171858432745,87,7,280,118,492,0,11.517482920084149
task2_fold1_seed2024_naive_cl6_e8,naive,2,1,2024,1,outer_test,0,0.7743467933491687,0.4152866242038217,0.5406301824212272,0.8027065527065527,0.873119633765833,0.8919758159430524,0.7211935354289709,0.4630188495903027,326,95,1928,459,2808,0,100.31751501886174
task2_fold1_seed2024_naive_cl6_e8,naive,2,1,2024,2,probe,1,0.8582089552238806,0.5609756097560976,0.6784660766961652,0.7784552845528455,0.9088467748788986,0.8712365324872762,0.865812366109969,0.5479367305583093,115,19,268,90,492,0,11.52824604511261
task2_fold1_seed2024_naive_cl6_e8,naive,2,1,2024,2,probe,2,0.9076923076923077,0.6276595744680851,0.7421383647798742,0.8673139158576052,0.9465487382483919,0.9412710382170276,0.9033355741832688,0.6770234366204603,118,12,418,70,618,0,27.276499535888433
task2_fold1_seed2024_naive_cl6_e8,naive,2,1,2024,2,outer_test,0,0.6978297161936561,0.532484076433121,0.6040462427745664,0.8048433048433048,0.8335152120046221,0.8784466669304631,0.6846276206924098,0.48533092501671155,418,181,1842,367,2808,0,100.10328977601603
task2_fold1_seed2024_naive_cl6_e8,naive,2,1,2024,3,probe,1,0.9279279279279279,0.5024390243902439,0.6518987341772152,0.7764227642276422,0.946851363984023,0.8847494877387798,0.9065194420425094,0.5597435688948664,103,8,279,102,492,0,11.57196551701054
task2_fold1_seed2024_naive_cl6_e8,naive,2,1,2024,3,probe,2,0.8027210884353742,0.6276595744680851,0.7044776119402985,0.8398058252427184,0.8947427016328551,0.907015531885925,0.8219993408047879,0.6053420853356861,118,29,401,70,618,0,27.32341403188184
task2_fold1_seed2024_naive_cl6_e8,naive,2,1,2024,3,probe,3,0.7333333333333333,0.4296875,0.541871921182266,0.8509615384615384,0.9132591985887097,0.9434967743261014,0.7386502596637718,0.4834881557562358,55,20,476,73,624,0,29.247400971129537
task2_fold1_seed2024_naive_cl6_e8,naive,2,1,2024,3,outer_test,0,0.7450682852807283,0.6254777070063694,0.6800554016620498,0.8354700854700855,0.8962214784752417,0.9190227631066307,0.8035699180424969,0.5744043720047832,491,168,1855,294,2808,0,100.84815191524103
task2_fold1_seed2024_replay_cl6_r10_e8,replay,2,1,2024,1,probe,1,0.925531914893617,0.424390243902439,0.5819397993311036,0.7459349593495935,0.8771649528341973,0.8184818890871836,0.8475686105645275,0.5016171858432745,87,7,280,118,492,0,11.606208274140954
task2_fold1_seed2024_replay_cl6_r10_e8,replay,2,1,2024,1,outer_test,0,0.7743467933491687,0.4152866242038217,0.5406301824212272,0.8027065527065527,0.873119633765833,0.8919758159430524,0.7211935354289709,0.4630188495903027,326,95,1928,459,2808,0,100.83170267567039
task2_fold1_seed2024_replay_cl6_r10_e8,replay,2,1,2024,2,probe,1,0.9411764705882353,0.4682926829268293,0.6254071661237784,0.766260162601626,0.9069771394578057,0.8590827219247803,0.880702362162528,0.544087334713586,96,6,281,109,492,0,11.623794585000724
task2_fold1_seed2024_replay_cl6_r10_e8,replay,2,1,2024,2,probe,2,0.9516129032258065,0.6276595744680851,0.7564102564102564,0.8770226537216829,0.9696808510638297,0.9582482378693142,0.9385544788285237,0.7050164745971182,118,6,424,70,618,0,27.43361802585423
task2_fold1_seed2024_replay_cl6_r10_e8,replay,2,1,2024,2,outer_test,0,0.685374149659864,0.513375796178344,0.5870356882738529,0.7980769230769231,0.8471665024196264,0.8883267358828257,0.7165057142319696,0.46537752177360175,403,185,1838,382,2808,0,101.1329275984317
task2_fold1_seed2024_replay_cl6_r10_e8,replay,2,1,2024,3,probe,1,0.9186046511627907,0.3853658536585366,0.5429553264604811,0.7296747967479674,0.9290898274836407,0.856290072047062,0.894465894719462,0.4685797271603773,79,7,280,126,492,0,11.640798641368747
task2_fold1_seed2024_replay_cl6_r10_e8,replay,2,1,2024,3,probe,2,0.8487394957983193,0.5372340425531915,0.6579804560260586,0.8300970873786407,0.8890895596239485,0.8978461683476294,0.8025434393506312,0.5779925452769197,101,18,412,87,618,0,27.5656862501055
task2_fold1_seed2024_replay_cl6_r10_e8,replay,2,1,2024,3,probe,3,0.7108433734939759,0.4609375,0.5592417061611374,0.8509615384615384,0.8696919102822581,0.9259250698553583,0.6753824505832109,0.49055212376225643,59,24,472,69,624,0,29.155128360260278
task2_fold1_seed2024_replay_cl6_r10_e8,replay,2,1,2024,3,outer_test,0,0.860813704496788,0.5121019108280255,0.6421725239616614,0.8404558404558404,0.9172893885917048,0.9268956319348057,0.8260777517681953,0.5784808584224274,402,65,1958,383,2808,0,100.65450688172132
task2_fold1_seed2024_replay_r10_e8,replay,2,1,2024,1,probe,1,0.9278350515463918,0.43902439024390244,0.5960264900662252,0.7520325203252033,0.874190532846095,0.8187751999471214,0.8445434476534452,0.5138052394534159,90,7,280,115,492,0,11.34913944103755
task2_fold1_seed2024_replay_r10_e8,replay,2,1,2024,1,outer_test,0,0.7813211845102506,0.4369426751592357,0.5604575163398693,0.8084045584045584,0.8710904219312303,0.8922899621350475,0.7191716445163312,0.48129628145585024,343,96,1927,442,2808,0,99.48575944907498
task2_fold1_seed2024_replay_r10_e8,replay,2,1,2024,2,probe,1,0.8869565217391304,0.4975609756097561,0.6375,0.7642276422764228,0.9128239993201326,0.8743059686694429,0.8749433423051015,0.5268549676869877,102,13,274,103,492,0,11.467234782991
task2_fold1_seed2024_replay_r10_e8,replay,2,1,2024,2,probe,2,0.9478260869565217,0.5797872340425532,0.7194719471947195,0.8624595469255664,0.9578302820385949,0.953029922183471,0.9159030557750969,0.6689121499382427,109,6,424,79,618,0,27.171486145001836
task2_fold1_seed2024_replay_r10_e8,replay,2,1,2024,2,outer_test,0,0.7240740740740741,0.4980891719745223,0.5901886792452831,0.8066239316239316,0.8493559731873266,0.8932776773321645,0.7245487077238848,0.4833110930760192,391,149,1874,394,2808,0,99.72062292799819
task2_fold1_seed2024_replay_r10_e8,replay,2,1,2024,3,probe,1,0.9714285714285714,0.4975609756097561,0.6580645161290323,0.7845528455284553,0.9583241267952749,0.8932100601493821,0.9361952976025126,0.5861287462110581,102,3,284,103,492,0,11.357678810018115
task2_fold1_seed2024_replay_r10_e8,replay,2,1,2024,3,probe,2,0.7816901408450704,0.5904255319148937,0.6727272727272727,0.8252427184466019,0.9254082137555665,0.935415161131534,0.8510609829333426,0.5668575710756596,111,31,399,77,618,0,27.003730945987627
task2_fold1_seed2024_replay_r10_e8,replay,2,1,2024,3,probe,3,0.8378378378378378,0.484375,0.6138613861386139,0.875,0.9206306703629032,0.9492726824457594,0.7705986905241802,0.5747483433981206,62,12,484,66,624,0,28.909107457031496
task2_fold1_seed2024_replay_r10_e8,replay,2,1,2024,3,outer_test,0,0.8422090729783037,0.5439490445859873,0.6609907120743034,0.844017094017094,0.9204958266558778,0.9363134227806593,0.8378167857996205,0.5885032196503762,427,80,1943,358,2808,0,99.83720726100728
task2_fold1_seed2024_replay_relation_cl6_r10_kd0.5_z0.1_a0.1_e8,replay_relation,2,1,2024,1,probe,1,0.925531914893617,0.424390243902439,0.5819397993311036,0.7459349593495935,0.8771649528341973,0.8184818890871836,0.8475686105645275,0.5016171858432745,87,7,280,118,492,0,11.501212304923683
task2_fold1_seed2024_replay_relation_cl6_r10_kd0.5_z0.1_a0.1_e8,replay_relation,2,1,2024,1,outer_test,0,0.7743467933491687,0.4152866242038217,0.5406301824212272,0.8027065527065527,0.873119633765833,0.8919758159430524,0.7211935354289709,0.4630188495903027,326,95,1928,459,2808,0,100.46352450316772
task2_fold1_seed2024_replay_relation_cl6_r10_kd0.5_z0.1_a0.1_e8,replay_relation,2,1,2024,2,probe,1,0.8888888888888888,0.624390243902439,0.7335243553008596,0.8109756097560976,0.9140137673153736,0.8875710555886047,0.8810841814614472,0.6161483198488373,128,16,271,77,492,0,11.489840497262776
task2_fold1_seed2024_replay_relation_cl6_r10_kd0.5_z0.1_a0.1_e8,replay_relation,2,1,2024,2,probe,2,0.92,0.7340425531914894,0.8165680473372781,0.8996763754045307,0.9630380999505196,0.9601281930436423,0.925859736564561,0.757761766811308,138,12,418,50,618,0,27.310662302188575
task2_fold1_seed2024_replay_relation_cl6_r10_kd0.5_z0.1_a0.1_e8,replay_relation,2,1,2024,2,outer_test,0,0.6388059701492538,0.5452229299363057,0.5883161512027492,0.7866809116809117,0.8470726769538839,0.8839933066695888,0.7054726260425547,0.44811730812938544,428,242,1781,357,2808,0,100.23238810012117
task2_fold1_seed2024_replay_relation_cl6_r10_kd0.5_z0.1_a0.1_e8,replay_relation,2,1,2024,3,probe,1,0.9473684210526315,0.526829268292683,0.677115987460815,0.790650406504065,0.9536840316138353,0.8938173375636195,0.9285447321739568,0.591158955249065,108,6,281,97,492,0,11.537403231021017
task2_fold1_seed2024_replay_relation_cl6_r10_kd0.5_z0.1_a0.1_e8,replay_relation,2,1,2024,3,probe,2,0.8345323741007195,0.6170212765957447,0.709480122324159,0.8462783171521036,0.9347229094507669,0.9359218064326934,0.8547877103016838,0.6209509202192451,116,23,407,72,618,0,27.23115918599069
task2_fold1_seed2024_replay_relation_cl6_r10_kd0.5_z0.1_a0.1_e8,replay_relation,2,1,2024,3,probe,3,0.7608695652173914,0.546875,0.6363636363636364,0.8717948717948718,0.9146925403225806,0.9472592044707429,0.7208259486600996,0.5723340493209047,70,22,474,58,624,0,29.170184628572315
task2_fold1_seed2024_replay_relation_cl6_r10_kd0.5_z0.1_a0.1_e8,replay_relation,2,1,2024,3,outer_test,0,0.7890625,0.643312101910828,0.7087719298245614,0.8522079772079773,0.911874588726461,0.9308585411238545,0.8325047763910084,0.6168397621261359,505,135,1888,280,2808,0,100.67335486738011
task2_fold1_seed2024_replay_supcon_t0.07_l0.2_r10_e8,replay,2,1,2024,1,probe,1,0.9375,0.43902439024390244,0.5980066445182725,0.7540650406504065,0.8506161298546783,0.8115498380593562,0.8348543826511011,0.5201564866102995,90,6,281,115,492,0,11.464287351933308
task2_fold1_seed2024_replay_supcon_t0.07_l0.2_r10_e8,replay,2,1,2024,1,outer_test,0,0.7765042979942693,0.3452229299363057,0.47795414462081126,0.7891737891737892,0.8629209945499369,0.8855422236832493,0.7020821011996923,0.41716406326446526,271,78,1945,514,2808,0,100.0201127770124
task2_fold1_seed2024_replay_supcon_t0.07_l0.2_r10_e8,replay,2,1,2024,2,probe,1,0.841726618705036,0.5707317073170731,0.6802325581395349,0.7764227642276422,0.9025749978754143,0.875702293608302,0.8606395443201966,0.5410251575669954,117,22,265,88,492,0,11.556974625913426
task2_fold1_seed2024_replay_supcon_t0.07_l0.2_r10_e8,replay,2,1,2024,2,probe,2,0.9375,0.6382978723404256,0.759493670886076,0.8770226537216829,0.9688396833250866,0.9602119793466763,0.9328569595858826,0.7035368873876447,120,8,422,68,618,0,27.318128154962324
task2_fold1_seed2024_replay_supcon_t0.07_l0.2_r10_e8,replay,2,1,2024,2,outer_test,0,0.7124600638977636,0.5681528662420382,0.6321757618710134,0.8151709401709402,0.855419994899421,0.8949570975479095,0.7427678947121384,0.5166701574320766,446,180,1843,339,2808,0,100.28032166603953
task2_fold1_seed2024_replay_supcon_t0.07_l0.2_r10_e8,replay,2,1,2024,3,probe,1,0.944954128440367,0.5024390243902439,0.6560509554140127,0.7804878048780488,0.9501147276281126,0.8754792121091942,0.924403168677251,0.5716515550685993,103,6,281,102,492,0,11.481262237997726
task2_fold1_seed2024_replay_supcon_t0.07_l0.2_r10_e8,replay,2,1,2024,3,probe,2,0.708029197080292,0.5159574468085106,0.5969230769230769,0.7880258899676376,0.9038842157347847,0.9032975146887864,0.7822750885361419,0.4684390878150895,97,40,390,91,618,0,27.213248593034223
task2_fold1_seed2024_replay_supcon_t0.07_l0.2_r10_e8,replay,2,1,2024,3,probe,3,0.8194444444444444,0.4609375,0.59,0.8685897435897436,0.9206621723790323,0.9447885848126233,0.7673856186703352,0.5494491070486502,59,13,483,69,624,0,29.10847063595429
task2_fold1_seed2024_replay_supcon_t0.07_l0.2_r10_e8,replay,2,1,2024,3,outer_test,0,0.8095238095238095,0.6063694267515923,0.6933721777130372,0.8500712250712251,0.9051770876953253,0.9229273326718128,0.8222138406050379,0.6077486883286937,476,112,1911,309,2808,0,100.10287498799153
task2_fold1_seed42_ewc_cl6_l10_e8,ewc,2,1,42,1,probe,1,0.8854166666666666,0.5902777777777778,0.7083333333333334,0.8195876288659794,0.8960610200364298,0.8853491338080561,0.846445187137476,0.6103818721044136,85,11,233,59,388,0,9.613369811093435
task2_fold1_seed42_ewc_cl6_l10_e8,ewc,2,1,42,1,outer_test,0,0.7896907216494845,0.4878980891719745,0.6031496062992125,0.8205128205128205,0.8293686301796852,0.8826224523339908,0.7076852394815827,0.5193898223894055,383,102,1921,402,2808,0,100.40720783197321
task2_fold1_seed42_ewc_cl6_l10_e8,ewc,2,1,42,2,probe,1,0.7727272727272727,0.7083333333333334,0.7391304347826086,0.8144329896907216,0.9073315118397085,0.9097008183653947,0.8322972384227493,0.596910139498497,102,30,214,42,388,0,9.66847763885744
task2_fold1_seed42_ewc_cl6_l10_e8,ewc,2,1,42,2,probe,2,0.8167539267015707,0.7222222222222222,0.7665847665847666,0.8309608540925267,0.8935318989509741,0.9000614227276758,0.8575695773097768,0.6378214904395039,156,35,311,60,562,0,13.931879675015807
task2_fold1_seed42_ewc_cl6_l10_e8,ewc,2,1,42,2,outer_test,0,0.6847826086956522,0.7222929936305732,0.7030378177309361,0.8294159544159544,0.8905541684639386,0.9176808883450621,0.8147947653693387,0.5839051220654821,567,261,1762,218,2808,0,100.50587215507403
task2_fold1_seed42_ewc_cl6_l10_e8,ewc,2,1,42,3,probe,1,0.9484536082474226,0.6388888888888888,0.7634854771784232,0.8530927835051546,0.9783982240437158,0.9576934318205974,0.9358815550883784,0.6899398528909347,92,5,239,52,388,0,9.68144465284422
task2_fold1_seed42_ewc_cl6_l10_e8,ewc,2,1,42,3,probe,2,0.8625954198473282,0.5231481481481481,0.6512968299711815,0.7846975088967971,0.8966093984157567,0.8729721001507074,0.8522554604100366,0.5420343593731991,113,18,328,103,562,0,13.971032926812768
task2_fold1_seed42_ewc_cl6_l10_e8,ewc,2,1,42,3,probe,3,0.9642857142857143,0.8059701492537313,0.8780487804878049,0.9357601713062098,0.9836179463045135,0.9808701951955394,0.9640696580763698,0.8411025162320357,108,4,329,26,467,0,12.848294101888314
task2_fold1_seed42_ewc_cl6_l10_e8,ewc,2,1,42,3,outer_test,0,0.7669724770642202,0.532484076433121,0.6285714285714286,0.8240740740740741,0.875181904908835,0.9027191845033725,0.7499330740724727,0.532989154303944,418,127,1896,367,2808,0,100.71861275518313
task2_fold1_seed42_joint_cl6_e8,joint,2,1,42,3,probe,1,0.8898305084745762,0.7291666666666666,0.8015267175572519,0.865979381443299,0.9587887067395263,0.9539270910830057,0.9239232972516812,0.709786925599934,105,13,231,39,388,0,9.627204275224358
task2_fold1_seed42_joint_cl6_e8,joint,2,1,42,3,probe,2,0.9105691056910569,0.5185185185185185,0.6607669616519174,0.7953736654804271,0.9206005138086062,0.9056527906181533,0.8923643740423519,0.572618269797743,112,11,335,104,562,0,13.87392750987783
task2_fold1_seed42_joint_cl6_e8,joint,2,1,42,3,probe,3,0.8762886597938144,0.6343283582089553,0.7359307359307359,0.8693790149892934,0.9690511406929317,0.9656791493381142,0.9150570469181085,0.6671157842764839,85,12,321,49,467,0,12.772830287925899
task2_fold1_seed42_joint_cl6_e8,joint,2,1,42,3,outer_test,0,0.7896341463414634,0.6598726114649681,0.7189451769604441,0.8557692307692307,0.8862287515230896,0.9171572902208586,0.7984415397790599,0.6275232044298552,518,138,1885,267,2808,0,100.54439321998507
task2_fold1_seed42_naive_cl6_e8,naive,2,1,42,1,probe,1,0.8854166666666666,0.5902777777777778,0.7083333333333334,0.8195876288659794,0.8960610200364298,0.8853491338080561,0.846445187137476,0.6103818721044136,85,11,233,59,388,0,9.544062891975045
task2_fold1_seed42_naive_cl6_e8,naive,2,1,42,1,outer_test,0,0.7896907216494845,0.4878980891719745,0.6031496062992125,0.8205128205128205,0.8293686301796852,0.8826224523339908,0.7076852394815827,0.5193898223894055,383,102,1921,402,2808,0,99.74569035600871
task2_fold1_seed42_naive_cl6_e8,naive,2,1,42,2,probe,1,0.89,0.6180555555555556,0.7295081967213115,0.8298969072164949,0.902009335154827,0.8984217238813902,0.8260264556458734,0.6328700136555496,89,11,233,55,388,0,9.607731482945383
task2_fold1_seed42_naive_cl6_e8,naive,2,1,42,2,probe,2,0.8742138364779874,0.6435185185185185,0.7413333333333333,0.8274021352313167,0.9052531577820595,0.90375945086815,0.8692642027224344,0.6325578117061712,139,20,326,77,562,0,13.866262311814353
task2_fold1_seed42_naive_cl6_e8,naive,2,1,42,2,outer_test,0,0.7211948790896159,0.6458598726114649,0.6814516129032258,0.8311965811965812,0.8843547610126853,0.9169360435386076,0.7984841638411736,0.5686969256551114,507,196,1827,278,2808,0,100.48264107690193
task2_fold1_seed42_naive_cl6_e8,naive,2,1,42,3,probe,1,0.9540229885057471,0.5763888888888888,0.7186147186147186,0.8324742268041238,0.9723076047358834,0.9398116165373578,0.9416682786236762,0.6486609900040056,83,4,240,61,388,0,9.55013048206456
task2_fold1_seed42_naive_cl6_e8,naive,2,1,42,3,probe,2,0.8695652173913043,0.46296296296296297,0.6042296072507553,0.7669039145907474,0.905360201241704,0.8741372323045554,0.8586528740451603,0.505950986811589,100,15,331,116,562,0,13.833964525023475
task2_fold1_seed42_naive_cl6_e8,naive,2,1,42,3,probe,3,0.9595959595959596,0.7089552238805971,0.8154506437768241,0.9079229122055674,0.9781273811124557,0.9668346409034844,0.950569463039031,0.7713125570469105,95,4,329,39,467,0,12.71643539890647
task2_fold1_seed42_naive_cl6_e8,naive,2,1,42,3,outer_test,0,0.8577154308617234,0.5452229299363057,0.6666666666666666,0.8475783475783476,0.8851670754476388,0.9075564270988061,0.7724717872284894,0.5988919120179422,428,71,1952,357,2808,0,99.97290526283905
task2_fold1_seed42_replay_cl6_r10_e8,replay,2,1,42,1,probe,1,0.8854166666666666,0.5902777777777778,0.7083333333333334,0.8195876288659794,0.8960610200364298,0.8853491338080561,0.846445187137476,0.6103818721044136,85,11,233,59,388,0,9.754101074999198
task2_fold1_seed42_replay_cl6_r10_e8,replay,2,1,42,1,outer_test,0,0.7896907216494845,0.4878980891719745,0.6031496062992125,0.8205128205128205,0.8293686301796852,0.8826224523339908,0.7076852394815827,0.5193898223894055,383,102,1921,402,2808,0,101.37878492707387
task2_fold1_seed42_replay_cl6_r10_e8,replay,2,1,42,2,probe,1,0.7967479674796748,0.6805555555555556,0.7340823970037453,0.8170103092783505,0.8898565573770492,0.8977242533744287,0.8068998918402357,0.6002069721116223,98,25,219,46,388,0,9.77033273410052
task2_fold1_seed42_replay_cl6_r10_e8,replay,2,1,42,2,probe,2,0.8516746411483254,0.8240740740740741,0.8376470588235294,0.8772241992882562,0.9196505031042602,0.9253017312344068,0.9120614866962655,0.73923689455842,178,31,315,38,562,0,14.081910716136917
task2_fold1_seed42_replay_cl6_r10_e8,replay,2,1,42,2,outer_test,0,0.6623981373690337,0.7248407643312101,0.6922141119221411,0.8198005698005698,0.8699824628240207,0.9032158322578551,0.7668920664252687,0.5663331721088337,569,290,1733,216,2808,0,101.86247393093072
task2_fold1_seed42_replay_cl6_r10_e8,replay,2,1,42,3,probe,1,0.9076923076923077,0.8194444444444444,0.8613138686131386,0.9020618556701031,0.970856102003643,0.9689260282708045,0.9451126915835689,0.7883776365950388,118,12,232,26,388,0,9.71713535208255
task2_fold1_seed42_replay_cl6_r10_e8,replay,2,1,42,3,probe,2,0.8040540540540541,0.5509259259259259,0.6538461538461539,0.7758007117437722,0.8986967458788268,0.9005078456453185,0.8536045013580635,0.5158861821466022,119,29,317,97,562,0,14.00701488996856
task2_fold1_seed42_replay_cl6_r10_e8,replay,2,1,42,3,probe,3,0.8455284552845529,0.7761194029850746,0.8093385214007782,0.8950749464668094,0.972838510151943,0.9768672422726501,0.9324379363237383,0.7384299215828305,104,19,314,30,467,0,12.850996385095641
task2_fold1_seed42_replay_cl6_r10_e8,replay,2,1,42,3,outer_test,0,0.7079510703363915,0.5898089171974522,0.6435024322446143,0.8173076923076923,0.8709301629981331,0.9080693719003904,0.7683901575268809,0.5259838205928193,463,191,1832,322,2808,0,101.133896084968
task2_fold1_seed42_replay_kd_cl6_r10_kd0.5_e8,replay_kd,2,1,42,1,probe,1,0.8854166666666666,0.5902777777777778,0.7083333333333334,0.8195876288659794,0.8960610200364298,0.8853491338080561,0.846445187137476,0.6103818721044136,85,11,233,59,388,0,9.832065172027797
task2_fold1_seed42_replay_kd_cl6_r10_kd0.5_e8,replay_kd,2,1,42,1,outer_test,0,0.7896907216494845,0.4878980891719745,0.6031496062992125,0.8205128205128205,0.8293686301796852,0.8826224523339908,0.7076852394815827,0.5193898223894055,383,102,1921,402,2808,0,100.88481758069247
task2_fold1_seed42_replay_kd_cl6_r10_kd0.5_e8,replay_kd,2,1,42,2,probe,1,0.908256880733945,0.6875,0.782608695652174,0.8582474226804123,0.9483435792349726,0.9406485811457115,0.9051455630858319,0.6949288634094288,99,10,234,45,388,0,9.616688714828342
task2_fold1_seed42_replay_kd_cl6_r10_kd0.5_e8,replay_kd,2,1,42,2,probe,2,0.9271523178807947,0.6481481481481481,0.7629427792915532,0.8451957295373665,0.9055475272960821,0.9092938285989286,0.8812397162415332,0.6763746745586424,140,11,335,76,562,0,13.897000087425113
task2_fold1_seed42_replay_kd_cl6_r10_kd0.5_e8,replay_kd,2,1,42,2,outer_test,0,0.750367107195301,0.6509554140127388,0.6971350613915416,0.8418803418803419,0.8879396494453908,0.9192977837030543,0.8076046444305703,0.5936064710425726,511,170,1853,274,2808,0,100.47864697221667
task2_fold1_seed42_replay_kd_cl6_r10_kd0.5_e8,replay_kd,2,1,42,3,probe,1,0.9203539823008849,0.7222222222222222,0.8093385214007782,0.8737113402061856,0.9789389799635702,0.9716561271123394,0.9591213578921357,0.7287436016877218,104,9,235,40,388,0,9.639683394227177
task2_fold1_seed42_replay_kd_cl6_r10_kd0.5_e8,replay_kd,2,1,42,3,probe,2,0.9090909090909091,0.5092592592592593,0.6528189910979229,0.791814946619217,0.8823458574181118,0.8863394587201276,0.848395941098074,0.5650626811734687,110,11,335,106,562,0,13.92823377205059
task2_fold1_seed42_replay_kd_cl6_r10_kd0.5_e8,replay_kd,2,1,42,3,probe,3,0.9411764705882353,0.7164179104477612,0.8135593220338984,0.9057815845824411,0.9834610730133119,0.9804942019083952,0.9592994379570439,0.7645962464131136,96,6,327,38,467,0,12.831722642295063
task2_fold1_seed42_replay_kd_cl6_r10_kd0.5_e8,replay_kd,2,1,42,3,outer_test,0,0.7832512315270936,0.6076433121019108,0.6843615494978479,0.8433048433048433,0.8978146222895302,0.9232144016688175,0.8069423655627579,0.5906444554895098,477,132,1891,308,2808,0,101.04366124328226
task2_fold1_seed42_replay_r10_e8,replay,2,1,42,1,probe,1,0.8817204301075269,0.5694444444444444,0.6919831223628692,0.8118556701030928,0.8993909380692168,0.8853159209267722,0.8474848273855468,0.5934105777132188,82,11,233,62,388,0,9.591317602898926
task2_fold1_seed42_replay_r10_e8,replay,2,1,42,1,outer_test,0,0.7839506172839507,0.4853503184713376,0.5995279307631786,0.8187321937321937,0.8280286262125682,0.8809775920041234,0.7030944516074537,0.5141853912421717,381,105,1918,404,2808,0,100.13829266699031
task2_fold1_seed42_replay_r10_e8,replay,2,1,42,2,probe,1,0.9081632653061225,0.6180555555555556,0.7355371900826446,0.8350515463917526,0.891905737704918,0.8948081623977043,0.8375307848705879,0.646200874987863,89,9,235,55,388,0,9.622188555076718
task2_fold1_seed42_replay_r10_e8,replay,2,1,42,2,probe,2,0.891566265060241,0.6851851851851852,0.774869109947644,0.8469750889679716,0.9053066795118818,0.9088347412013527,0.8839934226189595,0.6751156475479932,148,18,328,68,562,0,13.87247809395194
task2_fold1_seed42_replay_r10_e8,replay,2,1,42,2,outer_test,0,0.6916548797736917,0.6229299363057325,0.6554959785522788,0.8169515669515669,0.8678937442342993,0.9048181427098806,0.7665628270726573,0.5326720560127534,489,218,1805,296,2808,0,100.56998158013448
task2_fold1_seed42_replay_r10_e8,replay,2,1,42,3,probe,1,0.9298245614035088,0.7361111111111112,0.8217054263565892,0.8814432989690721,0.9748406193078324,0.9704272505048358,0.9489462912242241,0.7459402280636672,106,8,236,38,388,0,9.53366769105196
task2_fold1_seed42_replay_r10_e8,replay,2,1,42,3,probe,2,0.8461538461538461,0.5601851851851852,0.6740947075208914,0.791814946619217,0.8762176193534575,0.8871816466356809,0.8386251414308225,0.5546229139069874,121,22,324,95,562,0,13.853205678984523
task2_fold1_seed42_replay_r10_e8,replay,2,1,42,3,probe,3,0.8761061946902655,0.7388059701492538,0.8016194331983806,0.8950749464668094,0.9734884137869212,0.9734557909844146,0.9304402750548122,0.7359008796803392,99,14,319,35,467,0,12.74862368684262
task2_fold1_seed42_replay_r10_e8,replay,2,1,42,3,outer_test,0,0.7200647249190939,0.5668789808917197,0.6343549536707056,0.8173076923076923,0.8730214003923038,0.9069537534192091,0.7534460379046213,0.5214211676634904,445,173,1850,340,2808,0,100.3062911471352
task2_fold1_seed42_replay_relation_cl6_r05_kd0.5_z0.1_a0.1_e8,replay_relation,2,1,42,1,probe,1,0.8854166666666666,0.5902777777777778,0.7083333333333334,0.8195876288659794,0.8960610200364298,0.8853491338080561,0.846445187137476,0.6103818721044136,85,11,233,59,388,0,9.459960250998847
task2_fold1_seed42_replay_relation_cl6_r05_kd0.5_z0.1_a0.1_e8,replay_relation,2,1,42,1,outer_test,0,0.7896907216494845,0.4878980891719745,0.6031496062992125,0.8205128205128205,0.8293686301796852,0.8826224523339908,0.7076852394815827,0.5193898223894055,383,102,1921,402,2808,0,99.56158063001931
task2_fold1_seed42_replay_relation_cl6_r05_kd0.5_z0.1_a0.1_e8,replay_relation,2,1,42,2,probe,1,0.8545454545454545,0.6527777777777778,0.7401574803149606,0.8298969072164949,0.9137921220400729,0.91428419598257,0.853024440842377,0.6294285374773304,94,16,228,50,388,0,9.539079278940335
task2_fold1_seed42_replay_relation_cl6_r05_kd0.5_z0.1_a0.1_e8,replay_relation,2,1,42,2,probe,2,0.8869047619047619,0.6898148148148148,0.7760416666666666,0.8469750889679716,0.9250160565189468,0.92572915743215,0.8915186314168316,0.6746344895847645,149,19,327,67,562,0,13.777823908021674
task2_fold1_seed42_replay_relation_cl6_r05_kd0.5_z0.1_a0.1_e8,replay_relation,2,1,42,2,outer_test,0,0.7521008403361344,0.6840764331210191,0.7164776517678453,0.8486467236467237,0.8956742682085949,0.9245085901291386,0.8063129335600697,0.6148453834637783,537,177,1846,248,2808,0,99.75890772102866
task2_fold1_seed42_replay_relation_cl6_r05_kd0.5_z0.1_a0.1_e8,replay_relation,2,1,42,3,probe,1,0.8854961832061069,0.8055555555555556,0.8436363636363636,0.8891752577319587,0.972933743169399,0.9742733021575087,0.9363656927375379,0.7601401393466447,116,15,229,28,388,0,9.531754964962602
task2_fold1_seed42_replay_relation_cl6_r05_kd0.5_z0.1_a0.1_e8,replay_relation,2,1,42,3,probe,2,0.8773006134969326,0.6620370370370371,0.7546174142480211,0.8345195729537367,0.9275181973881396,0.9260995934701942,0.8915807276993262,0.6477233065289305,143,20,326,73,562,0,13.74091325700283
task2_fold1_seed42_replay_relation_cl6_r05_kd0.5_z0.1_a0.1_e8,replay_relation,2,1,42,3,probe,3,0.9150943396226415,0.7238805970149254,0.8083333333333333,0.9014989293361885,0.9739366231903546,0.9780548308259471,0.9432294670633264,0.7525052108615223,97,9,324,37,467,0,12.644463560078293
task2_fold1_seed42_replay_relation_cl6_r05_kd0.5_z0.1_a0.1_e8,replay_relation,2,1,42,3,outer_test,0,0.7098591549295775,0.6420382165605095,0.6742474916387959,0.8265669515669516,0.8940439720286766,0.9212834869440995,0.79461197302507,0.5577799121387609,504,206,1817,281,2808,0,99.6751705610659
task2_fold1_seed42_replay_relation_cl6_r10_kd0.5_z0.1_a0.1_e8,replay_relation,2,1,42,1,probe,1,0.8854166666666666,0.5902777777777778,0.7083333333333334,0.8195876288659794,0.8960610200364298,0.8853491338080561,0.846445187137476,0.6103818721044136,85,11,233,59,388,0,9.854112708941102
task2_fold1_seed42_replay_relation_cl6_r10_kd0.5_z0.1_a0.1_e8,replay_relation,2,1,42,1,outer_test,0,0.7896907216494845,0.4878980891719745,0.6031496062992125,0.8205128205128205,0.8293686301796852,0.8826224523339908,0.7076852394815827,0.5193898223894055,383,102,1921,402,2808,0,101.91450386098586
task2_fold1_seed42_replay_relation_cl6_r10_kd0.5_z0.1_a0.1_e8,replay_relation,2,1,42,2,probe,1,0.8473282442748091,0.7708333333333334,0.8072727272727273,0.8634020618556701,0.9387522768670309,0.9374734296949729,0.8867301791569833,0.7037343915524092,111,20,224,33,388,0,9.821383425034583
task2_fold1_seed42_replay_relation_cl6_r10_kd0.5_z0.1_a0.1_e8,replay_relation,2,1,42,2,probe,2,0.9215686274509803,0.6527777777777778,0.7642276422764228,0.8451957295373665,0.9069926140012846,0.9126752447410746,0.8850024084916305,0.6754812146058236,141,12,334,75,562,0,14.151509447023273
task2_fold1_seed42_replay_relation_cl6_r10_kd0.5_z0.1_a0.1_e8,replay_relation,2,1,42,2,outer_test,0,0.7375,0.6764331210191082,0.7056478405315615,0.8422364672364673,0.8897229629956142,0.9216020086078847,0.8138977565369102,0.5992049985977197,531,189,1834,254,2808,0,101.80008888593875
task2_fold1_seed42_replay_relation_cl6_r10_kd0.5_z0.1_a0.1_e8,replay_relation,2,1,42,3,probe,1,0.9291338582677166,0.8194444444444444,0.8708487084870848,0.9097938144329897,0.979707422586521,0.9780994260814113,0.9590076686418145,0.80569607093571,118,9,235,26,388,0,10.082520316820592
task2_fold1_seed42_replay_relation_cl6_r10_kd0.5_z0.1_a0.1_e8,replay_relation,2,1,42,3,probe,2,0.8840579710144928,0.5648148148148148,0.6892655367231638,0.8042704626334519,0.8895311496467565,0.8970694393434734,0.8582883032526999,0.5860727794749971,122,16,330,94,562,0,14.098153345985338
task2_fold1_seed42_replay_relation_cl6_r10_kd0.5_z0.1_a0.1_e8,replay_relation,2,1,42,3,probe,3,0.9252336448598131,0.7388059701492538,0.8215767634854771,0.9079229122055674,0.9834610730133119,0.9833783455378309,0.9616004137949761,0.7693163303133617,99,8,325,35,467,0,12.989023940870538
task2_fold1_seed42_replay_relation_cl6_r10_kd0.5_z0.1_a0.1_e8,replay_relation,2,1,42,3,outer_test,0,0.7325581395348837,0.6420382165605095,0.6843177189409368,0.8344017094017094,0.8994713659161679,0.9244089688801227,0.8037244686754758,0.5750274410628868,504,184,1839,281,2808,0,101.72568490798585
task2_fold1_seed42_replay_relation_cl6_r10_kd0.5_z0.1_a0_e8,replay_relation,2,1,42,1,probe,1,0.8854166666666666,0.5902777777777778,0.7083333333333334,0.8195876288659794,0.8960610200364298,0.8853491338080561,0.846445187137476,0.6103818721044136,85,11,233,59,388,0,9.62854925217107
task2_fold1_seed42_replay_relation_cl6_r10_kd0.5_z0.1_a0_e8,replay_relation,2,1,42,1,outer_test,0,0.7896907216494845,0.4878980891719745,0.6031496062992125,0.8205128205128205,0.8293686301796852,0.8826224523339908,0.7076852394815827,0.5193898223894055,383,102,1921,402,2808,0,100.3742681927979
task2_fold1_seed42_replay_relation_cl6_r10_kd0.5_z0.1_a0_e8,replay_relation,2,1,42,2,probe,1,0.8592592592592593,0.8055555555555556,0.8315412186379928,0.8788659793814433,0.9397768670309654,0.9381376873206504,0.8903122267786693,0.7380630330060957,116,19,225,28,388,0,9.568375244736671
task2_fold1_seed42_replay_relation_cl6_r10_kd0.5_z0.1_a0_e8,replay_relation,2,1,42,2,probe,2,0.9090909090909091,0.6481481481481481,0.7567567567567568,0.8398576512455516,0.9082369942196531,0.9122034928635656,0.8833316108473891,0.6627557652102637,140,14,332,76,562,0,13.829007979016751
task2_fold1_seed42_replay_relation_cl6_r10_kd0.5_z0.1_a0_e8,replay_relation,2,1,42,2,outer_test,0,0.7281167108753316,0.6993630573248407,0.7134502923976608,0.842948717948718,0.8903816303591501,0.9205991377910894,0.8165223836612289,0.6055760491708292,549,205,1818,236,2808,0,100.2840497046709
task2_fold1_seed42_replay_relation_cl6_r10_kd0.5_z0.1_a0_e8,replay_relation,2,1,42,3,probe,1,0.9212598425196851,0.8125,0.8634686346863468,0.904639175257732,0.9758652094717669,0.9734496227016686,0.9538485010570578,0.7943267781104608,117,10,234,27,388,0,9.602756082080305
task2_fold1_seed42_replay_relation_cl6_r10_kd0.5_z0.1_a0_e8,replay_relation,2,1,42,3,probe,2,0.9022556390977443,0.5555555555555556,0.6876790830945558,0.806049822064057,0.8892367801327339,0.8911582933346842,0.8561438090739071,0.5928246008375977,120,13,333,96,562,0,13.852511279750615
task2_fold1_seed42_replay_relation_cl6_r10_kd0.5_z0.1_a0_e8,replay_relation,2,1,42,3,probe,3,0.93,0.6940298507462687,0.7948717948717948,0.8972162740899358,0.9814217202276904,0.9793845631829207,0.955837582078291,0.7420996827339753,93,7,326,41,467,0,12.795150249265134
task2_fold1_seed42_replay_relation_cl6_r10_kd0.5_z0.1_a0_e8,replay_relation,2,1,42,3,outer_test,0,0.7852564102564102,0.6242038216560509,0.6955287437899219,0.8472222222222222,0.9043968880171026,0.9279354723175948,0.8187696513843042,0.6023120508215106,490,134,1889,295,2808,0,100.60232219193131
task2_fold1_seed42_replay_relation_cl6_r20_kd0.5_z0.1_a0.1_e8,replay_relation,2,1,42,1,probe,1,0.8854166666666666,0.5902777777777778,0.7083333333333334,0.8195876288659794,0.8960610200364298,0.8853491338080561,0.846445187137476,0.6103818721044136,85,11,233,59,388,0,9.665119056939147
task2_fold1_seed42_replay_relation_cl6_r20_kd0.5_z0.1_a0.1_e8,replay_relation,2,1,42,1,outer_test,0,0.7896907216494845,0.4878980891719745,0.6031496062992125,0.8205128205128205,0.8293686301796852,0.8826224523339908,0.7076852394815827,0.5193898223894055,383,102,1921,402,2808,0,100.55859716294799
task2_fold1_seed42_replay_relation_cl6_r20_kd0.5_z0.1_a0.1_e8,replay_relation,2,1,42,2,probe,1,0.9081632653061225,0.6180555555555556,0.7355371900826446,0.8350515463917526,0.9321778233151183,0.9234642363694334,0.8670893057646113,0.646200874987863,89,9,235,55,388,0,9.631856395979412
task2_fold1_seed42_replay_relation_cl6_r20_kd0.5_z0.1_a0.1_e8,replay_relation,2,1,42,2,probe,2,0.9436619718309859,0.6203703703703703,0.7486033519553073,0.8398576512455516,0.9110736459002354,0.9127543977406567,0.8868972771178856,0.6685771452968118,134,8,338,82,562,0,13.96774783404544
task2_fold1_seed42_replay_relation_cl6_r20_kd0.5_z0.1_a0.1_e8,replay_relation,2,1,42,2,outer_test,0,0.7590551181102362,0.6140127388535032,0.6788732394366197,0.8376068376068376,0.897467656976616,0.9263906137125512,0.8180404037799189,0.5775731132323799,482,153,1870,303,2808,0,100.45387177006342
task2_fold1_seed42_replay_relation_cl6_r20_kd0.5_z0.1_a0.1_e8,replay_relation,2,1,42,3,probe,1,0.9137931034482759,0.7361111111111112,0.8153846153846154,0.8762886597938144,0.9747836976320584,0.9699888404718886,0.9502116044011988,0.7335457165759572,106,10,234,38,388,0,9.529656947008334
task2_fold1_seed42_replay_relation_cl6_r20_kd0.5_z0.1_a0.1_e8,replay_relation,2,1,42,3,probe,2,0.8928571428571429,0.5787037037037037,0.702247191011236,0.8113879003558719,0.8966495397131234,0.8988487987740783,0.8641430492774775,0.6021204577001937,125,15,331,91,562,0,13.80225608299952
task2_fold1_seed42_replay_relation_cl6_r20_kd0.5_z0.1_a0.1_e8,replay_relation,2,1,42,3,probe,3,0.9139784946236559,0.6343283582089553,0.748898678414097,0.8779443254817987,0.9776567612388508,0.971905964995942,0.9450083021196933,0.6912636095324177,85,8,325,49,467,0,12.743626217939891
task2_fold1_seed42_replay_relation_cl6_r20_kd0.5_z0.1_a0.1_e8,replay_relation,2,1,42,3,outer_test,0,0.8123861566484517,0.5681528662420382,0.6686656671664168,0.8425925925925926,0.9142372273000621,0.9318085892159966,0.8225668531586584,0.5853009476131691,446,103,1920,339,2808,0,99.96936645498499
task2_fold1_seed42_replay_supcon_t0.07_l0.2_r10_e8,replay,2,1,42,1,probe,1,0.8617021276595744,0.5625,0.680672268907563,0.8041237113402062,0.9059369307832422,0.8909820384738018,0.8636498754697159,0.5741761359451846,81,13,231,63,388,0,9.845213041058742
task2_fold1_seed42_replay_supcon_t0.07_l0.2_r10_e8,replay,2,1,42,1,outer_test,0,0.806146572104019,0.43439490445859874,0.5645695364238411,0.8126780626780626,0.8230306884837112,0.8715283484914895,0.7020935184131698,0.4941529836819287,341,82,1941,444,2808,0,102.02259305503685
task2_fold1_seed42_replay_supcon_t0.07_l0.2_r10_e8,replay,2,1,42,2,probe,1,0.9382716049382716,0.5277777777777778,0.6755555555555556,0.8118556701030928,0.9075591985428051,0.8868569986183441,0.8573760081494899,0.6030000068847784,76,5,239,68,388,0,9.76199990103487
task2_fold1_seed42_replay_supcon_t0.07_l0.2_r10_e8,replay,2,1,42,2,probe,2,0.9407407407407408,0.5879629629629629,0.7236467236467237,0.8274021352313167,0.9096285591950332,0.8959090563696002,0.8848632859904216,0.6431477565767678,127,8,338,89,562,0,14.124857457005419
task2_fold1_seed42_replay_supcon_t0.07_l0.2_r10_e8,replay,2,1,42,2,outer_test,0,0.830078125,0.5414012738853503,0.6553585196607556,0.8408119658119658,0.8802081791877485,0.9134266615124877,0.7985446860599182,0.5792769568725394,425,87,1936,360,2808,0,101.53039763995912
task2_fold1_seed42_replay_supcon_t0.07_l0.2_r10_e8,replay,2,1,42,3,probe,1,0.926605504587156,0.7013888888888888,0.7984189723320159,0.8685567010309279,0.9815573770491804,0.9745921458178339,0.9608593541887578,0.7186682892769107,101,8,236,43,388,0,9.56373083498329
task2_fold1_seed42_replay_supcon_t0.07_l0.2_r10_e8,replay,2,1,42,3,probe,2,0.9172932330827067,0.5648148148148148,0.6991404011461319,0.8131672597864769,0.9059890815671163,0.8984277048163016,0.8759207379752205,0.6100372184068646,122,11,335,94,562,0,13.749970656004734
task2_fold1_seed42_replay_supcon_t0.07_l0.2_r10_e8,replay,2,1,42,3,probe,3,0.8803418803418803,0.7686567164179104,0.8207171314741036,0.9036402569593148,0.9730177939133163,0.9747213293655342,0.9369331271178548,0.7584932623257908,103,14,319,31,467,0,12.689578282064758
task2_fold1_seed42_replay_supcon_t0.07_l0.2_r10_e8,replay,2,1,42,3,outer_test,0,0.7831932773109244,0.5936305732484076,0.6753623188405797,0.8404558404558404,0.8942416981779598,0.9221153972979116,0.8030260132295173,0.5818993921796919,466,129,1894,319,2808,0,100.15875652804971
task2_fold2_seed123_ewc_cl6_l10_e8,ewc,2,2,123,1,probe,1,0.8734177215189873,0.5798319327731093,0.696969696969697,0.8481012658227848,0.9528681037632444,0.9451113603589169,0.8610420917387784,0.6235200478175879,69,10,266,50,395,0,13.753665830940008
task2_fold2_seed123_ewc_cl6_l10_e8,ewc,2,2,123,1,outer_test,0,0.7026748971193416,0.5939130434782609,0.6437323279924599,0.8051044083526682,0.8618248442652987,0.8888631024027223,0.7117664555124368,0.5143122022385712,683,289,2440,467,3879,0,196.52548856521025
task2_fold2_seed123_ewc_cl6_l10_e8,ewc,2,2,123,2,probe,1,0.6402877697841727,0.7478991596638656,0.689922480620155,0.7974683544303798,0.8591219096334186,0.8828905624098702,0.7649915760618161,0.5444829754583302,89,50,226,30,395,0,13.723678406095132
task2_fold2_seed123_ewc_cl6_l10_e8,ewc,2,2,123,2,probe,2,0.8556701030927835,0.6148148148148148,0.7155172413793104,0.7724137931034483,0.8247550776583035,0.8121521997621878,0.8392457729471801,0.5545073076662007,83,14,141,52,290,0,5.321885317098349
task2_fold2_seed123_ewc_cl6_l10_e8,ewc,2,2,123,2,outer_test,0,0.6303571428571428,0.6139130434782609,0.6220264317180617,0.7788089713843774,0.8558137237720458,0.8815209321469157,0.6834069588964173,0.46580520738378617,706,414,2315,444,3879,0,196.28857936803252
task2_fold2_seed123_ewc_cl6_l10_e8,ewc,2,2,123,3,probe,1,0.6982758620689655,0.680672268907563,0.6893617021276596,0.8151898734177215,0.9223906954085982,0.9341195321262619,0.852765150228595,0.5579527929565202,81,35,241,38,395,0,13.82830492197536
task2_fold2_seed123_ewc_cl6_l10_e8,ewc,2,2,123,3,probe,2,0.9036144578313253,0.5555555555555556,0.6880733944954128,0.7655172413793103,0.8755077658303465,0.8398335315101071,0.8785147245084636,0.556147042205929,75,8,147,60,290,0,5.508387035923079
task2_fold2_seed123_ewc_cl6_l10_e8,ewc,2,2,123,3,probe,3,0.75,0.7384615384615385,0.7441860465116279,0.8804347826086957,0.926592943654555,0.949177635417396,0.8108241050288533,0.666212067310863,144,48,585,51,828,0,38.309553400147706
task2_fold2_seed123_ewc_cl6_l10_e8,ewc,2,2,123,3,outer_test,0,0.6432203389830509,0.66,0.6515021459227468,0.7906676978602732,0.8545825035448563,0.880522171028072,0.6380229281236651,0.5020278952368353,759,421,2308,391,3879,0,196.53802749607712
task2_fold2_seed123_naive_cl6_e8,naive,2,2,123,1,probe,1,0.8734177215189873,0.5798319327731093,0.696969696969697,0.8481012658227848,0.9528681037632444,0.9451113603589169,0.8610420917387784,0.6235200478175879,69,10,266,50,395,0,13.699081746162847
task2_fold2_seed123_naive_cl6_e8,naive,2,2,123,1,outer_test,0,0.7026748971193416,0.5939130434782609,0.6437323279924599,0.8051044083526682,0.8618248442652987,0.8888631024027223,0.7117664555124368,0.5143122022385712,683,289,2440,467,3879,0,196.56392132793553
task2_fold2_seed123_naive_cl6_e8,naive,2,2,123,2,probe,1,0.688,0.7226890756302521,0.7049180327868853,0.8177215189873418,0.853154305200341,0.8791860278801474,0.7614635664741569,0.5735281678618573,86,39,237,33,395,0,13.685047912877053
task2_fold2_seed123_naive_cl6_e8,naive,2,2,123,2,probe,2,0.8333333333333334,0.5555555555555556,0.6666666666666666,0.7413793103448276,0.8085543608124254,0.7912604042806184,0.8281136432769644,0.4946548221441795,75,15,140,60,290,0,5.295248132897541
task2_fold2_seed123_naive_cl6_e8,naive,2,2,123,2,outer_test,0,0.6394052044609665,0.5982608695652174,0.6181491464510332,0.7808713585975767,0.8431408224066788,0.8737806331659006,0.6540769606830429,0.46524110292536436,688,388,2341,462,3879,0,195.7060500739608
task2_fold2_seed123_naive_cl6_e8,naive,2,2,123,3,probe,1,0.7064220183486238,0.6470588235294118,0.6754385964912281,0.8126582278481013,0.8948057483863111,0.9141804198045185,0.8161437830771412,0.5451572482827572,77,32,244,42,395,0,13.719076143112034
task2_fold2_seed123_naive_cl6_e8,naive,2,2,123,3,probe,2,0.8762886597938144,0.6296296296296297,0.7327586206896551,0.7862068965517242,0.8689127837514935,0.8418311533888228,0.869375246209223,0.583811566294574,85,12,143,50,290,0,5.286758264992386
task2_fold2_seed123_naive_cl6_e8,naive,2,2,123,3,probe,3,0.7731958762886598,0.7692307692307693,0.7712082262210797,0.892512077294686,0.9317292502126625,0.9523836612289667,0.8229659338493668,0.7009681172245312,150,44,589,45,828,0,38.234106209129095
task2_fold2_seed123_naive_cl6_e8,naive,2,2,123,3,outer_test,0,0.649183147033534,0.6565217391304348,0.6528318201469953,0.7929878834751225,0.8568024598913442,0.8842566590111374,0.670996427849501,0.5053799141004552,755,408,2321,395,3879,0,195.73667088500224
task2_fold2_seed123_replay_cl6_r10_e8,replay,2,2,123,1,probe,1,0.8734177215189873,0.5798319327731093,0.696969696969697,0.8481012658227848,0.9528681037632444,0.9451113603589169,0.8610420917387784,0.6235200478175879,69,10,266,50,395,0,13.812760764034465
task2_fold2_seed123_replay_cl6_r10_e8,replay,2,2,123,1,outer_test,0,0.7026748971193416,0.5939130434782609,0.6437323279924599,0.8051044083526682,0.8618248442652987,0.8888631024027223,0.7117664555124368,0.5143122022385712,683,289,2440,467,3879,0,196.4087878128048
task2_fold2_seed123_replay_cl6_r10_e8,replay,2,2,123,2,probe,1,0.7254901960784313,0.6218487394957983,0.669683257918552,0.8151898734177215,0.8735233223724272,0.8952667841692037,0.7523176027275047,0.5455454856360371,74,28,248,45,395,0,13.729719149880111
task2_fold2_seed123_replay_cl6_r10_e8,replay,2,2,123,2,probe,2,0.9270833333333334,0.6592592592592592,0.7705627705627706,0.8172413793103448,0.883536439665472,0.8400594530321046,0.8862178932073942,0.6509294381276624,89,7,148,46,290,0,5.333820901112631
task2_fold2_seed123_replay_cl6_r10_e8,replay,2,2,123,2,outer_test,0,0.6533907427341227,0.5278260869565218,0.583934583934584,0.777004382572828,0.8632657288065384,0.8821951690081529,0.675733097725488,0.43857105468150814,607,322,2407,543,3879,0,196.16671548201703
task2_fold2_seed123_replay_cl6_r10_e8,replay,2,2,123,3,probe,1,0.6985294117647058,0.7983193277310925,0.7450980392156863,0.8354430379746836,0.8904213859456827,0.9093029963146931,0.818360726113414,0.627433073765441,95,41,235,24,395,0,13.974527267040685
task2_fold2_seed123_replay_cl6_r10_e8,replay,2,2,123,3,probe,2,0.8979591836734694,0.6518518518518519,0.7553648068669528,0.803448275862069,0.8749342891278374,0.8522354340071344,0.8804103682198703,0.6193776035048972,88,10,145,47,290,0,5.417702810140327
task2_fold2_seed123_replay_cl6_r10_e8,replay,2,2,123,3,probe,3,0.7927461139896373,0.7846153846153846,0.788659793814433,0.9009661835748792,0.9526390407906995,0.9643078018156783,0.7988431121006531,0.7240096736835898,153,40,593,42,828,0,38.498106580926105
task2_fold2_seed123_replay_cl6_r10_e8,replay,2,2,123,3,outer_test,0,0.6317539484621779,0.6608695652173913,0.64598385040374,0.7852539314256252,0.8418461930632339,0.8704026034780785,0.6125850367374956,0.4922367038284753,760,443,2286,390,3879,0,196.44746363093145
task2_fold2_seed123_replay_r10_e8,replay,2,2,123,1,probe,1,0.8674698795180723,0.6050420168067226,0.7128712871287128,0.8531645569620253,0.9553952015588845,0.9518666880307644,0.8764119210692082,0.6365079021816071,72,11,265,47,395,0,13.640002283034846
task2_fold2_seed123_replay_r10_e8,replay,2,2,123,1,outer_test,0,0.7027579162410623,0.5982608695652174,0.6463128229215594,0.805877803557618,0.8636914302101423,0.8904841951103903,0.711560359385098,0.5168890228070705,688,291,2438,462,3879,0,194.28028928500134
task2_fold2_seed123_replay_r10_e8,replay,2,2,123,2,probe,1,0.6015037593984962,0.6722689075630253,0.6349206349206349,0.7670886075949367,0.829923273657289,0.8561384393526678,0.7086851534953109,0.46624030634635916,80,53,223,39,395,0,13.682002464076504
task2_fold2_seed123_replay_r10_e8,replay,2,2,123,2,probe,2,0.8775510204081632,0.6370370370370371,0.7381974248927039,0.7896551724137931,0.8625089605734767,0.8388703923900118,0.8466628246259248,0.590147415544536,86,12,143,49,290,0,5.290626846021041
task2_fold2_seed123_replay_r10_e8,replay,2,2,123,2,outer_test,0,0.6098696461824954,0.5695652173913044,0.5890287769784173,0.7643722608919825,0.8336654611499672,0.8664618568356883,0.6652564402722061,0.42462528214877476,655,419,2310,495,3879,0,194.95734744903166
task2_fold2_seed123_replay_r10_e8,replay,2,2,123,3,probe,1,0.7211538461538461,0.6302521008403361,0.672645739910314,0.8151898734177215,0.8763548897819998,0.9033424130748279,0.7798785622303767,0.5471075856521972,75,29,247,44,395,0,13.587921464000829
task2_fold2_seed123_replay_r10_e8,replay,2,2,123,3,probe,2,0.9512195121951219,0.5777777777777777,0.7188940092165899,0.7896551724137931,0.9138829151732377,0.8533055885850178,0.9056049176365006,0.6113791970493271,78,4,151,57,290,0,5.2363294820534065
task2_fold2_seed123_replay_r10_e8,replay,2,2,123,3,probe,3,0.79375,0.6512820512820513,0.7154929577464789,0.8780193236714976,0.928885648316928,0.9489734299516909,0.7702375364789363,0.6438816236453677,127,33,600,68,828,0,37.87156840902753
task2_fold2_seed123_replay_r10_e8,replay,2,2,123,3,outer_test,0,0.6746849942726232,0.5121739130434783,0.5823035096391498,0.7821603506058262,0.8613704653719312,0.8859053326254012,0.6849211206089072,0.4462955724197977,589,284,2445,561,3879,0,196.5575934270164
task2_fold2_seed123_replay_relation_cl6_r10_kd0.5_z0.1_a0.1_e8,replay_relation,2,2,123,1,probe,1,0.8734177215189873,0.5798319327731093,0.696969696969697,0.8481012658227848,0.9528681037632444,0.9451113603589169,0.8610420917387784,0.6235200478175879,69,10,266,50,395,0,13.658251438988373
task2_fold2_seed123_replay_relation_cl6_r10_kd0.5_z0.1_a0.1_e8,replay_relation,2,2,123,1,outer_test,0,0.7026748971193416,0.5939130434782609,0.6437323279924599,0.8051044083526682,0.8618248442652987,0.8888631024027223,0.7117664555124368,0.5143122022385712,683,289,2440,467,3879,0,195.48519409820437
task2_fold2_seed123_replay_relation_cl6_r10_kd0.5_z0.1_a0.1_e8,replay_relation,2,2,123,2,probe,1,0.6571428571428571,0.5798319327731093,0.6160714285714286,0.7822784810126582,0.8669163317500913,0.8921583079634674,0.7588439693255378,0.4667288934501204,69,36,240,50,395,0,13.714939909055829
task2_fold2_seed123_replay_relation_cl6_r10_kd0.5_z0.1_a0.1_e8,replay_relation,2,2,123,2,probe,2,0.900990099009901,0.674074074074074,0.7711864406779662,0.8137931034482758,0.8657586618876942,0.8372889417360285,0.8551387890353518,0.6381990312671376,91,10,145,44,290,0,5.2952911199536175
task2_fold2_seed123_replay_relation_cl6_r10_kd0.5_z0.1_a0.1_e8,replay_relation,2,2,123,2,outer_test,0,0.6657894736842105,0.66,0.662882096069869,0.8009796339262697,0.8724995618716841,0.8954633130410966,0.7129956121638683,0.5217108521183332,759,381,2348,391,3879,0,195.305628370028
task2_fold2_seed123_replay_relation_cl6_r10_kd0.5_z0.1_a0.1_e8,replay_relation,2,2,123,3,probe,1,0.7596153846153846,0.6638655462184874,0.7085201793721974,0.8354430379746836,0.8801303129947631,0.9050600865245954,0.8025232087166017,0.5972223740648861,79,25,251,40,395,0,13.618337624007836
task2_fold2_seed123_replay_relation_cl6_r10_kd0.5_z0.1_a0.1_e8,replay_relation,2,2,123,3,probe,2,0.9223300970873787,0.7037037037037037,0.7983193277310925,0.8344827586206897,0.9372520908004779,0.8931985731272296,0.9151050111965159,0.6796751489577482,95,8,147,40,290,0,5.245600707130507
task2_fold2_seed123_replay_relation_cl6_r10_kd0.5_z0.1_a0.1_e8,replay_relation,2,2,123,3,probe,3,0.7872340425531915,0.7589743589743589,0.7728459530026109,0.894927536231884,0.9414509660955159,0.957821361058601,0.7868979791122276,0.704732322673509,148,40,593,47,828,0,38.0636230269447
task2_fold2_seed123_replay_relation_cl6_r10_kd0.5_z0.1_a0.1_e8,replay_relation,2,2,123,3,outer_test,0,0.6646942800788954,0.5860869565217391,0.6229205175600739,0.7896365042536736,0.8581069670368187,0.8826483930865366,0.6251183242225619,0.4796675572838037,674,340,2389,476,3879,0,195.4034103420563
task2_fold2_seed123_replay_supcon_t0.07_l0.2_r10_e8,replay,2,2,123,1,probe,1,0.9285714285714286,0.4369747899159664,0.5942857142857143,0.8202531645569621,0.9143526976007794,0.9042012497997115,0.8322981035751396,0.5557025719599097,52,4,272,67,395,0,13.651562546030618
task2_fold2_seed123_replay_supcon_t0.07_l0.2_r10_e8,replay,2,2,123,1,outer_test,0,0.6212290502793296,0.4834782608695652,0.5437652811735941,0.7594740912606341,0.8392244332212786,0.870643919795787,0.6680426365078009,0.38944391333750006,556,339,2390,594,3879,0,194.75028930802364
task2_fold2_seed123_replay_supcon_t0.07_l0.2_r10_e8,replay,2,2,123,2,probe,1,0.8125,0.6554621848739496,0.7255813953488373,0.850632911392405,0.913104372183656,0.9189040217913796,0.8367720213723748,0.631377318036244,78,18,258,41,395,0,13.687859422992915
task2_fold2_seed123_replay_supcon_t0.07_l0.2_r10_e8,replay,2,2,123,2,probe,2,0.90625,0.6444444444444445,0.7532467532467533,0.803448275862069,0.9124492234169653,0.8719738406658739,0.9019532940151901,0.6215489654339623,87,9,146,48,290,0,5.266088680014946
task2_fold2_seed123_replay_supcon_t0.07_l0.2_r10_e8,replay,2,2,123,2,outer_test,0,0.6763070077864294,0.528695652173913,0.593460224499756,0.7852539314256252,0.8605611228830436,0.8819468743887755,0.665638242695879,0.45681481817211045,608,291,2438,542,3879,0,195.2675557459006
task2_fold2_seed123_replay_supcon_t0.07_l0.2_r10_e8,replay,2,2,123,3,probe,1,0.7560975609756098,0.7815126050420168,0.768595041322314,0.8582278481012658,0.8894470831810986,0.9122704694760454,0.8263909473856517,0.6666347364531701,93,30,246,26,395,0,13.671876796986908
task2_fold2_seed123_replay_supcon_t0.07_l0.2_r10_e8,replay,2,2,123,3,probe,2,0.9285714285714286,0.5777777777777777,0.7123287671232876,0.7827586206896552,0.9167980884109916,0.8553745541022593,0.9127323735642258,0.5927930634251881,78,6,149,57,290,0,5.284758587949909
task2_fold2_seed123_replay_supcon_t0.07_l0.2_r10_e8,replay,2,2,123,3,probe,3,0.8362573099415205,0.7333333333333333,0.7814207650273224,0.9033816425120773,0.9330983918661644,0.9585142010315293,0.8641726452549978,0.7223045854703866,143,28,605,52,828,0,38.27141733805183
task2_fold2_seed123_replay_supcon_t0.07_l0.2_r10_e8,replay,2,2,123,3,outer_test,0,0.7066666666666667,0.5530434782608695,0.6204878048780488,0.7994328435163702,0.8517048767664538,0.8783237069323313,0.6156629546756891,0.49368413123291816,636,264,2465,514,3879,0,195.32232163997833
task2_fold2_seed2024_ewc_cl6_l10_e8,ewc,2,2,2024,1,probe,1,0.9098360655737705,0.8538461538461538,0.8809523809523809,0.9512987012987013,0.9876543209876544,0.9916512059369202,0.941905735658764,0.851056590253341,111,11,475,19,616,0,47.48806184483692
task2_fold2_seed2024_ewc_cl6_l10_e8,ewc,2,2,2024,1,outer_test,0,0.5751295336787565,0.5791304347826087,0.5771230502599654,0.748388759989688,0.8161599248012491,0.8493867834023553,0.5581213812400325,0.39804838949251714,666,492,2237,484,3879,0,195.5242732372135
task2_fold2_seed2024_ewc_cl6_l10_e8,ewc,2,2,2024,2,probe,1,0.8636363636363636,0.43846153846153846,0.5816326530612245,0.8668831168831169,0.9419594808483698,0.9543820627424524,0.8142055069064074,0.5540218144984644,57,9,477,73,616,0,47.4716898095794
task2_fold2_seed2024_ewc_cl6_l10_e8,ewc,2,2,2024,2,probe,2,0.925,0.4180790960451977,0.5758754863813229,0.7604395604395604,0.9384831118156322,0.8673928269532666,0.9057796551703133,0.5077940536330046,74,6,272,103,455,0,11.991868237964809
task2_fold2_seed2024_ewc_cl6_l10_e8,ewc,2,2,2024,2,outer_test,0,0.756311745334797,0.5991304347826087,0.6686074721009219,0.8239236916731116,0.8984953877037296,0.9113830787881494,0.7287656696262307,0.5578359030332889,689,222,2507,461,3879,0,195.93379081226885
task2_fold2_seed2024_ewc_cl6_l10_e8,ewc,2,2,2024,3,probe,1,0.7563025210084033,0.6923076923076923,0.7228915662650602,0.887987012987013,0.9556030389363723,0.9703918240850059,0.8510476140424352,0.6538718824717625,90,29,457,40,616,0,47.62402764800936
task2_fold2_seed2024_ewc_cl6_l10_e8,ewc,2,2,2024,3,probe,2,0.952,0.672316384180791,0.7880794701986755,0.8593406593406593,0.9144006828435557,0.8923898079942038,0.8984723827949377,0.7107229180895008,119,6,272,58,455,0,12.01003506500274
task2_fold2_seed2024_ewc_cl6_l10_e8,ewc,2,2,2024,3,probe,3,0.7983193277310925,0.9313725490196079,0.8597285067873304,0.8973509933774835,0.9624509803921568,0.967687820709618,0.9153819110650466,0.785301394014013,95,24,176,7,302,0,6.4577443189918995
task2_fold2_seed2024_ewc_cl6_l10_e8,ewc,2,2,2024,3,outer_test,0,0.6968576709796673,0.6556521739130434,0.6756272401433692,0.8133539572054653,0.8977465865821213,0.9156053832878713,0.7525294105515212,0.5452795099642105,754,328,2401,396,3879,0,196.2922314060852
task2_fold2_seed2024_naive_cl6_e8,naive,2,2,2024,1,probe,1,0.9098360655737705,0.8538461538461538,0.8809523809523809,0.9512987012987013,0.9876543209876544,0.9916512059369202,0.941905735658764,0.851056590253341,111,11,475,19,616,0,47.281661017332226
task2_fold2_seed2024_naive_cl6_e8,naive,2,2,2024,1,outer_test,0,0.5751295336787565,0.5791304347826087,0.5771230502599654,0.748388759989688,0.8161599248012491,0.8493867834023553,0.5581213812400325,0.39804838949251714,666,492,2237,484,3879,0,195.76451646676287
task2_fold2_seed2024_naive_cl6_e8,naive,2,2,2024,2,probe,1,0.8901098901098901,0.6230769230769231,0.7330316742081447,0.9042207792207793,0.9706394428616651,0.9763529895429247,0.8863673581108406,0.6928625448230117,81,10,476,49,616,0,47.295535339042544
task2_fold2_seed2024_naive_cl6_e8,naive,2,2,2024,2,probe,2,0.9158878504672897,0.5536723163841808,0.6901408450704225,0.8065934065934066,0.9140755192456204,0.8898200700398502,0.8873902434375497,0.5992578871472733,98,9,269,79,455,0,11.875670450273901
task2_fold2_seed2024_naive_cl6_e8,naive,2,2,2024,2,outer_test,0,0.7264529058116233,0.6304347826086957,0.6750465549348231,0.820056715648363,0.8953026271767011,0.9097847818659328,0.7281207462616176,0.5541352529280744,725,273,2456,425,3879,0,196.01962862862274
task2_fold2_seed2024_naive_cl6_e8,naive,2,2,2024,3,probe,1,0.7747747747747747,0.6615384615384615,0.7136929460580913,0.887987012987013,0.9574074074074074,0.9689423806712767,0.7689613468826897,0.6477125736503536,86,25,461,44,616,0,47.511165647767484
task2_fold2_seed2024_naive_cl6_e8,naive,2,2,2024,3,probe,2,0.9183673469387755,0.5084745762711864,0.6545454545454545,0.7912087912087912,0.9305166036662196,0.8836130902064968,0.8988882824219496,0.5688914791053591,90,8,270,87,455,0,11.9082838059403
task2_fold2_seed2024_naive_cl6_e8,naive,2,2,2024,3,probe,3,0.7786259541984732,1.0,0.8755364806866953,0.9039735099337748,0.9724509803921568,0.9713280119293014,0.9459621091348032,0.8159198433913067,102,29,171,0,302,0,6.411146577913314
task2_fold2_seed2024_naive_cl6_e8,naive,2,2,2024,3,outer_test,0,0.7422577422577422,0.6460869565217391,0.6908414690841469,0.82856406290281,0.912116876702726,0.9228558387217451,0.8030387116890589,0.5756660913683008,743,258,2471,407,3879,0,195.8411277681589
task2_fold2_seed2024_replay_cl6_r10_e8,replay,2,2,2024,1,probe,1,0.9098360655737705,0.8538461538461538,0.8809523809523809,0.9512987012987013,0.9876543209876544,0.9916512059369202,0.941905735658764,0.851056590253341,111,11,475,19,616,0,47.57475533289835
task2_fold2_seed2024_replay_cl6_r10_e8,replay,2,2,2024,1,outer_test,0,0.5751295336787565,0.5791304347826087,0.5771230502599654,0.748388759989688,0.8161599248012491,0.8493867834023553,0.5581213812400325,0.39804838949251714,666,492,2237,484,3879,0,196.49763172399253
task2_fold2_seed2024_replay_cl6_r10_e8,replay,2,2,2024,2,probe,1,0.9245283018867925,0.7538461538461538,0.8305084745762712,0.935064935064935,0.9847261791706236,0.9853579861696745,0.917116572134206,0.7971613524996896,98,8,478,32,616,0,47.59241529274732
task2_fold2_seed2024_replay_cl6_r10_e8,replay,2,2,2024,2,probe,2,0.9081632653061225,0.5028248587570622,0.6472727272727272,0.7868131868131868,0.9128155103036215,0.885738437386789,0.8768280393322402,0.5579253029067089,89,9,269,88,455,0,11.99753916496411
task2_fold2_seed2024_replay_cl6_r10_e8,replay,2,2,2024,2,outer_test,0,0.7613751263902933,0.6547826086956522,0.7040673211781207,0.8368136117556071,0.9023550591871524,0.9150898197145795,0.7416120196717791,0.5955035682943084,753,236,2493,397,3879,0,196.33511431887746
task2_fold2_seed2024_replay_cl6_r10_e8,replay,2,2,2024,3,probe,1,0.8409090909090909,0.5692307692307692,0.6788990825688074,0.8863636363636364,0.9515986071541628,0.9635688986338335,0.835240275813412,0.6301824286872728,74,14,472,56,616,0,47.409757534042
task2_fold2_seed2024_replay_cl6_r10_e8,replay,2,2,2024,3,probe,2,0.9158878504672897,0.5536723163841808,0.6901408450704225,0.8065934065934066,0.9237694590090639,0.881359739161937,0.8991384656563879,0.5992578871472733,98,9,269,79,455,0,12.012312037870288
task2_fold2_seed2024_replay_cl6_r10_e8,replay,2,2,2024,3,probe,3,0.7870370370370371,0.8333333333333334,0.8095238095238095,0.8675496688741722,0.9561764705882353,0.9646068154905487,0.9077266353815998,0.708807592281866,85,23,177,17,302,0,6.4719627080485225
task2_fold2_seed2024_replay_cl6_r10_e8,replay,2,2,2024,3,outer_test,0,0.7371364653243848,0.5730434782608695,0.6448140900195695,0.8128383604021655,0.9060397979830166,0.9176723562421673,0.7780632264928846,0.5280529786892468,659,235,2494,491,3879,0,195.95912935165688
task2_fold2_seed2024_replay_r10_e8,replay,2,2,2024,1,probe,1,0.8571428571428571,0.8769230769230769,0.8669201520912547,0.9431818181818182,0.9856916745805635,0.9909001307134424,0.931016586442316,0.8308937962763103,114,19,467,16,616,0,47.08901065099053
task2_fold2_seed2024_replay_r10_e8,replay,2,2,2024,1,outer_test,0,0.5809199318568995,0.5930434782608696,0.5869191049913941,0.7525135344160866,0.8199808816734908,0.8510696174647883,0.5996604513359634,0.41032515834958766,682,492,2237,468,3879,0,194.808060022071
task2_fold2_seed2024_replay_r10_e8,replay,2,2,2024,2,probe,1,0.95,0.7307692307692307,0.8260869565217391,0.935064935064935,0.9895853118075341,0.9878457581379659,0.9398379047849723,0.797237267205439,95,5,481,35,616,0,46.968323945999146
task2_fold2_seed2024_replay_r10_e8,replay,2,2,2024,2,probe,2,0.8888888888888888,0.4519774011299435,0.599250936329588,0.7648351648351648,0.931573385359509,0.8899601497403695,0.8949393856593538,0.5091445795829167,80,10,268,97,455,0,11.81069444399327
task2_fold2_seed2024_replay_r10_e8,replay,2,2,2024,2,outer_test,0,0.76,0.6773913043478261,0.7163218390804598,0.8409383861820057,0.9154144693867797,0.9279239133837246,0.7811321770706114,0.6082520892077341,779,246,2483,371,3879,0,194.28788191790227
task2_fold2_seed2024_replay_r10_e8,replay,2,2,2024,3,probe,1,0.7857142857142857,0.676923076923077,0.7272727272727273,0.8928571428571429,0.9570750237416905,0.9695564176083656,0.847567919810859,0.6639069184215148,88,24,462,42,616,0,47.02527138905134
task2_fold2_seed2024_replay_r10_e8,replay,2,2,2024,3,probe,2,0.9252336448598131,0.559322033898305,0.6971830985915493,0.810989010989011,0.9130187375523311,0.8785943726603067,0.8690823684105917,0.6098875834028583,99,8,270,78,455,0,11.822519482928328
task2_fold2_seed2024_replay_r10_e8,replay,2,2,2024,3,probe,3,0.7788461538461539,0.7941176470588235,0.7864077669902912,0.8543046357615894,0.9593627450980392,0.9636200166659358,0.9092366228431014,0.6759441827453676,81,23,177,21,302,0,6.358486586017534
task2_fold2_seed2024_replay_r10_e8,replay,2,2,2024,3,outer_test,0,0.7679769894534996,0.6965217391304348,0.7305061559507524,0.8476411446249034,0.9198046744308315,0.9319807656738803,0.8146797744281272,0.6261061367559944,801,242,2487,349,3879,0,195.0907915100688
task2_fold2_seed2024_replay_relation_cl6_r10_kd0.5_z0.1_a0.1_e8,replay_relation,2,2,2024,1,probe,1,0.9098360655737705,0.8538461538461538,0.8809523809523809,0.9512987012987013,0.9876543209876544,0.9916512059369202,0.941905735658764,0.851056590253341,111,11,475,19,616,0,47.5616190279834
task2_fold2_seed2024_replay_relation_cl6_r10_kd0.5_z0.1_a0.1_e8,replay_relation,2,2,2024,1,outer_test,0,0.5751295336787565,0.5791304347826087,0.5771230502599654,0.748388759989688,0.8161599248012491,0.8493867834023553,0.5581213812400325,0.39804838949251714,666,492,2237,484,3879,0,196.4389322148636
task2_fold2_seed2024_replay_relation_cl6_r10_kd0.5_z0.1_a0.1_e8,replay_relation,2,2,2024,2,probe,1,0.8688524590163934,0.8153846153846154,0.8412698412698413,0.935064935064935,0.9859449192782526,0.9892899308483722,0.9263844914979176,0.8011431486740073,106,16,470,24,616,0,47.51907222578302
task2_fold2_seed2024_replay_relation_cl6_r10_kd0.5_z0.1_a0.1_e8,replay_relation,2,2,2024,2,probe,2,0.9041095890410958,0.7457627118644068,0.8173374613003096,0.8703296703296703,0.9047270658049832,0.9046733486293925,0.8351123377306262,0.7262563175058023,132,14,264,45,455,0,11.947810054756701
task2_fold2_seed2024_replay_relation_cl6_r10_kd0.5_z0.1_a0.1_e8,replay_relation,2,2,2024,2,outer_test,0,0.6973365617433414,0.7513043478260869,0.7233151946421097,0.8295952565094097,0.8827125718928737,0.9011031764498136,0.7036683130616654,0.6013185531659034,864,375,2354,286,3879,0,196.10115532483906
task2_fold2_seed2024_replay_relation_cl6_r10_kd0.5_z0.1_a0.1_e8,replay_relation,2,2,2024,3,probe,1,0.8688524590163934,0.8153846153846154,0.8412698412698413,0.935064935064935,0.9819246597024374,0.9866545791870468,0.9109119258004215,0.8011431486740073,106,16,470,24,616,0,47.349843020085245
task2_fold2_seed2024_replay_relation_cl6_r10_kd0.5_z0.1_a0.1_e8,replay_relation,2,2,2024,3,probe,2,0.8759124087591241,0.6779661016949152,0.7643312101910829,0.8373626373626374,0.9000934845344064,0.8882067383166284,0.8300395412266164,0.6555263144062561,120,17,261,57,455,0,11.992088448256254
task2_fold2_seed2024_replay_relation_cl6_r10_kd0.5_z0.1_a0.1_e8,replay_relation,2,2,2024,3,probe,3,0.8737864077669902,0.8823529411764706,0.8780487804878049,0.9172185430463576,0.9597058823529412,0.963959914038858,0.8958121552576982,0.8154166271330672,90,13,187,12,302,0,6.442078162916005
task2_fold2_seed2024_replay_relation_cl6_r10_kd0.5_z0.1_a0.1_e8,replay_relation,2,2,2024,3,outer_test,0,0.7020517395182873,0.6843478260869565,0.6930867459269044,0.8203145140500129,0.892204821004668,0.9106455055317662,0.7349214413863844,0.5661807882799033,787,334,2395,363,3879,0,196.02832815423608
task2_fold2_seed2024_replay_supcon_t0.07_l0.2_r10_e8,replay,2,2,2024,1,probe,1,0.8790322580645161,0.8384615384615385,0.8582677165354331,0.9415584415584416,0.9851060462171572,0.9895376539045371,0.9382943595677989,0.8218476111754136,109,15,471,21,616,0,47.2017539429944
task2_fold2_seed2024_replay_supcon_t0.07_l0.2_r10_e8,replay,2,2,2024,1,outer_test,0,0.5541125541125541,0.5565217391304348,0.5553145336225597,0.7357566383088425,0.8063205187439259,0.8337089985731698,0.5819985808002168,0.36734761649214887,640,515,2214,510,3879,0,195.10965817293618
task2_fold2_seed2024_replay_supcon_t0.07_l0.2_r10_e8,replay,2,2,2024,2,probe,1,0.9494949494949495,0.7230769230769231,0.8209606986899564,0.9334415584415584,0.9846945235834125,0.9841589011637712,0.928066123304927,0.7919319120636277,94,5,481,36,616,0,47.405010009068064
task2_fold2_seed2024_replay_supcon_t0.07_l0.2_r10_e8,replay,2,2,2024,2,probe,2,0.8958333333333334,0.4858757062146893,0.63003663003663,0.778021978021978,0.9155387554363289,0.8866368796039126,0.8835838686312418,0.5375842187731498,86,10,268,91,455,0,11.94757313001901
task2_fold2_seed2024_replay_supcon_t0.07_l0.2_r10_e8,replay,2,2,2024,2,outer_test,0,0.7862985685071575,0.668695652173913,0.7227443609022557,0.8478989430265532,0.9090416938837288,0.9216666364273595,0.7581660376412948,0.6227452094872964,769,209,2520,381,3879,0,195.51606359600555
task2_fold2_seed2024_replay_supcon_t0.07_l0.2_r10_e8,replay,2,2,2024,3,probe,1,0.881578947368421,0.5153846153846153,0.6504854368932039,0.8831168831168831,0.975815131370687,0.9728716899983134,0.876754521416685,0.6164892370165314,67,9,477,63,616,0,47.09774322202429
task2_fold2_seed2024_replay_supcon_t0.07_l0.2_r10_e8,replay,2,2,2024,3,probe,2,0.9375,0.423728813559322,0.5836575875486382,0.7648351648351648,0.8885704995325774,0.845868856418307,0.8637571545461761,0.5196365084973313,75,5,273,102,455,0,11.829571091919206
task2_fold2_seed2024_replay_supcon_t0.07_l0.2_r10_e8,replay,2,2,2024,3,probe,3,0.7962962962962963,0.8431372549019608,0.819047619047619,0.8741721854304636,0.9540686274509803,0.9641901670979343,0.8998981151289929,0.7234152006392511,86,22,178,16,302,0,6.366816594032571
task2_fold2_seed2024_replay_supcon_t0.07_l0.2_r10_e8,replay,2,2,2024,3,outer_test,0,0.7723214285714286,0.6017391304347826,0.6764418377321603,0.8293374581077597,0.9113393980913538,0.9214870614644158,0.7793024518452535,0.5710439369426767,692,204,2525,458,3879,0,195.16317347902805
task2_fold2_seed42_ewc_cl6_l10_e8,ewc,2,2,42,1,probe,1,0.832,0.7703703703703704,0.8,0.8785046728971962,0.9402603969156871,0.9463053541794043,0.8848218909406422,0.7140257652617156,104,21,272,31,428,0,16.43099232087843
task2_fold2_seed42_ewc_cl6_l10_e8,ewc,2,2,42,1,outer_test,0,0.7639225181598063,0.548695652173913,0.638663967611336,0.8159319412219644,0.8874717606385522,0.9020913039661145,0.7472604219097235,0.5323961723656009,631,195,2534,519,3879,0,196.9660060571041
task2_fold2_seed42_ewc_cl6_l10_e8,ewc,2,2,42,2,probe,1,0.5684931506849316,0.6148148148148148,0.5907473309608541,0.7313084112149533,0.7991657186196436,0.8263003319067166,0.7092705150009176,0.39186823244570707,83,63,230,52,428,0,16.360392233822495
task2_fold2_seed42_ewc_cl6_l10_e8,ewc,2,2,42,2,probe,2,0.7767857142857143,0.7837837837837838,0.7802690582959642,0.8262411347517731,0.9219219219219219,0.9118882349982396,0.8759810029861925,0.6365963320717548,87,25,146,24,282,0,6.891271614935249
task2_fold2_seed42_ewc_cl6_l10_e8,ewc,2,2,42,2,outer_test,0,0.7314949201741655,0.43826086956521737,0.5481239804241436,0.785769528228925,0.8775773893925152,0.8860652686536482,0.7394255637755925,0.4426896129469207,504,185,2544,646,3879,0,196.33773438003846
task2_fold2_seed42_ewc_cl6_l10_e8,ewc,2,2,42,3,probe,1,0.8043478260869565,0.8222222222222222,0.8131868131868132,0.8808411214953271,0.9655922133737833,0.9667383614289458,0.9324188437642044,0.725818235908885,111,27,266,24,428,0,16.5105076150503
task2_fold2_seed42_ewc_cl6_l10_e8,ewc,2,2,42,3,probe,2,0.8461538461538461,0.6936936936936937,0.7623762376237624,0.8297872340425532,0.917917917917918,0.9077259695186359,0.8602073271610288,0.6393630024534531,77,14,157,34,282,0,6.899474469944835
task2_fold2_seed42_ewc_cl6_l10_e8,ewc,2,2,42,3,probe,3,0.9801980198019802,0.5561797752808989,0.7096774193548387,0.9148264984227129,0.9500777650188235,0.9676459888920953,0.8915928572280386,0.7008414174991354,99,2,771,79,951,0,76.24366085999645
task2_fold2_seed42_ewc_cl6_l10_e8,ewc,2,2,42,3,outer_test,0,0.7369109947643979,0.4895652173913044,0.5882967607105538,0.7968548594998711,0.8720601590007488,0.8896741139766676,0.7035773526480852,0.47761316877322607,563,201,2528,587,3879,0,197.07023764308542
task2_fold2_seed42_joint_cl6_e8,joint,2,2,42,3,probe,1,0.9512195121951219,0.8666666666666667,0.9069767441860465,0.9439252336448598,0.9856402477562888,0.9867018953620403,0.9622995130223083,0.8688914384929558,117,6,287,18,428,0,16.353929651901126
task2_fold2_seed42_joint_cl6_e8,joint,2,2,42,3,probe,2,0.7604166666666666,0.6576576576576577,0.7053140096618358,0.7836879432624113,0.8584373847531743,0.8563578290830441,0.7738144061008566,0.5393834481272309,73,23,148,38,282,0,6.934311974793673
task2_fold2_seed42_joint_cl6_e8,joint,2,2,42,3,probe,3,0.9606299212598425,0.6853932584269663,0.8,0.935856992639327,0.9510007703824295,0.9745389489839131,0.8991325021162151,0.7784954036248919,122,5,768,56,951,0,76.13319217925891
task2_fold2_seed42_joint_cl6_e8,joint,2,2,42,3,outer_test,0,0.790304396843292,0.6095652173913043,0.68826705940108,0.8362980149523073,0.910502334029028,0.9258110165584464,0.8297728625271404,0.5887529006043428,701,186,2543,449,3879,0,195.3692689500749
task2_fold2_seed42_naive_cl6_e8,naive,2,2,42,1,probe,1,0.832,0.7703703703703704,0.8,0.8785046728971962,0.9402603969156871,0.9463053541794043,0.8848218909406422,0.7140257652617156,104,21,272,31,428,0,16.31095481594093
task2_fold2_seed42_naive_cl6_e8,naive,2,2,42,1,outer_test,0,0.7639225181598063,0.548695652173913,0.638663967611336,0.8159319412219644,0.8874717606385522,0.9020913039661145,0.7472604219097235,0.5323961723656009,631,195,2534,519,3879,0,195.6700183530338
task2_fold2_seed42_naive_cl6_e8,naive,2,2,42,2,probe,1,0.5061728395061729,0.6074074074074074,0.5521885521885522,0.6892523364485982,0.7660472759448868,0.7972475762075291,0.583995206793996,0.32035351855052746,82,80,213,53,428,0,16.366046776995063
task2_fold2_seed42_naive_cl6_e8,naive,2,2,42,2,probe,2,0.7586206896551724,0.7927927927927928,0.775330396475771,0.8191489361702128,0.9265581370844529,0.9199864191942054,0.8898845041506507,0.6245421350150905,88,28,143,23,282,0,6.860725137172267
task2_fold2_seed42_naive_cl6_e8,naive,2,2,42,2,outer_test,0,0.6566970091027308,0.4391304347826087,0.5263157894736842,0.765661252900232,0.8555521213376456,0.8775832094352488,0.6926259554738907,0.39222074046855654,505,264,2465,645,3879,0,196.69045561994426
task2_fold2_seed42_naive_cl6_e8,naive,2,2,42,3,probe,1,0.8188405797101449,0.837037037037037,0.8278388278388278,0.8901869158878505,0.970066995322968,0.9730489562407196,0.9411037649462336,0.7473328979331942,113,25,268,22,428,0,16.37916269991547
task2_fold2_seed42_naive_cl6_e8,naive,2,2,42,3,probe,2,0.8125,0.7027027027027027,0.7536231884057971,0.8191489361702128,0.9043780622727992,0.9000176047482521,0.803369759375524,0.6159726386468075,78,18,153,33,282,0,6.8711262489669025
task2_fold2_seed42_naive_cl6_e8,naive,2,2,42,3,probe,3,0.8466666666666667,0.7134831460674157,0.774390243902439,0.9221871713985279,0.9643516432402575,0.9786748356094254,0.8898864912393902,0.7316810784380371,127,23,750,51,951,0,76.30172744602896
task2_fold2_seed42_naive_cl6_e8,naive,2,2,42,3,outer_test,0,0.6808923375363725,0.6104347826086957,0.6437414030261348,0.7996906419180201,0.8618748705529975,0.8886449141705447,0.7098547137546519,0.5064529713590751,702,329,2400,448,3879,0,195.51406640117057
task2_fold2_seed42_replay_cl6_r10_e8,replay,2,2,42,1,probe,1,0.832,0.7703703703703704,0.8,0.8785046728971962,0.9402603969156871,0.9463053541794043,0.8848218909406422,0.7140257652617156,104,21,272,31,428,0,16.33142503001727
task2_fold2_seed42_replay_cl6_r10_e8,replay,2,2,42,1,outer_test,0,0.7639225181598063,0.548695652173913,0.638663967611336,0.8159319412219644,0.8874717606385522,0.9020913039661145,0.7472604219097235,0.5323961723656009,631,195,2534,519,3879,0,196.1183670850005
task2_fold2_seed42_replay_cl6_r10_e8,replay,2,2,42,2,probe,1,0.8,0.5333333333333333,0.64,0.8107476635514018,0.8610542282897232,0.8803989431391388,0.7752397010924816,0.538109875290012,72,18,275,63,428,0,16.349980720086023
task2_fold2_seed42_replay_cl6_r10_e8,replay,2,2,42,2,probe,2,0.8620689655172413,0.6756756756756757,0.7575757575757576,0.8297872340425532,0.9188135503924978,0.8922086414164278,0.8434502533325542,0.6404672543122066,75,12,159,36,282,0,6.8163642978761345
task2_fold2_seed42_replay_cl6_r10_e8,replay,2,2,42,2,outer_test,0,0.8165322580645161,0.3521739130434783,0.49210206561360875,0.7844805362206755,0.8937718865008683,0.8893539428501018,0.7647559046419564,0.43602943006429157,405,91,2638,745,3879,0,195.96272667916492
task2_fold2_seed42_replay_cl6_r10_e8,replay,2,2,42,3,probe,1,0.9008264462809917,0.8074074074074075,0.8515625,0.9112149532710281,0.9350777398558968,0.9484452790636737,0.9100013039771233,0.7909037895328653,109,12,281,26,428,0,16.364343318156898
task2_fold2_seed42_replay_cl6_r10_e8,replay,2,2,42,3,probe,2,0.8117647058823529,0.6216216216216216,0.7040816326530612,0.7943262411347518,0.8427374743164217,0.8367536844223127,0.7211396658333058,0.5622061729971546,69,16,155,42,282,0,6.808900495991111
task2_fold2_seed42_replay_cl6_r10_e8,replay,2,2,42,3,probe,3,1.0,0.5730337078651685,0.7285714285714285,0.9200841219768665,0.9460804976961206,0.9669792492489504,0.9018753487735574,0.7223139235931015,102,0,773,76,951,0,76.18092957697809
task2_fold2_seed42_replay_cl6_r10_e8,replay,2,2,42,3,outer_test,0,0.7779578606158833,0.41739130434782606,0.5432937181663837,0.7919566898685229,0.8360466487166824,0.8670689026208575,0.6964214798336787,0.45851832291363603,480,137,2592,670,3879,0,196.26243881508708
task2_fold2_seed42_replay_kd_cl6_r10_kd0.5_e8,replay_kd,2,2,42,1,probe,1,0.832,0.7703703703703704,0.8,0.8785046728971962,0.9402603969156871,0.9463053541794043,0.8848218909406422,0.7140257652617156,104,21,272,31,428,0,16.278917875606567
task2_fold2_seed42_replay_kd_cl6_r10_kd0.5_e8,replay_kd,2,2,42,1,outer_test,0,0.7639225181598063,0.548695652173913,0.638663967611336,0.8159319412219644,0.8874717606385522,0.9020913039661145,0.7472604219097235,0.5323961723656009,631,195,2534,519,3879,0,196.14083520323038
task2_fold2_seed42_replay_kd_cl6_r10_kd0.5_e8,replay_kd,2,2,42,2,probe,1,0.7166666666666667,0.6370370370370371,0.6745098039215687,0.8060747663551402,0.8773859183415497,0.8954439252336448,0.7699415900054418,0.5389756810689602,86,34,259,49,428,0,16.24285963503644
task2_fold2_seed42_replay_kd_cl6_r10_kd0.5_e8,replay_kd,2,2,42,2,probe,2,0.8118811881188119,0.7387387387387387,0.7735849056603774,0.8297872340425532,0.9240819767135557,0.9067954328253106,0.8737506611317518,0.6395310323635119,82,19,152,29,282,0,6.936270900070667
task2_fold2_seed42_replay_kd_cl6_r10_kd0.5_e8,replay_kd,2,2,42,2,outer_test,0,0.8119205298013245,0.5330434782608696,0.6435695538057743,0.8249548852797113,0.9053642837796931,0.9106452064616948,0.7879769933013877,0.5548500044359139,613,142,2587,537,3879,0,195.99391451990232
task2_fold2_seed42_replay_kd_cl6_r10_kd0.5_e8,replay_kd,2,2,42,3,probe,1,0.8650793650793651,0.8074074074074075,0.8352490421455939,0.8995327102803738,0.9420300846922007,0.9523266224124377,0.9108379995251789,0.7640434632415923,109,17,276,26,428,0,16.33861302305013
task2_fold2_seed42_replay_kd_cl6_r10_kd0.5_e8,replay_kd,2,2,42,3,probe,2,0.7835051546391752,0.6846846846846847,0.7307692307692307,0.8014184397163121,0.8903113639955745,0.8842865047029826,0.7785314834592615,0.5778692483698933,76,21,150,35,282,0,6.830341796390712
task2_fold2_seed42_replay_kd_cl6_r10_kd0.5_e8,replay_kd,2,2,42,3,probe,3,0.991869918699187,0.6853932584269663,0.8106312292358804,0.9400630914826499,0.9611829004171694,0.975699938412275,0.9171078479302217,0.795154202908314,122,1,772,56,951,0,76.10415350319818
task2_fold2_seed42_replay_kd_cl6_r10_kd0.5_e8,replay_kd,2,2,42,3,outer_test,0,0.7745664739884393,0.5826086956521739,0.6650124069478908,0.8259860788863109,0.8965392642630681,0.9104526053356361,0.7723391759531285,0.5608190169010393,670,195,2534,480,3879,0,196.40394175285473
task2_fold2_seed42_replay_r10_e8,replay,2,2,42,1,probe,1,0.8571428571428571,0.7555555555555555,0.8031496062992126,0.883177570093458,0.9470357729743395,0.9477902000174687,0.8965780661640768,0.7234591709715047,102,17,276,33,428,0,16.297821979038417
task2_fold2_seed42_replay_r10_e8,replay,2,2,42,1,outer_test,0,0.7896825396825397,0.5191304347826087,0.6264428121720882,0.8164475380252643,0.8871550336960505,0.899587555787368,0.7464245218463621,0.5313488262172409,597,159,2570,553,3879,0,196.25150994118303
task2_fold2_seed42_replay_r10_e8,replay,2,2,42,2,probe,1,0.8247422680412371,0.5925925925925926,0.6896551724137931,0.8317757009345794,0.903349766148401,0.9077211983579352,0.8237253619997004,0.5933447869148359,80,17,276,55,428,0,16.298734195064753
task2_fold2_seed42_replay_r10_e8,replay,2,2,42,2,probe,2,0.9058823529411765,0.6936936936936937,0.7857142857142857,0.851063829787234,0.9000579526895316,0.8819978874302097,0.8488858644803761,0.6887488374969631,77,8,163,34,282,0,6.832601692061871
task2_fold2_seed42_replay_r10_e8,replay,2,2,42,2,outer_test,0,0.7478991596638656,0.4643478260869565,0.572961373390558,0.7947924722866718,0.8822097599056828,0.8930581582959279,0.7343383126181982,0.4694860766909002,534,180,2549,616,3879,0,195.45393512910232
task2_fold2_seed42_replay_r10_e8,replay,2,2,42,3,probe,1,0.7829457364341085,0.7481481481481481,0.7651515151515151,0.8551401869158879,0.9082796106686892,0.9218272338195477,0.8760493941345324,0.6608567612902145,101,28,265,34,428,0,16.283401558175683
task2_fold2_seed42_replay_r10_e8,replay,2,2,42,3,probe,2,0.7083333333333334,0.4594594594594595,0.5573770491803278,0.7127659574468085,0.8463200042147411,0.824820180071425,0.7313822909975318,0.377194557729824,51,21,150,60,282,0,6.85334900021553
task2_fold2_seed42_replay_r10_e8,replay,2,2,42,3,probe,3,1.0,0.5224719101123596,0.6863468634686347,0.9106203995793901,0.8685407793944504,0.9381502231863963,0.8137185115625636,0.686084449901953,93,0,773,85,951,0,75.75399653287604
task2_fold2_seed42_replay_r10_e8,replay,2,2,42,3,outer_test,0,0.7631578947368421,0.4539130434782609,0.569247546346783,0.7963392626965713,0.8530179871588575,0.8747210423907901,0.7210527115229026,0.47281359742592854,522,162,2567,628,3879,0,196.23508723592386
task2_fold2_seed42_replay_relation_cl6_r05_kd0.5_z0.1_a0.1_e8,replay_relation,2,2,42,1,probe,1,0.832,0.7703703703703704,0.8,0.8785046728971962,0.9402603969156871,0.9463053541794043,0.8848218909406422,0.7140257652617156,104,21,272,31,428,0,16.307397951954044
task2_fold2_seed42_replay_relation_cl6_r05_kd0.5_z0.1_a0.1_e8,replay_relation,2,2,42,1,outer_test,0,0.7639225181598063,0.548695652173913,0.638663967611336,0.8159319412219644,0.8874717606385522,0.9020913039661145,0.7472604219097235,0.5323961723656009,631,195,2534,519,3879,0,195.4856025989866
task2_fold2_seed42_replay_relation_cl6_r05_kd0.5_z0.1_a0.1_e8,replay_relation,2,2,42,2,probe,1,0.8247422680412371,0.5925925925925926,0.6896551724137931,0.8317757009345794,0.925293894577171,0.9289348414708708,0.8615484145600343,0.5933447869148359,80,17,276,55,428,0,16.280012222006917
task2_fold2_seed42_replay_relation_cl6_r05_kd0.5_z0.1_a0.1_e8,replay_relation,2,2,42,2,probe,2,0.8571428571428571,0.7027027027027027,0.7722772277227723,0.8368794326241135,0.9174437595490227,0.9024696946833661,0.8693343701665289,0.6548887379819017,78,13,158,33,282,0,6.7784452949417755
task2_fold2_seed42_replay_relation_cl6_r05_kd0.5_z0.1_a0.1_e8,replay_relation,2,2,42,2,outer_test,0,0.8071979434447301,0.5460869565217391,0.6514522821576764,0.8267594740912606,0.9091194417448659,0.9140290514009073,0.7758836819293212,0.5601433572458419,628,150,2579,522,3879,0,195.75909855600912
task2_fold2_seed42_replay_relation_cl6_r05_kd0.5_z0.1_a0.1_e8,replay_relation,2,2,42,3,probe,1,0.8439716312056738,0.8814814814814815,0.8623188405797102,0.9112149532710281,0.9728479332574896,0.9762424665909687,0.949393190602213,0.7972575474091077,119,22,271,16,428,0,16.300877734087408
task2_fold2_seed42_replay_relation_cl6_r05_kd0.5_z0.1_a0.1_e8,replay_relation,2,2,42,3,probe,2,0.7802197802197802,0.6396396396396397,0.7029702970297029,0.7872340425531915,0.8935777883146304,0.8864996730546754,0.7925947111489693,0.5462085892827615,71,20,151,40,282,0,6.776122348033823
task2_fold2_seed42_replay_relation_cl6_r05_kd0.5_z0.1_a0.1_e8,replay_relation,2,2,42,3,probe,3,0.9769230769230769,0.7134831460674157,0.8246753246753247,0.943217665615142,0.9811910403069902,0.9845488892648282,0.9437196951572814,0.805696401532234,127,3,770,51,951,0,75.4939322519349
task2_fold2_seed42_replay_relation_cl6_r05_kd0.5_z0.1_a0.1_e8,replay_relation,2,2,42,3,outer_test,0,0.7347140039447732,0.6478260869565218,0.6885397412199631,0.8262438772879608,0.8996612869820128,0.9166951613984808,0.7483769234913811,0.5708783330818348,745,269,2460,405,3879,0,194.3524111150764
task2_fold2_seed42_replay_relation_cl6_r10_kd0.5_z0.1_a0.1_e8,replay_relation,2,2,42,1,probe,1,0.832,0.7703703703703704,0.8,0.8785046728971962,0.9402603969156871,0.9463053541794043,0.8848218909406422,0.7140257652617156,104,21,272,31,428,0,16.38223505904898
task2_fold2_seed42_replay_relation_cl6_r10_kd0.5_z0.1_a0.1_e8,replay_relation,2,2,42,1,outer_test,0,0.7639225181598063,0.548695652173913,0.638663967611336,0.8159319412219644,0.8874717606385522,0.9020913039661145,0.7472604219097235,0.5323961723656009,631,195,2534,519,3879,0,196.2488423360046
task2_fold2_seed42_replay_relation_cl6_r10_kd0.5_z0.1_a0.1_e8,replay_relation,2,2,42,2,probe,1,0.7016129032258065,0.6444444444444445,0.6718146718146718,0.8014018691588785,0.8806219188471749,0.8991123678923924,0.7875671814251654,0.5307876183995803,87,37,256,48,428,0,16.30844236793928
task2_fold2_seed42_replay_relation_cl6_r10_kd0.5_z0.1_a0.1_e8,replay_relation,2,2,42,2,probe,2,0.84,0.7567567567567568,0.7962085308056872,0.8475177304964538,0.9270322954533481,0.9141768522710125,0.8783715772519718,0.6772694649603009,84,16,155,27,282,0,6.8400534021202475
task2_fold2_seed42_replay_relation_cl6_r10_kd0.5_z0.1_a0.1_e8,replay_relation,2,2,42,2,outer_test,0,0.7961783439490446,0.5434782608695652,0.6459948320413437,0.8234080948698118,0.9030117737027419,0.9112057634657462,0.7851317348537512,0.5511400406960476,625,160,2569,525,3879,0,196.0320884298999
task2_fold2_seed42_replay_relation_cl6_r10_kd0.5_z0.1_a0.1_e8,replay_relation,2,2,42,3,probe,1,0.8503937007874016,0.8,0.8244274809160306,0.8925233644859814,0.9498419921628113,0.9570486505371648,0.9180626512175842,0.7478141262761033,108,19,274,27,428,0,16.284757442073897
task2_fold2_seed42_replay_relation_cl6_r10_kd0.5_z0.1_a0.1_e8,replay_relation,2,2,42,3,probe,2,0.7978723404255319,0.6756756756756757,0.7317073170731707,0.8049645390070922,0.8799852484063011,0.8726296463960566,0.7491468793672657,0.5851002840046673,75,19,152,36,282,0,6.849366028094664
task2_fold2_seed42_replay_relation_cl6_r10_kd0.5_z0.1_a0.1_e8,replay_relation,2,2,42,3,probe,3,1.0,0.6797752808988764,0.8093645484949833,0.9400630914826499,0.9440600607584633,0.969019273530215,0.9017621824969566,0.7956707348110377,121,0,773,57,951,0,75.94520221697167
task2_fold2_seed42_replay_relation_cl6_r10_kd0.5_z0.1_a0.1_e8,replay_relation,2,2,42,3,outer_test,0,0.7712264150943396,0.568695652173913,0.6546546546546547,0.8221191028615623,0.8928698201284114,0.906800727152326,0.7662483371305265,0.5498529669214268,654,194,2535,496,3879,0,195.99470963398926
task2_fold2_seed42_replay_relation_cl6_r10_kd0.5_z0.1_a0_e8,replay_relation,2,2,42,1,probe,1,0.832,0.7703703703703704,0.8,0.8785046728971962,0.9402603969156871,0.9463053541794043,0.8848218909406422,0.7140257652617156,104,21,272,31,428,0,16.221726609859616
task2_fold2_seed42_replay_relation_cl6_r10_kd0.5_z0.1_a0_e8,replay_relation,2,2,42,1,outer_test,0,0.7639225181598063,0.548695652173913,0.638663967611336,0.8159319412219644,0.8874717606385522,0.9020913039661145,0.7472604219097235,0.5323961723656009,631,195,2534,519,3879,0,194.8686883179471
task2_fold2_seed42_replay_relation_cl6_r10_kd0.5_z0.1_a0_e8,replay_relation,2,2,42,2,probe,1,0.696,0.6444444444444445,0.6692307692307692,0.7990654205607477,0.8798887624826192,0.8984518298541357,0.7860882293629682,0.5260440209318591,87,38,255,48,428,0,16.30428640311584
task2_fold2_seed42_replay_relation_cl6_r10_kd0.5_z0.1_a0_e8,replay_relation,2,2,42,2,probe,2,0.8316831683168316,0.7567567567567568,0.7924528301886793,0.8439716312056738,0.9271376639797693,0.9152960112670389,0.8792857822373571,0.6698085025434012,84,17,154,27,282,0,6.793344731908292
task2_fold2_seed42_replay_relation_cl6_r10_kd0.5_z0.1_a0_e8,replay_relation,2,2,42,2,outer_test,0,0.7944514501891551,0.5478260869565217,0.6484817292846115,0.8239236916731116,0.9025182022400307,0.9112318157919765,0.7828136568900396,0.5527420348414371,630,163,2566,520,3879,0,195.39156476967037
task2_fold2_seed42_replay_relation_cl6_r10_kd0.5_z0.1_a0_e8,replay_relation,2,2,42,3,probe,1,0.8260869565217391,0.8444444444444444,0.8351648351648352,0.8948598130841121,0.9446593351030211,0.9536367805048476,0.914637959202128,0.7580902289453489,114,24,269,21,428,0,16.283952976111323
task2_fold2_seed42_replay_relation_cl6_r10_kd0.5_z0.1_a0_e8,replay_relation,2,2,42,3,probe,2,0.7777777777777778,0.6936936936936937,0.7333333333333333,0.8014184397163121,0.8902059954691534,0.8852421910366681,0.7780777658886303,0.5783551592759899,77,22,149,34,282,0,6.854823304805905
task2_fold2_seed42_replay_relation_cl6_r10_kd0.5_z0.1_a0_e8,replay_relation,2,2,42,3,probe,3,0.9847328244274809,0.7247191011235955,0.8349514563106796,0.9463722397476341,0.9546927918368533,0.9747003817996662,0.91236429594579,0.8172851945970565,129,2,771,49,951,0,76.25923016108572
task2_fold2_seed42_replay_relation_cl6_r10_kd0.5_z0.1_a0_e8,replay_relation,2,2,42,3,outer_test,0,0.7483443708609272,0.5895652173913043,0.6595330739299611,0.8195411188450632,0.8892532700304299,0.9062767563870235,0.754842354591692,0.5462044227289752,678,228,2501,472,3879,0,196.52374900132418
task2_fold2_seed42_replay_relation_cl6_r20_kd0.5_z0.1_a0.1_e8,replay_relation,2,2,42,1,probe,1,0.832,0.7703703703703704,0.8,0.8785046728971962,0.9402603969156871,0.9463053541794043,0.8848218909406422,0.7140257652617156,104,21,272,31,428,0,16.300303013063967
task2_fold2_seed42_replay_relation_cl6_r20_kd0.5_z0.1_a0.1_e8,replay_relation,2,2,42,1,outer_test,0,0.7639225181598063,0.548695652173913,0.638663967611336,0.8159319412219644,0.8874717606385522,0.9020913039661145,0.7472604219097235,0.5323961723656009,631,195,2534,519,3879,0,195.86578725196887
task2_fold2_seed42_replay_relation_cl6_r20_kd0.5_z0.1_a0.1_e8,replay_relation,2,2,42,2,probe,1,0.9142857142857143,0.7111111111111111,0.8,0.8878504672897196,0.9673366198963469,0.9577910734561971,0.937117037937272,0.7347938390590184,96,9,284,39,428,0,16.18698946002405
task2_fold2_seed42_replay_relation_cl6_r20_kd0.5_z0.1_a0.1_e8,replay_relation,2,2,42,2,probe,2,0.8555555555555555,0.6936936936936937,0.7661691542288557,0.8333333333333334,0.9256625046098731,0.906355314119008,0.8805133696141131,0.6473578162946335,77,13,158,34,282,0,6.810655017965473
task2_fold2_seed42_replay_relation_cl6_r20_kd0.5_z0.1_a0.1_e8,replay_relation,2,2,42,2,outer_test,0,0.8578352180936996,0.4617391304347826,0.6003391746749576,0.8177365300335138,0.9158838243025793,0.911595119468857,0.8092263615809955,0.5356147626468001,531,88,2641,619,3879,0,195.2922971539665
task2_fold2_seed42_replay_relation_cl6_r20_kd0.5_z0.1_a0.1_e8,replay_relation,2,2,42,3,probe,1,0.8629032258064516,0.7925925925925926,0.8262548262548263,0.8948598130841121,0.9594741499178359,0.9590957725565552,0.9168034594640968,0.7524670687069773,107,17,276,28,428,0,16.213205526932143
task2_fold2_seed42_replay_relation_cl6_r20_kd0.5_z0.1_a0.1_e8,replay_relation,2,2,42,3,probe,2,0.8020833333333334,0.6936936936936937,0.7439613526570048,0.8120567375886525,0.8996364785838471,0.8928499572456114,0.8304831132207936,0.6006548005428922,77,19,152,34,282,0,6.792448219959624
task2_fold2_seed42_replay_relation_cl6_r20_kd0.5_z0.1_a0.1_e8,replay_relation,2,2,42,3,probe,3,0.9894736842105263,0.5280898876404494,0.6886446886446886,0.9106203995793901,0.9687195662601568,0.971962658157167,0.9069657641646832,0.6852415970503223,94,1,772,84,951,0,75.82847191591281
task2_fold2_seed42_replay_relation_cl6_r20_kd0.5_z0.1_a0.1_e8,replay_relation,2,2,42,3,outer_test,0,0.8203342618384402,0.5121739130434783,0.6306209850107066,0.8221191028615623,0.91075724504915,0.9150076086749196,0.8009475176033529,0.5466877738064644,589,129,2600,561,3879,0,194.45375036506448
task2_fold2_seed42_replay_supcon_t0.07_l0.2_r10_e8,replay,2,2,42,1,probe,1,0.6521739130434783,0.8888888888888888,0.7523510971786834,0.8154205607476636,0.8932625458222728,0.8811413660581711,0.7635599350399755,0.6293163290177788,120,64,229,15,428,0,16.333822775050066
task2_fold2_seed42_replay_supcon_t0.07_l0.2_r10_e8,replay,2,2,42,1,outer_test,0,0.6581967213114754,0.6982608695652174,0.6776371308016877,0.803042021139469,0.8592285755253557,0.8857029951070141,0.7247406631604248,0.5365035957767235,803,417,2312,347,3879,0,195.90943219908513
task2_fold2_seed42_replay_supcon_t0.07_l0.2_r10_e8,replay,2,2,42,2,probe,1,0.91,0.674074074074074,0.774468085106383,0.8761682242990654,0.9635949943117178,0.9587027251288323,0.9186284230308001,0.7065063015648937,91,9,284,44,428,0,16.20227370597422
task2_fold2_seed42_replay_supcon_t0.07_l0.2_r10_e8,replay,2,2,42,2,probe,2,0.8777777777777778,0.7117117117117117,0.7860696517412935,0.8475177304964538,0.9298245614035088,0.9125672752879633,0.8871131669807647,0.6784999016230344,79,11,160,32,282,0,6.784677800023928
task2_fold2_seed42_replay_supcon_t0.07_l0.2_r10_e8,replay,2,2,42,2,outer_test,0,0.8920118343195266,0.5243478260869565,0.660460021905805,0.840164990977056,0.9227721573438272,0.9244832119009153,0.8463031002141821,0.5990700182163201,603,73,2656,547,3879,0,195.02759928500745
task2_fold2_seed42_replay_supcon_t0.07_l0.2_r10_e8,replay,2,2,42,3,probe,1,0.865979381443299,0.6222222222222222,0.7241379310344828,0.8504672897196262,0.9422323347238022,0.935856843392436,0.8980283872442804,0.6413848093881488,84,13,280,51,428,0,16.37903018994257
task2_fold2_seed42_replay_supcon_t0.07_l0.2_r10_e8,replay,2,2,42,3,probe,2,0.8,0.5765765765765766,0.6701570680628273,0.776595744680851,0.8879405721510985,0.849642875106886,0.8303100179218232,0.5234731151338904,64,16,155,47,282,0,6.93726702593267
task2_fold2_seed42_replay_supcon_t0.07_l0.2_r10_e8,replay,2,2,42,3,probe,3,1.0,0.550561797752809,0.7101449275362319,0.9158780231335436,0.9587554689884734,0.9706280731666596,0.9164380955078212,0.706347265273495,98,0,773,80,951,0,76.20803115004674
task2_fold2_seed42_replay_supcon_t0.07_l0.2_r10_e8,replay,2,2,42,3,outer_test,0,0.7651515151515151,0.4391304347826087,0.5580110497237569,0.7937612786800722,0.8674083515222968,0.8837990153416965,0.7429597321866005,0.4646865469571597,505,155,2574,645,3879,0,196.3613086239202
task2_fold3_seed123_ewc_cl6_l10_e8,ewc,2,3,123,1,probe,1,0.625,0.5078125,0.5603448275862069,0.7102272727272727,0.7795061383928572,0.8079158057851239,0.7140682566044374,0.3518436056134315,65,39,185,63,352,0,11.189028367167339
task2_fold3_seed123_ewc_cl6_l10_e8,ewc,2,3,123,1,outer_test,0,0.5892682926829268,0.49793899422918386,0.5397676496872207,0.7866611433305717,0.8189267034512011,0.8796778398104401,0.648044813845335,0.40460476961263697,604,421,3194,609,4828,0,228.2883143471554
task2_fold3_seed123_ewc_cl6_l10_e8,ewc,2,3,123,2,probe,1,0.8596491228070176,0.765625,0.8099173553719008,0.8693181818181818,0.9373604910714286,0.9312532283057853,0.9046987484428609,0.7136256717471652,98,16,208,30,352,0,11.213836634997278
task2_fold3_seed123_ewc_cl6_l10_e8,ewc,2,3,123,2,probe,2,0.7951807228915663,0.6407766990291263,0.7096774193548387,0.8036363636363636,0.8908895913298712,0.8857520661157023,0.8318015090334817,0.5714049171749181,66,17,155,37,275,0,5.107982749119401
task2_fold3_seed123_ewc_cl6_l10_e8,ewc,2,3,123,2,outer_test,0,0.7834224598930482,0.4830997526793075,0.5976542580316165,0.8365782932891467,0.8397304900005588,0.8938397184608701,0.68737160741455,0.5253657293644239,586,162,3453,627,4828,0,229.09774921904318
task2_fold3_seed123_ewc_cl6_l10_e8,ewc,2,3,123,3,probe,1,0.9148936170212766,0.671875,0.7747747747747747,0.8579545454545454,0.9139927455357142,0.9155636621900827,0.8982935686588605,0.6917068240143855,86,8,216,42,352,0,11.118569017853588
task2_fold3_seed123_ewc_cl6_l10_e8,ewc,2,3,123,3,probe,2,0.9482758620689655,0.5339805825242718,0.6832298136645962,0.8145454545454546,0.9502709415217883,0.9012099173553719,0.9285462041409613,0.6128325944156953,55,3,169,48,275,0,5.086852012900636
task2_fold3_seed123_ewc_cl6_l10_e8,ewc,2,3,123,3,probe,3,0.7966101694915254,0.562874251497006,0.6596491228070176,0.8983228511530398,0.9323665248917666,0.965640643610265,0.7699795613609922,0.6145003432129265,94,24,763,73,954,0,55.595652061048895
task2_fold3_seed123_ewc_cl6_l10_e8,ewc,2,3,123,3,outer_test,0,0.8590852904820766,0.572959604286892,0.6874381800197824,0.8690969345484673,0.9244147370749567,0.9365559677083898,0.7970712255679074,0.6287660133801378,695,114,3501,518,4828,0,228.18019427196123
task2_fold3_seed123_naive_cl6_e8,naive,2,3,123,1,probe,1,0.625,0.5078125,0.5603448275862069,0.7102272727272727,0.7795061383928572,0.8079158057851239,0.7140682566044374,0.3518436056134315,65,39,185,63,352,0,11.13495338987559
task2_fold3_seed123_naive_cl6_e8,naive,2,3,123,1,outer_test,0,0.5892682926829268,0.49793899422918386,0.5397676496872207,0.7866611433305717,0.8189267034512011,0.8796778398104401,0.648044813845335,0.40460476961263697,604,421,3194,609,4828,0,228.69722853484564
task2_fold3_seed123_naive_cl6_e8,naive,2,3,123,2,probe,1,0.8867924528301887,0.3671875,0.5193370165745856,0.7528409090909091,0.9268973214285714,0.879543840392562,0.8669112929760587,0.4578753827523249,47,6,218,81,352,0,11.20431251404807
task2_fold3_seed123_naive_cl6_e8,naive,2,3,123,2,probe,2,0.85,0.3300970873786408,0.4755244755244755,0.7272727272727273,0.8735041770151275,0.8432132231404958,0.8118396574193067,0.40527977026188866,34,6,166,69,275,0,5.133653902914375
task2_fold3_seed123_naive_cl6_e8,naive,2,3,123,2,outer_test,0,0.8355263157894737,0.31409727947238253,0.45656081485919714,0.8121375310687655,0.8560919681778428,0.8936003319492961,0.7058358111952202,0.435059569171062,381,75,3540,832,4828,0,228.51627905713394
task2_fold3_seed123_naive_cl6_e8,naive,2,3,123,3,probe,1,0.9484536082474226,0.71875,0.8177777777777778,0.8835227272727273,0.9324428013392857,0.926338132747934,0.9213764410613354,0.749807217707948,92,5,219,36,352,0,11.18861958803609
task2_fold3_seed123_naive_cl6_e8,naive,2,3,123,3,probe,2,0.9696969696969697,0.6213592233009708,0.757396449704142,0.850909090909091,0.9712689094603748,0.9222876033057851,0.9441800227630099,0.6909971025395222,64,2,170,39,275,0,5.086479435907677
task2_fold3_seed123_naive_cl6_e8,naive,2,3,123,3,probe,3,0.9009009009009009,0.5988023952095808,0.7194244604316546,0.9182389937106918,0.9268198038484657,0.9655868043194493,0.808809692847253,0.6931008839438294,100,11,776,67,954,0,55.74432346201502
task2_fold3_seed123_naive_cl6_e8,naive,2,3,123,3,outer_test,0,0.9011703511053316,0.5713107996702391,0.6992936427850656,0.8765534382767192,0.9353625260690149,0.9445616017857719,0.8562581506820066,0.6522308473387177,693,76,3539,520,4828,0,229.22762590507045
task2_fold3_seed123_replay_cl6_r10_e8,replay,2,3,123,1,probe,1,0.625,0.5078125,0.5603448275862069,0.7102272727272727,0.7795061383928572,0.8079158057851239,0.7140682566044374,0.3518436056134315,65,39,185,63,352,0,11.20146215800196
task2_fold3_seed123_replay_cl6_r10_e8,replay,2,3,123,1,outer_test,0,0.5892682926829268,0.49793899422918386,0.5397676496872207,0.7866611433305717,0.8189267034512011,0.8796778398104401,0.648044813845335,0.40460476961263697,604,421,3194,609,4828,0,228.55430150497705
task2_fold3_seed123_replay_cl6_r10_e8,replay,2,3,123,2,probe,1,0.7763157894736842,0.4609375,0.5784313725490197,0.7556818181818182,0.8764997209821428,0.8624903150826446,0.7921884584064887,0.4501722727889513,59,17,207,69,352,0,11.21369116101414
task2_fold3_seed123_replay_cl6_r10_e8,replay,2,3,123,2,probe,2,0.7627118644067796,0.4368932038834951,0.5555555555555556,0.7381818181818182,0.8630051930458342,0.8410842975206612,0.784245311423285,0.4191475568835205,45,14,158,58,275,0,5.152020468143746
task2_fold3_seed123_replay_cl6_r10_e8,replay,2,3,123,2,outer_test,0,0.7725988700564972,0.45094806265457543,0.5694950546590317,0.8287075393537697,0.8793189045825593,0.9118180101369463,0.7174876285298107,0.4982934821167102,547,161,3454,666,4828,0,228.80499743507244
task2_fold3_seed123_replay_cl6_r10_e8,replay,2,3,123,3,probe,1,0.8852459016393442,0.84375,0.864,0.9034090909090909,0.9571707589285714,0.959113507231405,0.9397564272852226,0.7897237352688864,108,14,210,20,352,0,11.169836642919108
task2_fold3_seed123_replay_cl6_r10_e8,replay,2,3,123,3,probe,2,0.9245283018867925,0.9514563106796117,0.937799043062201,0.9527272727272728,0.9901783698351773,0.9930049586776859,0.9812056622052574,0.8999296969989556,98,8,164,5,275,0,5.15941022709012
task2_fold3_seed123_replay_cl6_r10_e8,replay,2,3,123,3,probe,3,0.5789473684210527,0.6586826347305389,0.6162464985994398,0.8563941299790356,0.9105829002731513,0.948601057447622,0.752610172332941,0.5300310663283718,110,80,707,57,954,0,56.055542843881994
task2_fold3_seed123_replay_cl6_r10_e8,replay,2,3,123,3,outer_test,0,0.8512486427795874,0.6463314097279472,0.7347703842549204,0.8827671913835957,0.9261490606032619,0.9465483167781974,0.8404575827683566,0.6716551280483019,784,137,3478,429,4828,0,229.1197653990239
task2_fold3_seed123_replay_r10_e8,replay,2,3,123,1,probe,1,0.5981308411214953,0.5,0.5446808510638298,0.6960227272727273,0.7882254464285715,0.8121852401859505,0.7194451165823033,0.3221477744420531,64,43,181,64,352,0,11.127727000974119
task2_fold3_seed123_replay_r10_e8,replay,2,3,123,1,outer_test,0,0.5857933579335793,0.5234954657873042,0.5528950805398346,0.7872825186412593,0.8224088054832446,0.8782529323560643,0.6543782076382259,0.4150412418263763,635,449,3166,578,4828,0,229.46576027700212
task2_fold3_seed123_replay_r10_e8,replay,2,3,123,2,probe,1,0.8686868686868687,0.671875,0.7577092511013216,0.84375,0.9291294642857142,0.9245948476239668,0.8908804028084929,0.6567586718659172,86,13,211,42,352,0,11.085952715948224
task2_fold3_seed123_replay_r10_e8,replay,2,3,123,2,probe,2,0.7808219178082192,0.5533980582524272,0.6477272727272727,0.7745454545454545,0.9094603748024384,0.885090909090909,0.8581031586961851,0.5046116426052006,57,16,156,46,275,0,5.040202082018368
task2_fold3_seed123_replay_r10_e8,replay,2,3,123,2,outer_test,0,0.7895424836601307,0.49793899422918386,0.6107178968655207,0.8405136702568351,0.8771556181934073,0.9110662592691489,0.7274897280009396,0.5385353065123436,604,161,3454,609,4828,0,227.1668026150437
task2_fold3_seed123_replay_r10_e8,replay,2,3,123,3,probe,1,0.8571428571428571,0.84375,0.8503937007874016,0.8920454545454546,0.9485212053571428,0.9501226756198347,0.9362148003491881,0.766015564255215,108,18,206,20,352,0,11.014796936069615
task2_fold3_seed123_replay_r10_e8,replay,2,3,123,3,probe,2,0.9215686274509803,0.912621359223301,0.9170731707317074,0.9381818181818182,0.9814856626778053,0.9860495867768595,0.9598037248700573,0.8678259183869459,94,8,164,9,275,0,5.041779796010815
task2_fold3_seed123_replay_r10_e8,replay,2,3,123,3,probe,3,0.45081967213114754,0.6586826347305389,0.5352798053527981,0.79979035639413,0.8859764587724172,0.9251710770934694,0.6915865346832425,0.4254134511293451,110,134,653,57,954,0,55.38926560303662
task2_fold3_seed123_replay_r10_e8,replay,2,3,123,3,outer_test,0,0.8471953578336557,0.7221764220939819,0.7797062750333779,0.8974730737365368,0.9314252353765512,0.9513391358678902,0.8560129006685717,0.7173086043568326,876,158,3457,337,4828,0,226.73418224300258
task2_fold3_seed123_replay_relation_cl6_r10_kd0.5_z0.1_a0.1_e8,replay_relation,2,3,123,1,probe,1,0.625,0.5078125,0.5603448275862069,0.7102272727272727,0.7795061383928572,0.8079158057851239,0.7140682566044374,0.3518436056134315,65,39,185,63,352,0,11.095774051966146
task2_fold3_seed123_replay_relation_cl6_r10_kd0.5_z0.1_a0.1_e8,replay_relation,2,3,123,1,outer_test,0,0.5892682926829268,0.49793899422918386,0.5397676496872207,0.7866611433305717,0.8189267034512011,0.8796778398104401,0.648044813845335,0.40460476961263697,604,421,3194,609,4828,0,228.3338388139382
task2_fold3_seed123_replay_relation_cl6_r10_kd0.5_z0.1_a0.1_e8,replay_relation,2,3,123,2,probe,1,0.9027777777777778,0.5078125,0.65,0.8011363636363636,0.9043317522321429,0.8963713842975207,0.8543077006718506,0.5683339442811965,65,7,217,63,352,0,11.149865173036233
task2_fold3_seed123_replay_relation_cl6_r10_kd0.5_z0.1_a0.1_e8,replay_relation,2,3,123,2,probe,2,0.9054054054054054,0.6504854368932039,0.7570621468926554,0.8436363636363636,0.9663580943779634,0.9613487603305786,0.9455016699659464,0.6654993746371236,67,7,165,36,275,0,5.071129294810817
task2_fold3_seed123_replay_relation_cl6_r10_kd0.5_z0.1_a0.1_e8,replay_relation,2,3,123,2,outer_test,0,0.8283828382838284,0.41384995877988456,0.5519516217702034,0.8311930405965203,0.8833423983379685,0.9185699324363746,0.750200682544478,0.5041283823723293,502,104,3511,711,4828,0,227.84631818393245
task2_fold3_seed123_replay_relation_cl6_r10_kd0.5_z0.1_a0.1_e8,replay_relation,2,3,123,3,probe,1,0.9484536082474226,0.71875,0.8177777777777778,0.8835227272727273,0.9425920758928572,0.9441906637396694,0.9273179459456462,0.749807217707948,92,5,219,36,352,0,11.085208029020578
task2_fold3_seed123_replay_relation_cl6_r10_kd0.5_z0.1_a0.1_e8,replay_relation,2,3,123,3,probe,2,0.9560439560439561,0.8446601941747572,0.8969072164948454,0.9272727272727272,0.9888236622262362,0.9868297520661158,0.9813932747654731,0.8449095959528736,87,4,168,16,275,0,5.107552920933813
task2_fold3_seed123_replay_relation_cl6_r10_kd0.5_z0.1_a0.1_e8,replay_relation,2,3,123,3,probe,3,0.4391891891891892,0.7784431137724551,0.5615550755939525,0.7872117400419287,0.8816471250637226,0.9082040091592719,0.6616207715789442,0.4661917224513194,130,166,621,37,954,0,55.69815286807716
task2_fold3_seed123_replay_relation_cl6_r10_kd0.5_z0.1_a0.1_e8,replay_relation,2,3,123,3,outer_test,0,0.8161490683229814,0.5416323165704864,0.6511397423191279,0.8541839270919636,0.9330405165798366,0.9472990809273989,0.8306215831577645,0.5826155420404171,657,148,3467,556,4828,0,228.18545013084076
task2_fold3_seed123_replay_supcon_t0.07_l0.2_r10_e8,replay,2,3,123,1,probe,1,0.6777777777777778,0.4765625,0.5596330275229358,0.7272727272727273,0.7317592075892858,0.7799425361570247,0.7098856706457934,0.3827449532794323,61,29,195,67,352,0,11.072114934097044
task2_fold3_seed123_replay_supcon_t0.07_l0.2_r10_e8,replay,2,3,123,1,outer_test,0,0.6130820399113082,0.4558944765045342,0.5229314420803782,0.7910107705053853,0.8197683235670736,0.8807795111229785,0.5874171419438552,0.3998771176654064,553,349,3266,660,4828,0,227.43630338006187
task2_fold3_seed123_replay_supcon_t0.07_l0.2_r10_e8,replay,2,3,123,2,probe,1,0.8901098901098901,0.6328125,0.7397260273972602,0.8380681818181818,0.8890555245535715,0.8838859116735538,0.8288365161300069,0.6462352590075399,81,10,214,47,352,0,11.111770579009317
task2_fold3_seed123_replay_supcon_t0.07_l0.2_r10_e8,replay,2,3,123,2,probe,2,0.8548387096774194,0.5145631067961165,0.6424242424242425,0.7854545454545454,0.9323210657033191,0.9165487603305785,0.8830854243516952,0.5353803026040396,53,9,163,50,275,0,5.080184041988105
task2_fold3_seed123_replay_supcon_t0.07_l0.2_r10_e8,replay,2,3,123,2,outer_test,0,0.7703804347826086,0.4674361088211047,0.581836839404823,0.8311930405965203,0.8940165268147398,0.9217326443921093,0.757012436177798,0.5076172362679017,567,169,3446,646,4828,0,228.3256430219626
task2_fold3_seed123_replay_supcon_t0.07_l0.2_r10_e8,replay,2,3,123,3,probe,1,0.8928571428571429,0.78125,0.8333333333333334,0.8863636363636364,0.9501953125,0.947136492768595,0.9260465453472602,0.7515431969426297,100,12,212,28,352,0,11.042709097033367
task2_fold3_seed123_replay_supcon_t0.07_l0.2_r10_e8,replay,2,3,123,3,probe,2,0.9791666666666666,0.912621359223301,0.9447236180904522,0.96,0.9913637389930006,0.983404958677686,0.9844883359985015,0.9148340879983394,94,2,170,9,275,0,5.110060831997544
task2_fold3_seed123_replay_supcon_t0.07_l0.2_r10_e8,replay,2,3,123,3,probe,3,0.40716612377850164,0.7485029940119761,0.5274261603375527,0.7651991614255765,0.8618950155597319,0.8999753877527699,0.62921030995878,0.42074660363593325,125,182,605,42,954,0,55.70660838205367
task2_fold3_seed123_replay_supcon_t0.07_l0.2_r10_e8,replay,2,3,123,3,outer_test,0,0.8213132400430571,0.6290189612530915,0.7124183006535948,0.8724109362054681,0.9313659422644724,0.9479373377062413,0.8346160313518842,0.6415677268220195,763,166,3449,450,4828,0,228.14078931696713
task2_fold3_seed2024_ewc_cl6_l10_e8,ewc,2,3,2024,1,probe,1,0.922077922077922,0.5220588235294118,0.6666666666666666,0.7436823104693141,0.9021172298706717,0.8240169948780773,0.8984040241156548,0.5350721693408598,71,6,135,65,277,0,5.036241414025426
task2_fold3_seed2024_ewc_cl6_l10_e8,ewc,2,3,2024,1,outer_test,0,0.7305061559507524,0.4402308326463314,0.5493827160493827,0.8185584092792046,0.8704187804090997,0.9058061696853964,0.6955469034419218,0.46674823668629406,534,197,3418,679,4828,0,229.29158708592877
task2_fold3_seed2024_ewc_cl6_l10_e8,ewc,2,3,2024,2,probe,1,0.8487394957983193,0.7426470588235294,0.792156862745098,0.8086642599277978,0.8963287442636629,0.8747931029988661,0.870654262899701,0.6210738785618299,101,18,123,35,277,0,4.954093296080828
task2_fold3_seed2024_ewc_cl6_l10_e8,ewc,2,3,2024,2,probe,2,0.8045977011494253,0.7368421052631579,0.7692307692307693,0.912041884816754,0.9246990024079809,0.9620185850168581,0.8545383364810641,0.716082349342822,140,34,731,50,955,0,26.63497605267912
task2_fold3_seed2024_ewc_cl6_l10_e8,ewc,2,3,2024,2,outer_test,0,0.6690427698574338,0.5416323165704864,0.5986332574031891,0.8175227837613919,0.8525715536733793,0.8993138187279532,0.6655913083251377,0.4867458638415841,657,325,3290,556,4828,0,228.35262074321508
task2_fold3_seed2024_ewc_cl6_l10_e8,ewc,2,3,2024,3,probe,1,0.8555555555555555,0.5661764705882353,0.6814159292035398,0.740072202166065,0.9159887359198999,0.8450129677175513,0.8659480931435676,0.505935361699855,77,13,128,59,277,0,4.950766602996737
task2_fold3_seed2024_ewc_cl6_l10_e8,ewc,2,3,2024,3,probe,2,0.6082474226804123,0.6210526315789474,0.6145833333333334,0.8450261780104712,0.851124871001032,0.9220898549930101,0.7174142603725625,0.5176549182206616,118,76,689,72,955,0,26.711919547058642
task2_fold3_seed2024_ewc_cl6_l10_e8,ewc,2,3,2024,3,probe,3,0.8794326241134752,0.8051948051948052,0.8406779661016949,0.8816120906801007,0.932740099406766,0.9334746112214404,0.9222452947940374,0.7486187438512343,124,17,226,30,397,0,11.73885028110817
task2_fold3_seed2024_ewc_cl6_l10_e8,ewc,2,3,2024,3,outer_test,0,0.7473806752037253,0.5292662819455894,0.6196911196911197,0.8367854183927091,0.8868233601178565,0.920771473227493,0.7378160604645513,0.532158701993801,642,217,3398,571,4828,0,229.37654508510605
task2_fold3_seed2024_naive_cl6_e8,naive,2,3,2024,1,probe,1,0.922077922077922,0.5220588235294118,0.6666666666666666,0.7436823104693141,0.9021172298706717,0.8240169948780773,0.8984040241156548,0.5350721693408598,71,6,135,65,277,0,5.119533674791455
task2_fold3_seed2024_naive_cl6_e8,naive,2,3,2024,1,outer_test,0,0.7305061559507524,0.4402308326463314,0.5493827160493827,0.8185584092792046,0.8704187804090997,0.9058061696853964,0.6955469034419218,0.46674823668629406,534,197,3418,679,4828,0,229.66542947711423
task2_fold3_seed2024_naive_cl6_e8,naive,2,3,2024,2,probe,1,0.8403361344537815,0.7352941176470589,0.7843137254901961,0.8014440433212996,0.8924176053400084,0.8714306194528796,0.8649882054892561,0.6064857784718082,100,19,122,36,277,0,4.928404928185046
task2_fold3_seed2024_naive_cl6_e8,naive,2,3,2024,2,probe,2,0.7877094972067039,0.7421052631578947,0.7642276422764228,0.9089005235602095,0.9271689026487788,0.9618749486033826,0.8494741891812057,0.7083164206753784,141,38,727,49,955,0,26.626044431701303
task2_fold3_seed2024_naive_cl6_e8,naive,2,3,2024,2,outer_test,0,0.6670030272452069,0.5449299258037923,0.5998185117967332,0.8173156586578293,0.8503904793506036,0.8983672981894487,0.6653235437260656,0.48715440125649023,661,330,3285,552,4828,0,228.10909295035526
task2_fold3_seed2024_naive_cl6_e8,naive,2,3,2024,3,probe,1,0.8613861386138614,0.6397058823529411,0.7341772151898734,0.7725631768953068,0.9074363788068418,0.8435923835837819,0.8520957956350539,0.5612927942011168,87,14,127,49,277,0,4.987522072158754
task2_fold3_seed2024_naive_cl6_e8,naive,2,3,2024,3,probe,2,0.6595744680851063,0.6526315789473685,0.656084656084656,0.8638743455497382,0.8551358789129686,0.9273419040048244,0.7074564613411105,0.5712436492739015,124,64,701,66,955,0,26.694241505116224
task2_fold3_seed2024_naive_cl6_e8,naive,2,3,2024,3,probe,3,0.851063829787234,0.7792207792207793,0.8135593220338984,0.8614609571788413,0.9029180695847362,0.9148589230310452,0.8917009646845441,0.7054114106668278,120,21,222,34,397,0,11.716476642992347
task2_fold3_seed2024_naive_cl6_e8,naive,2,3,2024,3,outer_test,0,0.7091121495327103,0.5004122011541632,0.5867568873852103,0.8229080364540182,0.8602422579729282,0.9069541953215468,0.7067335812264799,0.49006827795936503,607,249,3366,606,4828,0,228.22921152273193
task2_fold3_seed2024_replay_cl6_r10_e8,replay,2,3,2024,1,probe,1,0.922077922077922,0.5220588235294118,0.6666666666666666,0.7436823104693141,0.9021172298706717,0.8240169948780773,0.8984040241156548,0.5350721693408598,71,6,135,65,277,0,4.920365864876658
task2_fold3_seed2024_replay_cl6_r10_e8,replay,2,3,2024,1,outer_test,0,0.7305061559507524,0.4402308326463314,0.5493827160493827,0.8185584092792046,0.8704187804090997,0.9058061696853964,0.6955469034419218,0.46674823668629406,534,197,3418,679,4828,0,227.70120423287153
task2_fold3_seed2024_replay_cl6_r10_e8,replay,2,3,2024,2,probe,1,0.8433734939759037,0.5147058823529411,0.639269406392694,0.7148014440433214,0.8695244055068836,0.7898187126119198,0.8209416270544545,0.46107684969313756,70,13,128,66,277,0,5.053573750890791
task2_fold3_seed2024_replay_cl6_r10_e8,replay,2,3,2024,2,probe,2,0.7241379310344828,0.6631578947368421,0.6923076923076923,0.8827225130890053,0.8815617475060199,0.9376047805707083,0.7392652760027477,0.620950979999484,126,48,717,64,955,0,26.797883010003716
task2_fold3_seed2024_replay_cl6_r10_e8,replay,2,3,2024,2,outer_test,0,0.722972972972973,0.44105523495465787,0.5478750640040962,0.8171085335542668,0.8651781815030577,0.9053181086372026,0.6787930665936797,0.46273977126472104,535,205,3410,678,4828,0,229.19539848295972
task2_fold3_seed2024_replay_cl6_r10_e8,replay,2,3,2024,3,probe,1,0.8987341772151899,0.5220588235294118,0.6604651162790698,0.7364620938628159,0.9157801418439717,0.8221663256395886,0.876180006406036,0.5152117294107508,71,8,133,65,277,0,4.932280623354018
task2_fold3_seed2024_replay_cl6_r10_e8,replay,2,3,2024,3,probe,2,0.6835443037974683,0.5684210526315789,0.6206896551724138,0.8617801047120419,0.8406948744410044,0.9227142896302184,0.6934223830990384,0.540469213525939,108,50,715,82,955,0,26.642306223977357
task2_fold3_seed2024_replay_cl6_r10_e8,replay,2,3,2024,3,probe,3,0.8972602739726028,0.8506493506493507,0.8733333333333333,0.9042821158690176,0.9375233819678265,0.931552132175193,0.9151981408059477,0.7972301242965458,131,15,228,23,397,0,11.7414331282489
task2_fold3_seed2024_replay_cl6_r10_e8,replay,2,3,2024,3,outer_test,0,0.7593457943925234,0.5358615004122012,0.6283228612856452,0.8407207953603977,0.902662374757554,0.9279127847155059,0.7483235572386809,0.543834517613302,650,206,3409,563,4828,0,229.29004913382232
task2_fold3_seed2024_replay_r10_e8,replay,2,3,2024,1,probe,1,0.9230769230769231,0.5294117647058824,0.6728971962616822,0.7472924187725631,0.9027430120984564,0.8258546312346049,0.8995451479931247,0.5411379511280872,72,6,135,64,277,0,4.895322169992141
task2_fold3_seed2024_replay_r10_e8,replay,2,3,2024,1,outer_test,0,0.7253044654939107,0.44187963726298435,0.5491803278688525,0.8177299088649544,0.8741859454799834,0.9075976001974124,0.7003992859001693,0.4646556874020099,536,203,3412,677,4828,0,226.92692455893848
task2_fold3_seed2024_replay_r10_e8,replay,2,3,2024,2,probe,1,0.7924528301886793,0.3088235294117647,0.4444444444444444,0.6209386281588448,0.8539319983312473,0.7544214052053331,0.7889599433640707,0.2933394376718164,42,11,130,94,277,0,4.886234536068514
task2_fold3_seed2024_replay_r10_e8,replay,2,3,2024,2,probe,2,0.8333333333333334,0.631578947368421,0.718562874251497,0.9015706806282723,0.8892810457516338,0.9455519311422385,0.776642492147321,0.6696015737514929,120,24,741,70,955,0,26.39380997500848
task2_fold3_seed2024_replay_r10_e8,replay,2,3,2024,2,outer_test,0,0.7465940054495913,0.4517724649629019,0.5629173086800205,0.8237365368682684,0.8661572020036511,0.9086262328834355,0.7063262319358907,0.48358195699627216,548,186,3429,665,4828,0,227.07214152207598
task2_fold3_seed2024_replay_r10_e8,replay,2,3,2024,3,probe,1,0.865979381443299,0.6176470588235294,0.721030042918455,0.7653429602888087,0.9083229036295369,0.8538101630413533,0.8442323162496973,0.5506644355283998,84,13,128,52,277,0,4.847442812053487
task2_fold3_seed2024_replay_r10_e8,replay,2,3,2024,3,probe,2,0.8243243243243243,0.6421052631578947,0.7218934911242604,0.9015706806282723,0.8765049879600965,0.9445322222526794,0.8084542162184033,0.670853964728579,122,26,739,68,955,0,26.30367983004544
task2_fold3_seed2024_replay_r10_e8,replay,2,3,2024,3,probe,3,0.7831325301204819,0.8441558441558441,0.8125,0.8488664987405542,0.8932980599647267,0.8985083339149414,0.8341481989067641,0.687570927294727,130,36,207,24,397,0,11.596365735982545
task2_fold3_seed2024_replay_r10_e8,replay,2,3,2024,3,outer_test,0,0.7828282828282829,0.638911788953009,0.7035860190649115,0.8647473073736537,0.9207198639907228,0.9424004735562848,0.7938734008874287,0.6224736540522351,775,215,3400,438,4828,0,226.60115385893732
task2_fold3_seed2024_replay_relation_cl6_r10_kd0.5_z0.1_a0.1_e8,replay_relation,2,3,2024,1,probe,1,0.922077922077922,0.5220588235294118,0.6666666666666666,0.7436823104693141,0.9021172298706717,0.8240169948780773,0.8984040241156548,0.5350721693408598,71,6,135,65,277,0,4.949328728951514
task2_fold3_seed2024_replay_relation_cl6_r10_kd0.5_z0.1_a0.1_e8,replay_relation,2,3,2024,1,outer_test,0,0.7305061559507524,0.4402308326463314,0.5493827160493827,0.8185584092792046,0.8704187804090997,0.9058061696853964,0.6955469034419218,0.46674823668629406,534,197,3418,679,4828,0,227.92815601825714
task2_fold3_seed2024_replay_relation_cl6_r10_kd0.5_z0.1_a0.1_e8,replay_relation,2,3,2024,2,probe,1,0.8333333333333334,0.4411764705882353,0.5769230769230769,0.6823104693140795,0.8761994159365873,0.7816210298583326,0.8042314380774521,0.40585539481927846,60,12,129,76,277,0,4.932913287077099
task2_fold3_seed2024_replay_relation_cl6_r10_kd0.5_z0.1_a0.1_e8,replay_relation,2,3,2024,2,probe,2,0.7721518987341772,0.6421052631578947,0.7011494252873564,0.8910994764397906,0.8755280357757139,0.9368833091198159,0.7543629045728352,0.639294068351456,122,36,729,68,955,0,26.527438514865935
task2_fold3_seed2024_replay_relation_cl6_r10_kd0.5_z0.1_a0.1_e8,replay_relation,2,3,2024,2,outer_test,0,0.7091172214182344,0.403957131079967,0.5147058823529411,0.8086164043082021,0.8412832853857302,0.891342762702243,0.643508803368521,0.4314449630513938,490,201,3414,723,4828,0,227.7148666428402
task2_fold3_seed2024_replay_relation_cl6_r10_kd0.5_z0.1_a0.1_e8,replay_relation,2,3,2024,3,probe,1,0.8461538461538461,0.5661764705882353,0.6784140969162996,0.7364620938628159,0.91093032957864,0.8467202752544669,0.839016669026964,0.4969496690463896,77,14,127,59,277,0,5.009717345237732
task2_fold3_seed2024_replay_relation_cl6_r10_kd0.5_z0.1_a0.1_e8,replay_relation,2,3,2024,3,probe,2,0.85,0.6263157894736842,0.7212121212121212,0.9036649214659686,0.8830959752321981,0.9446500918286231,0.8006614568995059,0.6759171864968122,119,21,744,71,955,0,26.800984397064894
task2_fold3_seed2024_replay_relation_cl6_r10_kd0.5_z0.1_a0.1_e8,replay_relation,2,3,2024,3,probe,3,0.7875,0.8181818181818182,0.802547770700637,0.8438287153652393,0.9247501469723691,0.916844850230634,0.9086901809527488,0.6737956117693105,126,34,209,28,397,0,11.735568447038531
task2_fold3_seed2024_replay_relation_cl6_r10_kd0.5_z0.1_a0.1_e8,replay_relation,2,3,2024,3,outer_test,0,0.7286821705426356,0.5424567188788129,0.6219281663516069,0.8342999171499585,0.8944619093066241,0.9228398070081387,0.727361208736455,0.5279891871671927,658,245,3370,555,4828,0,228.65644784411415
task2_fold3_seed2024_replay_supcon_t0.07_l0.2_r10_e8,replay,2,3,2024,1,probe,1,0.8970588235294118,0.4485294117647059,0.5980392156862745,0.703971119133574,0.8913746349603671,0.8009096951608909,0.8679112229429995,0.46333814008011,61,7,134,75,277,0,4.998130061081611
task2_fold3_seed2024_replay_supcon_t0.07_l0.2_r10_e8,replay,2,3,2024,1,outer_test,0,0.7722627737226277,0.4361088211046991,0.5574288724973656,0.8260149130074566,0.8830894904099091,0.9128924179856663,0.7331945134581307,0.4884554313565395,529,156,3459,684,4828,0,228.5165582000045
task2_fold3_seed2024_replay_supcon_t0.07_l0.2_r10_e8,replay,2,3,2024,2,probe,1,0.7647058823529411,0.2867647058823529,0.41711229946524064,0.6064981949458483,0.8340112640801002,0.719362952729737,0.7807087279883947,0.2601092841957496,39,12,129,97,277,0,4.9640105539001524
task2_fold3_seed2024_replay_supcon_t0.07_l0.2_r10_e8,replay,2,3,2024,2,probe,2,0.85,0.5368421052631579,0.6580645161290323,0.8890052356020942,0.8758032335741315,0.9375258353663551,0.7473226563063282,0.6182379511891952,102,18,747,88,955,0,26.660327490069903
task2_fold3_seed2024_replay_supcon_t0.07_l0.2_r10_e8,replay,2,3,2024,2,outer_test,0,0.7731397459165155,0.3511953833470734,0.48299319727891155,0.8111019055509527,0.8541745201533867,0.896490066060381,0.6854328603805221,0.43189052954558205,426,125,3490,787,4828,0,228.55718484404497
task2_fold3_seed2024_replay_supcon_t0.07_l0.2_r10_e8,replay,2,3,2024,3,probe,1,0.7083333333333334,0.25,0.3695652173913043,0.5812274368231047,0.868898623279099,0.7411669642508047,0.7839373051896416,0.19905838323776653,34,14,127,102,277,0,5.062948367092758
task2_fold3_seed2024_replay_supcon_t0.07_l0.2_r10_e8,replay,2,3,2024,3,probe,2,0.9583333333333334,0.6052631578947368,0.7419354838709677,0.9162303664921466,0.906343309253526,0.9528719059236315,0.8428953550749597,0.7211118844959084,115,5,760,75,955,0,26.723922606906854
task2_fold3_seed2024_replay_supcon_t0.07_l0.2_r10_e8,replay,2,3,2024,3,probe,3,0.9396551724137931,0.7077922077922078,0.8074074074074075,0.8690176322418136,0.9354390465501577,0.9271488303332932,0.9255561687507753,0.7275149486739586,109,7,236,45,397,0,11.76723573205527
task2_fold3_seed2024_replay_supcon_t0.07_l0.2_r10_e8,replay,2,3,2024,3,outer_test,0,0.743801652892562,0.4451772464962902,0.556988138215575,0.822079536039768,0.8988892803754622,0.9205374493169848,0.7173631317715038,0.4777617372222988,540,186,3429,673,4828,0,227.56919454003219
task2_fold3_seed42_ewc_cl6_l10_e8,ewc,2,3,42,1,probe,1,0.8428571428571429,0.686046511627907,0.7564102564102564,0.875,0.9144442073821206,0.9336911357340721,0.7923254242674305,0.6799798970629826,59,11,207,27,304,0,10.335982349934056
task2_fold3_seed42_ewc_cl6_l10_e8,ewc,2,3,42,1,outer_test,0,0.71484375,0.4525968672712284,0.5542655224634023,0.8171085335542668,0.8548139735621135,0.8993095286471007,0.6670302964020717,0.4648840724191373,549,219,3396,664,4828,0,228.750752042979
task2_fold3_seed42_ewc_cl6_l10_e8,ewc,2,3,42,2,probe,1,0.875,0.4069767441860465,0.5555555555555556,0.8157894736842105,0.9473543844676766,0.9254241689750693,0.8169975700186265,0.511709011128528,35,5,213,51,304,0,10.502001847140491
task2_fold3_seed42_ewc_cl6_l10_e8,ewc,2,3,42,2,probe,2,0.8688524590163934,0.5549738219895288,0.6773162939297125,0.8523391812865497,0.9342204475218503,0.9375683971136418,0.8561691134636604,0.6123426936165172,106,16,477,85,684,0,46.94396006595343
task2_fold3_seed42_ewc_cl6_l10_e8,ewc,2,3,42,2,outer_test,0,0.6586270871985158,0.5853256389117889,0.6198166739415103,0.8195940347970174,0.8810085302263742,0.9133255445485428,0.6460744473568063,0.5035942742527285,710,368,3247,503,4828,0,228.70704818004742
task2_fold3_seed42_ewc_cl6_l10_e8,ewc,2,3,42,3,probe,1,0.6923076923076923,0.10465116279069768,0.18181818181818182,0.7335526315789473,0.9132174098570514,0.8890560076177286,0.7251954772921377,0.19212455482844695,9,4,214,77,304,0,10.287349630147219
task2_fold3_seed42_ewc_cl6_l10_e8,ewc,2,3,42,3,probe,2,0.9285714285714286,0.4083769633507853,0.5672727272727273,0.8260233918128655,0.9384046812442254,0.9239872952361411,0.8540119789083215,0.541559971366419,78,6,487,113,684,0,46.952933254884556
task2_fold3_seed42_ewc_cl6_l10_e8,ewc,2,3,42,3,probe,3,0.6585365853658537,0.4251968503937008,0.5167464114832536,0.85383502170767,0.8535628525157759,0.9287071108588614,0.6038587425484175,0.44977498218170686,54,28,536,73,691,0,21.043608873849735
task2_fold3_seed42_ewc_cl6_l10_e8,ewc,2,3,42,3,outer_test,0,0.8623481781376519,0.3511953833470734,0.4991212653778559,0.8229080364540182,0.8880306590999534,0.9111714949524624,0.7541265214086688,0.4756832642025974,426,68,3547,787,4828,0,228.47058898815885
task2_fold3_seed42_joint_cl6_e8,joint,2,3,42,3,probe,1,0.9041095890410958,0.7674418604651163,0.8301886792452831,0.9111842105263158,0.9572221036910604,0.9628094702216067,0.8935242925258051,0.7753421277262498,66,7,211,20,304,0,10.309381385333836
task2_fold3_seed42_joint_cl6_e8,joint,2,3,42,3,probe,2,0.9380530973451328,0.5549738219895288,0.6973684210526315,0.8654970760233918,0.9407835349341036,0.9409134434526862,0.8729366664219457,0.6532802138247225,106,7,486,85,684,0,46.86505881510675
task2_fold3_seed42_joint_cl6_e8,joint,2,3,42,3,probe,3,0.7410714285714286,0.6535433070866141,0.694560669456067,0.894356005788712,0.8645222538672028,0.9390823928072529,0.7349887713693177,0.6328192518228538,83,29,535,44,691,0,20.96384315378964
task2_fold3_seed42_joint_cl6_e8,joint,2,3,42,3,outer_test,0,0.7970802919708029,0.45012366034624895,0.5753424657534246,0.8330571665285833,0.8684463722307553,0.9111342356002579,0.7422424545208142,0.5117218146885203,546,139,3476,667,4828,0,228.63944945624098
task2_fold3_seed42_naive_cl6_e8,naive,2,3,42,1,probe,1,0.8428571428571429,0.686046511627907,0.7564102564102564,0.875,0.9144442073821206,0.9336911357340721,0.7923254242674305,0.6799798970629826,59,11,207,27,304,0,10.261102373944595
task2_fold3_seed42_naive_cl6_e8,naive,2,3,42,1,outer_test,0,0.71484375,0.4525968672712284,0.5542655224634023,0.8171085335542668,0.8548139735621135,0.8993095286471007,0.6670302964020717,0.4648840724191373,549,219,3396,664,4828,0,227.07993112993427
task2_fold3_seed42_naive_cl6_e8,naive,2,3,42,2,probe,1,0.8297872340425532,0.45348837209302323,0.5864661654135338,0.819078947368421,0.9465009601024109,0.9246126211911359,0.8246147184153783,0.5192547091084274,39,8,210,47,304,0,10.207622759975493
task2_fold3_seed42_naive_cl6_e8,naive,2,3,42,2,probe,2,0.8939393939393939,0.6178010471204188,0.7306501547987616,0.8728070175438597,0.9431623886239818,0.9431801665469717,0.8753193758139012,0.670033219996554,118,14,479,73,684,0,46.72686256212182
task2_fold3_seed42_naive_cl6_e8,naive,2,3,42,2,outer_test,0,0.6634361233480176,0.6207749381698269,0.641396933560477,0.8256006628003314,0.8689870798028276,0.9083021172750231,0.6112120522431437,0.5268560748535661,753,382,3233,460,4828,0,227.480998568004
task2_fold3_seed42_naive_cl6_e8,naive,2,3,42,3,probe,1,0.7142857142857143,0.11627906976744186,0.2,0.7368421052631579,0.9190847023682526,0.892053324099723,0.738976861917532,0.2104418871251165,10,4,214,76,304,0,10.230138058075681
task2_fold3_seed42_naive_cl6_e8,naive,2,3,42,3,probe,2,0.9210526315789473,0.36649214659685864,0.5243445692883895,0.814327485380117,0.93976402620987,0.9246242433569303,0.8569997513379604,0.5058006504272848,70,6,487,121,684,0,46.96433641505428
task2_fold3_seed42_naive_cl6_e8,naive,2,3,42,3,probe,3,0.40625,0.4094488188976378,0.40784313725490196,0.7814761215629522,0.747514938292288,0.8750840347574039,0.4558141438626795,0.27386480217317744,52,76,488,75,691,0,20.8155022689607
task2_fold3_seed42_naive_cl6_e8,naive,2,3,42,3,outer_test,0,0.862144420131291,0.32481450948062657,0.4718562874251497,0.8173156586578293,0.9017173337711901,0.916027308767072,0.7622781756970384,0.4554300880679021,394,63,3552,819,4828,0,227.26583184301853
task2_fold3_seed42_replay_cl6_r10_e8,replay,2,3,42,1,probe,1,0.8428571428571429,0.686046511627907,0.7564102564102564,0.875,0.9144442073821206,0.9336911357340721,0.7923254242674305,0.6799798970629826,59,11,207,27,304,0,10.30414502415806
task2_fold3_seed42_replay_cl6_r10_e8,replay,2,3,42,1,outer_test,0,0.71484375,0.4525968672712284,0.5542655224634023,0.8171085335542668,0.8548139735621135,0.8993095286471007,0.6670302964020717,0.4648840724191373,549,219,3396,664,4828,0,228.93106831796467
task2_fold3_seed42_replay_cl6_r10_e8,replay,2,3,42,2,probe,1,0.9285714285714286,0.45348837209302323,0.609375,0.8355263157894737,0.9441540430979305,0.9314404432132963,0.8626776359404726,0.5739647483727853,39,3,215,47,304,0,10.536380660953
task2_fold3_seed42_replay_cl6_r10_e8,replay,2,3,42,2,probe,2,0.9035087719298246,0.5392670157068062,0.6754098360655738,0.8552631578947368,0.9446810318277881,0.9350633528265108,0.8651589179646091,0.6223041964157141,103,11,482,88,684,0,46.9218035209924
task2_fold3_seed42_replay_cl6_r10_e8,replay,2,3,42,2,outer_test,0,0.6833890746934225,0.505358615004122,0.581042654028436,0.8169014084507042,0.880133728772781,0.9126522807099433,0.666099006002156,0.475946604629372,613,284,3331,600,4828,0,228.0316926969681
task2_fold3_seed42_replay_cl6_r10_e8,replay,2,3,42,3,probe,1,0.6666666666666666,0.13953488372093023,0.23076923076923078,0.7368421052631579,0.8892148495839556,0.8811677631578947,0.6910585997159364,0.21375808652867,12,6,212,74,304,0,10.462649838998914
task2_fold3_seed42_replay_cl6_r10_e8,replay,2,3,42,3,probe,2,0.8842105263157894,0.4397905759162304,0.5874125874125874,0.827485380116959,0.9404755583403248,0.9292346362983483,0.8551487160360567,0.5415698746765385,84,11,482,107,684,0,47.023324080975726
task2_fold3_seed42_replay_cl6_r10_e8,replay,2,3,42,3,probe,3,0.7254901960784313,0.5826771653543307,0.6462882096069869,0.8827785817655571,0.8799072988216898,0.9443349578307829,0.7353917179667451,0.5820184852445491,74,28,536,53,691,0,21.0985660769511
task2_fold3_seed42_replay_cl6_r10_e8,replay,2,3,42,3,outer_test,0,0.8120063191153238,0.4237427864798021,0.5568797399783315,0.8305716652858326,0.8971919010169909,0.9199887694263441,0.7635874044735619,0.5022250531235959,514,119,3496,699,4828,0,230.065094984835
task2_fold3_seed42_replay_kd_cl6_r10_kd0.5_e8,replay_kd,2,3,42,1,probe,1,0.8428571428571429,0.686046511627907,0.7564102564102564,0.875,0.9144442073821206,0.9336911357340721,0.7923254242674305,0.6799798970629826,59,11,207,27,304,0,10.408370207063854
task2_fold3_seed42_replay_kd_cl6_r10_kd0.5_e8,replay_kd,2,3,42,1,outer_test,0,0.71484375,0.4525968672712284,0.5542655224634023,0.8171085335542668,0.8548139735621135,0.8993095286471007,0.6670302964020717,0.4648840724191373,549,219,3396,664,4828,0,228.570375403855
task2_fold3_seed42_replay_kd_cl6_r10_kd0.5_e8,replay_kd,2,3,42,2,probe,1,0.8955223880597015,0.6976744186046512,0.7843137254901961,0.8914473684210527,0.9317793898015789,0.94006449099723,0.8511012772551624,0.7231958653259488,60,7,211,26,304,0,10.313107467722148
task2_fold3_seed42_replay_kd_cl6_r10_kd0.5_e8,replay_kd,2,3,42,2,probe,2,0.8661971830985915,0.643979057591623,0.7387387387387387,0.8728070175438597,0.9450314879517432,0.9400520673027599,0.8623203580899775,0.6696796196827085,123,19,474,68,684,0,46.92933339904994
task2_fold3_seed42_replay_kd_cl6_r10_kd0.5_e8,replay_kd,2,3,42,2,outer_test,0,0.7097933513027853,0.651277823577906,0.6792777300085985,0.8454846727423364,0.8904609925438911,0.9245536943087443,0.7301496333028679,0.5786795698741916,790,323,3292,423,4828,0,228.2569915461354
task2_fold3_seed42_replay_kd_cl6_r10_kd0.5_e8,replay_kd,2,3,42,3,probe,1,0.92,0.5348837209302325,0.6764705882352942,0.8552631578947368,0.9242052485598464,0.9214421745152355,0.8128183592348509,0.6275891805432523,46,4,214,40,304,0,10.304828184656799
task2_fold3_seed42_replay_kd_cl6_r10_kd0.5_e8,replay_kd,2,3,42,3,probe,2,0.8504672897196262,0.47643979057591623,0.610738255033557,0.8304093567251462,0.9429393710905557,0.9351723607263773,0.8603959482155885,0.5483136603242403,91,16,477,100,684,0,47.09092915803194
task2_fold3_seed42_replay_kd_cl6_r10_kd0.5_e8,replay_kd,2,3,42,3,probe,3,0.5604395604395604,0.8031496062992126,0.6601941747572816,0.8480463096960926,0.9051348634612164,0.9338968461572293,0.700686286943201,0.5814991047483203,102,80,484,25,691,0,21.024900183081627
task2_fold3_seed42_replay_kd_cl6_r10_kd0.5_e8,replay_kd,2,3,42,3,outer_test,0,0.8549723756906077,0.5103050288540808,0.6391326794011358,0.8552195526097763,0.8854534611784051,0.918686064925054,0.7695008853379397,0.5846430676883015,619,105,3510,594,4828,0,228.06000037491322
task2_fold3_seed42_replay_r10_e8,replay,2,3,42,1,probe,1,0.8428571428571429,0.686046511627907,0.7564102564102564,0.875,0.9134307659483678,0.9332366689750693,0.7904439934050658,0.6799798970629826,59,11,207,27,304,0,10.437014473136514
task2_fold3_seed42_replay_r10_e8,replay,2,3,42,1,outer_test,0,0.7124352331606217,0.4534212695795548,0.5541561712846348,0.8166942833471417,0.8571324482696103,0.9005026430330116,0.6684271392853313,0.46390025029517756,550,222,3393,663,4828,0,229.51248017093167
task2_fold3_seed42_replay_r10_e8,replay,2,3,42,2,probe,1,0.8939393939393939,0.686046511627907,0.7763157894736842,0.8881578947368421,0.9477810966503093,0.9520645775623269,0.8576389211202667,0.7144182685416107,59,7,211,27,304,0,10.339594214688987
task2_fold3_seed42_replay_r10_e8,replay,2,3,42,2,probe,2,0.835820895522388,0.5863874345549738,0.6892307692307692,0.8523391812865497,0.9268183893886134,0.9330755617112957,0.8428290809517524,0.6123722337427171,112,22,471,79,684,0,47.12713535921648
task2_fold3_seed42_replay_r10_e8,replay,2,3,42,2,outer_test,0,0.6644295302013423,0.6529266281945589,0.6586278586278587,0.829950289975145,0.8809442200048119,0.9153703901365207,0.6704928961480833,0.5454504669569863,792,400,3215,421,4828,0,229.5462875016965
task2_fold3_seed42_replay_r10_e8,replay,2,3,42,3,probe,1,0.8928571428571429,0.29069767441860467,0.43859649122807015,0.7894736842105263,0.9216449754640494,0.910534972299169,0.8119676484540919,0.43134389401480466,25,3,215,61,304,0,10.338831788860261
task2_fold3_seed42_replay_r10_e8,replay,2,3,42,3,probe,2,0.8666666666666667,0.3403141361256545,0.48872180451127817,0.8011695906432749,0.9389250554888864,0.9343216716254573,0.840437909701464,0.459506622102456,65,10,483,126,684,0,46.99456880474463
task2_fold3_seed42_replay_r10_e8,replay,2,3,42,3,probe,3,0.43333333333333335,0.5118110236220472,0.4693140794223827,0.7872648335745297,0.800901881945608,0.875259957987857,0.4663655689033181,0.3392554305047496,65,85,479,62,691,0,21.16368035785854
task2_fold3_seed42_replay_r10_e8,replay,2,3,42,3,outer_test,0,0.8761061946902655,0.40807914262159933,0.5568053993250843,0.8367854183927091,0.9155077713885649,0.9315657885614776,0.8048710341161691,0.5244865867016393,495,70,3545,718,4828,0,229.16689957585186
task2_fold3_seed42_replay_relation_cl6_r05_kd0.5_z0.1_a0.1_e8,replay_relation,2,3,42,1,probe,1,0.8428571428571429,0.686046511627907,0.7564102564102564,0.875,0.9144442073821206,0.9336911357340721,0.7923254242674305,0.6799798970629826,59,11,207,27,304,0,10.218008699943312
task2_fold3_seed42_replay_relation_cl6_r05_kd0.5_z0.1_a0.1_e8,replay_relation,2,3,42,1,outer_test,0,0.71484375,0.4525968672712284,0.5542655224634023,0.8171085335542668,0.8548139735621135,0.8993095286471007,0.6670302964020717,0.4648840724191373,549,219,3396,664,4828,0,226.89753686997574
task2_fold3_seed42_replay_relation_cl6_r05_kd0.5_z0.1_a0.1_e8,replay_relation,2,3,42,2,probe,1,0.8387096774193549,0.3023255813953488,0.4444444444444444,0.7861842105263158,0.9306592703221677,0.9039668455678671,0.785918461197074,0.4158396065324874,26,5,213,60,304,0,10.2114501260221
task2_fold3_seed42_replay_relation_cl6_r05_kd0.5_z0.1_a0.1_e8,replay_relation,2,3,42,2,probe,2,0.89,0.46596858638743455,0.6116838487972509,0.8347953216374269,0.949396259677368,0.9283305119523956,0.865889222092814,0.5633525800689423,89,11,482,102,684,0,46.7654269359773
task2_fold3_seed42_replay_relation_cl6_r05_kd0.5_z0.1_a0.1_e8,replay_relation,2,3,42,2,outer_test,0,0.7828125,0.41302555647155814,0.5407447382622774,0.8237365368682684,0.8750128563430517,0.9079584817987314,0.7053248014491745,0.47910380364060146,501,139,3476,712,4828,0,227.0444215791067
task2_fold3_seed42_replay_relation_cl6_r05_kd0.5_z0.1_a0.1_e8,replay_relation,2,3,42,3,probe,1,0.8235294117647058,0.16279069767441862,0.27184466019417475,0.7532894736842105,0.9330595263494772,0.8974528220221606,0.777021641768593,0.29213495184898036,14,3,215,72,304,0,10.231591999996454
task2_fold3_seed42_replay_relation_cl6_r05_kd0.5_z0.1_a0.1_e8,replay_relation,2,3,42,3,probe,2,0.891566265060241,0.387434554973822,0.5401459854014599,0.8157894736842105,0.9352824357762602,0.9182483499196333,0.8395223291971355,0.5072252010623035,74,9,484,117,684,0,46.639379612053744
task2_fold3_seed42_replay_relation_cl6_r05_kd0.5_z0.1_a0.1_e8,replay_relation,2,3,42,3,probe,3,0.9354838709677419,0.4566929133858268,0.6137566137566137,0.894356005788712,0.9042972022114257,0.9490681304596413,0.7658773174319483,0.6093225319019427,58,4,560,69,691,0,20.77850047405809
task2_fold3_seed42_replay_relation_cl6_r05_kd0.5_z0.1_a0.1_e8,replay_relation,2,3,42,3,outer_test,0,0.8743169398907104,0.3957131079967024,0.5448354143019296,0.8338856669428335,0.8838194798397718,0.9116303405500502,0.7620521913030699,0.5145617505575638,480,69,3546,733,4828,0,227.17049007094465
task2_fold3_seed42_replay_relation_cl6_r10_kd0.5_z0.1_a0.1_e8,replay_relation,2,3,42,1,probe,1,0.8428571428571429,0.686046511627907,0.7564102564102564,0.875,0.9144442073821206,0.9336911357340721,0.7923254242674305,0.6799798970629826,59,11,207,27,304,0,10.324461146024987
task2_fold3_seed42_replay_relation_cl6_r10_kd0.5_z0.1_a0.1_e8,replay_relation,2,3,42,1,outer_test,0,0.71484375,0.4525968672712284,0.5542655224634023,0.8171085335542668,0.8548139735621135,0.8993095286471007,0.6670302964020717,0.4648840724191373,549,219,3396,664,4828,0,228.60339253395796
task2_fold3_seed42_replay_relation_cl6_r10_kd0.5_z0.1_a0.1_e8,replay_relation,2,3,42,2,probe,1,0.8888888888888888,0.6511627906976745,0.7516778523489933,0.8782894736842105,0.9255920631534029,0.9394585353185595,0.8353960981745614,0.6879015654821785,56,7,211,30,304,0,10.494081751909107
task2_fold3_seed42_replay_relation_cl6_r10_kd0.5_z0.1_a0.1_e8,replay_relation,2,3,42,2,probe,2,0.8507462686567164,0.5968586387434555,0.7015384615384616,0.8581871345029239,0.9312893599396791,0.9351488492185629,0.8477667558580467,0.6287937105090956,114,20,473,77,684,0,46.711702313041314
task2_fold3_seed42_replay_relation_cl6_r10_kd0.5_z0.1_a0.1_e8,replay_relation,2,3,42,2,outer_test,0,0.7090739008419084,0.6248969497114591,0.6643295354951797,0.8413421706710853,0.8868924593984713,0.9219301168137536,0.726292249139709,0.5629122996165826,758,311,3304,455,4828,0,228.47606365405954
task2_fold3_seed42_replay_relation_cl6_r10_kd0.5_z0.1_a0.1_e8,replay_relation,2,3,42,3,probe,1,0.9347826086956522,0.5,0.6515151515151515,0.8486842105263158,0.9330595263494772,0.9281293282548476,0.8343884387484035,0.6111362926079045,43,3,215,43,304,0,10.339935324853286
task2_fold3_seed42_replay_relation_cl6_r10_kd0.5_z0.1_a0.1_e8,replay_relation,2,3,42,3,probe,2,0.8611111111111112,0.4869109947643979,0.6220735785953178,0.8347953216374269,0.9440544587576861,0.9380899251051605,0.8654504286213922,0.5616212927513078,93,15,478,98,684,0,47.203257212881
task2_fold3_seed42_replay_relation_cl6_r10_kd0.5_z0.1_a0.1_e8,replay_relation,2,3,42,3,probe,3,0.4642857142857143,0.7165354330708661,0.5634674922600619,0.7959479015918958,0.8462891606634276,0.8967016488614207,0.5543331110834255,0.4557071198910432,91,105,459,36,691,0,21.127216808032244
task2_fold3_seed42_replay_relation_cl6_r10_kd0.5_z0.1_a0.1_e8,replay_relation,2,3,42,3,outer_test,0,0.8461538461538461,0.4806265457543281,0.6130389064143007,0.8475559237779619,0.9039317034569025,0.9259880613914003,0.7826709252502269,0.559624445204054,583,106,3509,630,4828,0,229.12080480111763
task2_fold3_seed42_replay_relation_cl6_r10_kd0.5_z0.1_a0_e8,replay_relation,2,3,42,1,probe,1,0.8428571428571429,0.686046511627907,0.7564102564102564,0.875,0.9144442073821206,0.9336911357340721,0.7923254242674305,0.6799798970629826,59,11,207,27,304,0,10.308890284970403
task2_fold3_seed42_replay_relation_cl6_r10_kd0.5_z0.1_a0_e8,replay_relation,2,3,42,1,outer_test,0,0.71484375,0.4525968672712284,0.5542655224634023,0.8171085335542668,0.8548139735621135,0.8993095286471007,0.6670302964020717,0.4648840724191373,549,219,3396,664,4828,0,228.2564536142163
task2_fold3_seed42_replay_relation_cl6_r10_kd0.5_z0.1_a0_e8,replay_relation,2,3,42,2,probe,1,0.9104477611940298,0.7093023255813954,0.7973856209150327,0.8980263157894737,0.9278856411350545,0.9427912915512465,0.8393214121175723,0.7408149984449653,61,6,212,25,304,0,10.33791999425739
task2_fold3_seed42_replay_relation_cl6_r10_kd0.5_z0.1_a0_e8,replay_relation,2,3,42,2,probe,2,0.8646616541353384,0.6020942408376964,0.7098765432098766,0.8625730994152047,0.9301317927423722,0.9332700660032147,0.8480246702639249,0.6411135200364281,115,18,475,76,684,0,46.97381860623136
task2_fold3_seed42_replay_relation_cl6_r10_kd0.5_z0.1_a0_e8,replay_relation,2,3,42,2,outer_test,0,0.7179245283018868,0.6273701566364386,0.6695996480422349,0.8444490472245236,0.8865702241393663,0.9220299255447888,0.7263457907352541,0.5706910205434017,761,299,3316,452,4828,0,228.6128396950662
task2_fold3_seed42_replay_relation_cl6_r10_kd0.5_z0.1_a0_e8,replay_relation,2,3,42,3,probe,1,0.9333333333333333,0.4883720930232558,0.6412213740458015,0.8453947368421053,0.9285790484318328,0.9238335353185596,0.8278716394053164,0.6019477425176862,42,3,215,44,304,0,10.299852542113513
task2_fold3_seed42_replay_relation_cl6_r10_kd0.5_z0.1_a0_e8,replay_relation,2,3,42,3,probe,2,0.839622641509434,0.46596858638743455,0.5993265993265994,0.8260233918128655,0.9428331722651148,0.9360337368763038,0.8604627124237717,0.5349212209682924,89,17,476,102,684,0,47.043935702648014
task2_fold3_seed42_replay_relation_cl6_r10_kd0.5_z0.1_a0_e8,replay_relation,2,3,42,3,probe,3,0.4393939393939394,0.6850393700787402,0.5353846153846153,0.7814761215629522,0.8395739096442731,0.8910176530584463,0.5401737494579703,0.4182255721346157,87,111,453,40,691,0,20.960795779246837
task2_fold3_seed42_replay_relation_cl6_r10_kd0.5_z0.1_a0_e8,replay_relation,2,3,42,3,outer_test,0,0.8613569321533924,0.4814509480626546,0.6176626123744051,0.850248550124275,0.9010102634096504,0.9238090220743537,0.7796302255207191,0.568570900410793,584,94,3521,629,4828,0,228.32579875178635
task2_fold3_seed42_replay_relation_cl6_r20_kd0.5_z0.1_a0.1_e8,replay_relation,2,3,42,1,probe,1,0.8428571428571429,0.686046511627907,0.7564102564102564,0.875,0.9144442073821206,0.9336911357340721,0.7923254242674305,0.6799798970629826,59,11,207,27,304,0,10.30543915508315
task2_fold3_seed42_replay_relation_cl6_r20_kd0.5_z0.1_a0.1_e8,replay_relation,2,3,42,1,outer_test,0,0.71484375,0.4525968672712284,0.5542655224634023,0.8171085335542668,0.8548139735621135,0.8993095286471007,0.6670302964020717,0.4648840724191373,549,219,3396,664,4828,0,228.4304423049325
task2_fold3_seed42_replay_relation_cl6_r20_kd0.5_z0.1_a0.1_e8,replay_relation,2,3,42,2,probe,1,0.8571428571428571,0.627906976744186,0.7248322147651006,0.8651315789473685,0.9421271602304245,0.9472710353185595,0.8548775701468814,0.6518646749244357,54,9,209,32,304,0,10.297988614998758
task2_fold3_seed42_replay_relation_cl6_r20_kd0.5_z0.1_a0.1_e8,replay_relation,2,3,42,2,probe,2,0.8548387096774194,0.5549738219895288,0.6730158730158731,0.8494152046783626,0.9101239340292897,0.9231024075784002,0.8197379646363816,0.6037439276642944,106,18,475,85,684,0,46.845412282971665
task2_fold3_seed42_replay_relation_cl6_r20_kd0.5_z0.1_a0.1_e8,replay_relation,2,3,42,2,outer_test,0,0.7236533957845434,0.5094806265457543,0.5979680696661829,0.8278790389395194,0.8841736421592271,0.9182139844280361,0.7138974686710724,0.5049139729003661,618,236,3379,595,4828,0,227.3984053110471
task2_fold3_seed42_replay_relation_cl6_r20_kd0.5_z0.1_a0.1_e8,replay_relation,2,3,42,3,probe,1,0.9122807017543859,0.6046511627906976,0.7272727272727273,0.8717105263157895,0.93764668231278,0.9393286876731302,0.8645231993185309,0.6712775398665294,52,5,213,34,304,0,10.305235376930796
task2_fold3_seed42_replay_relation_cl6_r20_kd0.5_z0.1_a0.1_e8,replay_relation,2,3,42,3,probe,2,0.8518518518518519,0.4816753926701571,0.6153846153846154,0.8318713450292398,0.9296432781453438,0.9297882254368866,0.8422769507025618,0.5526842705048465,92,16,477,99,684,0,46.66798292007297
task2_fold3_seed42_replay_relation_cl6_r20_kd0.5_z0.1_a0.1_e8,replay_relation,2,3,42,3,probe,3,0.7377049180327869,0.7086614173228346,0.7228915662650602,0.9001447178002895,0.9080108337521638,0.954932238141413,0.7974731449081649,0.6622198877171632,90,32,532,37,691,0,20.942117511993274
task2_fold3_seed42_replay_relation_cl6_r20_kd0.5_z0.1_a0.1_e8,replay_relation,2,3,42,3,outer_test,0,0.8022528160200251,0.528441879637263,0.6371769383697813,0.8487986743993372,0.8979321527162516,0.9254517798344235,0.7719018725766276,0.5657401462596574,641,158,3457,572,4828,0,227.51325018692296
task2_fold3_seed42_replay_supcon_t0.07_l0.2_r10_e8,replay,2,3,42,1,probe,1,0.875,0.7325581395348837,0.7974683544303798,0.8947368421052632,0.9279923191807125,0.9455938365650971,0.8710711847127635,0.7323476434930781,63,9,209,23,304,0,10.45086311607156
task2_fold3_seed42_replay_supcon_t0.07_l0.2_r10_e8,replay,2,3,42,1,outer_test,0,0.7007963594994312,0.5078318219291014,0.5889101338432122,0.8218724109362054,0.8303364085933962,0.8928195586845308,0.6674247731443753,0.48900699242172063,616,263,3352,597,4828,0,228.7997761099832
task2_fold3_seed42_replay_supcon_t0.07_l0.2_r10_e8,replay,2,3,42,2,probe,1,0.8214285714285714,0.5348837209302325,0.647887323943662,0.8355263157894737,0.9221250266695115,0.9203168282548477,0.7833030130855736,0.5681686649438498,46,10,208,40,304,0,10.281790729961358
task2_fold3_seed42_replay_supcon_t0.07_l0.2_r10_e8,replay,2,3,42,2,probe,2,0.8306451612903226,0.5392670157068062,0.653968253968254,0.8406432748538012,0.9177383898134087,0.9240129441537567,0.8122791181356832,0.5783673905981918,103,21,472,88,684,0,47.04946717701387
task2_fold3_seed42_replay_supcon_t0.07_l0.2_r10_e8,replay,2,3,42,2,outer_test,0,0.6683070866141733,0.5597691673536686,0.6092418124719605,0.8195940347970174,0.8691455748524229,0.9093952298762603,0.6992166374273753,0.49642788935718807,679,337,3278,534,4828,0,227.41024880902842
task2_fold3_seed42_replay_supcon_t0.07_l0.2_r10_e8,replay,2,3,42,3,probe,1,0.8333333333333334,0.5232558139534884,0.6428571428571429,0.8355263157894737,0.9488478771068914,0.9363746537396122,0.8353187141310928,0.5679784596413838,45,9,209,41,304,0,10.266768365050666
task2_fold3_seed42_replay_supcon_t0.07_l0.2_r10_e8,replay,2,3,42,3,probe,2,0.8585858585858586,0.44502617801047123,0.5862068965517241,0.8245614035087719,0.9260325180803501,0.9269390581717452,0.827427438589985,0.531243592414707,85,14,479,106,684,0,46.805693082977086
task2_fold3_seed42_replay_supcon_t0.07_l0.2_r10_e8,replay,2,3,42,3,probe,3,0.5447154471544715,0.5275590551181102,0.536,0.8321273516642547,0.7945216954263696,0.900435828860206,0.5518444536151982,0.4336412554107296,67,56,508,60,691,0,20.91063596191816
task2_fold3_seed42_replay_supcon_t0.07_l0.2_r10_e8,replay,2,3,42,3,outer_test,0,0.7951153324287653,0.4830997526793075,0.601025641025641,0.8388566694283347,0.8685697475139652,0.9087725246405084,0.7450856331172035,0.5322294228716938,586,151,3464,627,4828,0,227.7539369839942
task2_fold4_seed123_ewc_cl6_l10_e8,ewc,2,4,123,1,probe,1,0.2872340425531915,0.25961538461538464,0.2727272727272727,0.6546762589928058,0.5368333742934381,0.7193381985059434,0.2616090690266053,0.047172307907048266,27,67,246,77,417,0,38.452905712649226
task2_fold4_seed123_ewc_cl6_l10_e8,ewc,2,4,123,1,outer_test,0,0.8063754427390791,0.4505277044854881,0.5780787134997885,0.821101740534721,0.8832336760529214,0.9042912289325031,0.7536196846764147,0.5083435024350812,683,164,3893,833,5573,0,254.07271765824407
task2_fold4_seed123_ewc_cl6_l10_e8,ewc,2,4,123,2,probe,1,0.2708333333333333,0.25,0.26,0.645083932853717,0.6289936102236422,0.7495298725048738,0.2907389347519312,0.02709008181824654,26,70,243,78,417,0,38.64771838719025
task2_fold4_seed123_ewc_cl6_l10_e8,ewc,2,4,123,2,probe,2,0.925,0.5401459854014599,0.6820276497695853,0.8980797636632201,0.9676128683427954,0.9715291853668435,0.871944179816661,0.658429539065543,74,6,534,63,677,0,28.344092684797943
task2_fold4_seed123_ewc_cl6_l10_e8,ewc,2,4,123,2,outer_test,0,0.8785425101214575,0.42941952506596304,0.5768719539211342,0.8286380764399784,0.9004912191248327,0.9115998803412766,0.7962792124074171,0.5337345571345213,651,90,3967,865,5573,0,254.6851159101352
task2_fold4_seed123_ewc_cl6_l10_e8,ewc,2,4,123,3,probe,1,0.3582089552238806,0.23076923076923078,0.2807017543859649,0.7050359712230215,0.7695072499385599,0.840901379615732,0.40222635656085126,0.11003055958348144,24,43,270,80,417,0,38.58755226386711
task2_fold4_seed123_ewc_cl6_l10_e8,ewc,2,4,123,3,probe,2,0.7692307692307693,0.36496350364963503,0.49504950495049505,0.8493353028064993,0.9293052176263855,0.9461391271335655,0.7587083040234253,0.4598264567569728,50,15,525,87,677,0,28.26496029412374
task2_fold4_seed123_ewc_cl6_l10_e8,ewc,2,4,123,3,probe,3,0.7083333333333334,0.5204081632653061,0.6,0.7518248175182481,0.847982374768089,0.8496190526932708,0.7071951465310806,0.4367865463240888,51,21,155,47,274,0,6.496469471137971
task2_fold4_seed123_ewc_cl6_l10_e8,ewc,2,4,123,3,outer_test,0,0.9048275862068965,0.43271767810026385,0.5854529228023204,0.8333034272384712,0.8995455914172905,0.910208804214805,0.8059827780288467,0.5499108719815528,656,69,3988,860,5573,0,254.484288233798
task2_fold4_seed123_naive_cl6_e8,naive,2,4,123,1,probe,1,0.2872340425531915,0.25961538461538464,0.2727272727272727,0.6546762589928058,0.5368333742934381,0.7193381985059434,0.2616090690266053,0.047172307907048266,27,67,246,77,417,0,38.42639321088791
task2_fold4_seed123_naive_cl6_e8,naive,2,4,123,1,outer_test,0,0.8063754427390791,0.4505277044854881,0.5780787134997885,0.821101740534721,0.8832336760529214,0.9042912289325031,0.7536196846764147,0.5083435024350812,683,164,3893,833,5573,0,253.97575560724363
task2_fold4_seed123_naive_cl6_e8,naive,2,4,123,2,probe,1,0.3511450381679389,0.4423076923076923,0.39148936170212767,0.657074340527578,0.6568260014745638,0.7415650213642037,0.4058270449375504,0.15915161119584126,46,85,228,58,417,0,38.53955113561824
task2_fold4_seed123_naive_cl6_e8,naive,2,4,123,2,probe,2,0.7964601769911505,0.656934306569343,0.72,0.896602658788774,0.9676804541768045,0.9775008781901211,0.8676573404024968,0.6618939245948503,90,23,517,47,677,0,28.379436247982085
task2_fold4_seed123_naive_cl6_e8,naive,2,4,123,2,outer_test,0,0.84375,0.5521108179419525,0.6674641148325359,0.850349901309887,0.8963623900317572,0.9208609065864426,0.8043155623526643,0.5978595552054382,837,155,3902,679,5573,0,254.32001541554928
task2_fold4_seed123_naive_cl6_e8,naive,2,4,123,3,probe,1,0.3974358974358974,0.2980769230769231,0.34065934065934067,0.7122302158273381,0.756727697222905,0.8354007441528792,0.39131703841533816,0.16411954436487758,31,47,266,73,417,0,38.64578711101785
task2_fold4_seed123_naive_cl6_e8,naive,2,4,123,3,probe,2,0.7948717948717948,0.45255474452554745,0.5767441860465117,0.8655834564254062,0.922654771559881,0.9465689493791577,0.7335454489560731,0.5321816882593733,62,16,524,75,677,0,28.317310032900423
task2_fold4_seed123_naive_cl6_e8,naive,2,4,123,3,probe,3,0.6962025316455697,0.5612244897959183,0.6214689265536724,0.7554744525547445,0.8727968460111317,0.876831477436198,0.7914937941708577,0.4495574898061598,55,24,152,43,274,0,6.5099667883478105
task2_fold4_seed123_naive_cl6_e8,naive,2,4,123,3,outer_test,0,0.9232673267326733,0.4920844327176781,0.6419965576592083,0.8507087744482326,0.9137880519223752,0.9207934367621644,0.8368042794923615,0.6026334391495276,746,62,3995,770,5573,0,254.890219185967
task2_fold4_seed123_replay_cl6_r10_e8,replay,2,4,123,1,probe,1,0.2872340425531915,0.25961538461538464,0.2727272727272727,0.6546762589928058,0.5368333742934381,0.7193381985059434,0.2616090690266053,0.047172307907048266,27,67,246,77,417,0,38.49139475217089
task2_fold4_seed123_replay_cl6_r10_e8,replay,2,4,123,1,outer_test,0,0.8063754427390791,0.4505277044854881,0.5780787134997885,0.821101740534721,0.8832336760529214,0.9042912289325031,0.7536196846764147,0.5083435024350812,683,164,3893,833,5573,0,253.95027776807547
task2_fold4_seed123_replay_cl6_r10_e8,replay,2,4,123,2,probe,1,0.3492063492063492,0.4230769230769231,0.3826086956521739,0.6594724220623501,0.6293315310887195,0.7389369080275349,0.38213253199254027,0.1517896213337103,44,82,231,60,417,0,38.47528713103384
task2_fold4_seed123_replay_cl6_r10_e8,replay,2,4,123,2,probe,2,0.8118811881188119,0.5985401459854015,0.6890756302521008,0.8906942392909897,0.943565828602325,0.9634629272858579,0.8311959690693349,0.6352831813649258,82,19,521,55,677,0,28.168216693215072
task2_fold4_seed123_replay_cl6_r10_e8,replay,2,4,123,2,outer_test,0,0.8255813953488372,0.5151715039577837,0.6344435418359058,0.8385070877444823,0.884239624922688,0.9096206367058575,0.7805019216942931,0.5624630162896957,781,165,3892,735,5573,0,253.4162929286249
task2_fold4_seed123_replay_cl6_r10_e8,replay,2,4,123,3,probe,1,0.5,0.34615384615384615,0.4090909090909091,0.750599520383693,0.7745453428360777,0.8536767708135649,0.511660326670316,0.26459653504804304,36,36,277,68,417,0,38.45605531986803
task2_fold4_seed123_replay_cl6_r10_e8,replay,2,4,123,3,probe,2,0.7974683544303798,0.45985401459854014,0.5833333333333334,0.8670605612998523,0.9275209516085429,0.949582068775923,0.7599857380219514,0.5383789216472017,63,16,524,74,677,0,28.310075249988586
task2_fold4_seed123_replay_cl6_r10_e8,replay,2,4,123,3,probe,3,0.7634408602150538,0.7244897959183674,0.743455497382199,0.8211678832116789,0.8697820037105751,0.8730486440407055,0.7127467499080304,0.6068346981232278,71,22,154,27,274,0,6.4746415531262755
task2_fold4_seed123_replay_cl6_r10_e8,replay,2,4,123,3,outer_test,0,0.8543599257884972,0.6075197889182058,0.7101002313030069,0.8650636999820563,0.9185768368037783,0.9320623624020468,0.8292971149333207,0.6408460078512527,921,157,3900,595,5573,0,253.50567744486034
task2_fold4_seed123_replay_r10_e8,replay,2,4,123,1,probe,1,0.3023255813953488,0.375,0.33476394849785407,0.6282973621103117,0.4508478741705578,0.6506794564348521,0.2252290535492685,0.08186674620555265,39,90,223,65,417,0,38.556865217979066
task2_fold4_seed123_replay_r10_e8,replay,2,4,123,1,outer_test,0,0.7944890929965557,0.45646437994722955,0.5798072894847088,0.8200251211196842,0.8737978854099531,0.9002928167835431,0.7396104612817657,0.5053129807106256,692,179,3878,824,5573,0,253.76330735103693
task2_fold4_seed123_replay_r10_e8,replay,2,4,123,2,probe,1,0.3389830508474576,0.38461538461538464,0.36036036036036034,0.6594724220623501,0.605861391005161,0.729827648672429,0.32421260209537295,0.13006970330680523,40,78,235,64,417,0,38.32460261392407
task2_fold4_seed123_replay_r10_e8,replay,2,4,123,2,probe,2,0.8850574712643678,0.5620437956204379,0.6875,0.896602658788774,0.9414571505812381,0.9608796301346848,0.8272984340786745,0.6525161686323749,77,10,530,60,677,0,28.144793414045125
task2_fold4_seed123_replay_r10_e8,replay,2,4,123,2,outer_test,0,0.8506172839506173,0.4544854881266491,0.592433361994841,0.8298941324241881,0.8748984620867675,0.9014441987526116,0.7790255435826227,0.536180685022023,689,121,3936,827,5573,0,253.89231032202952
task2_fold4_seed123_replay_r10_e8,replay,2,4,123,3,probe,1,0.4868421052631579,0.3557692307692308,0.4111111111111111,0.7458033573141487,0.7859424920127797,0.8619694172719379,0.5667561943303809,0.25907987581231434,37,39,274,67,417,0,38.33017297205515
task2_fold4_seed123_replay_r10_e8,replay,2,4,123,3,probe,2,0.7230769230769231,0.34306569343065696,0.46534653465346537,0.8404726735598228,0.9349013246823465,0.9491282463034196,0.7595484672983861,0.42238779034392765,47,18,522,90,677,0,28.20785551390145
task2_fold4_seed123_replay_r10_e8,replay,2,4,123,3,probe,3,0.7654320987654321,0.6326530612244898,0.6927374301675978,0.7992700729927007,0.892915120593692,0.8904976290692098,0.7405800471802618,0.5511350654834295,62,19,157,36,274,0,6.474986626999453
task2_fold4_seed123_replay_r10_e8,replay,2,4,123,3,outer_test,0,0.8675623800383877,0.5963060686015831,0.7068021892103206,0.8654225731204019,0.915621099854774,0.9285649752760363,0.8093218965072136,0.641774092401865,904,138,3919,612,5573,0,253.58566298603546
task2_fold4_seed123_replay_relation_cl6_r10_kd0.5_z0.1_a0.1_e8,replay_relation,2,4,123,1,probe,1,0.2872340425531915,0.25961538461538464,0.2727272727272727,0.6546762589928058,0.5368333742934381,0.7193381985059434,0.2616090690266053,0.047172307907048266,27,67,246,77,417,0,38.54629029100761
task2_fold4_seed123_replay_relation_cl6_r10_kd0.5_z0.1_a0.1_e8,replay_relation,2,4,123,1,outer_test,0,0.8063754427390791,0.4505277044854881,0.5780787134997885,0.821101740534721,0.8832336760529214,0.9042912289325031,0.7536196846764147,0.5083435024350812,683,164,3893,833,5573,0,254.3280056156218
task2_fold4_seed123_replay_relation_cl6_r10_kd0.5_z0.1_a0.1_e8,replay_relation,2,4,123,2,probe,1,0.3018867924528302,0.3076923076923077,0.3047619047619048,0.6498800959232613,0.6646903416072744,0.7676333753141372,0.3910793498302997,0.07082164651135958,32,74,239,72,417,0,38.48834716901183
task2_fold4_seed123_replay_relation_cl6_r10_kd0.5_z0.1_a0.1_e8,replay_relation,2,4,123,2,probe,2,0.7542372881355932,0.6496350364963503,0.6980392156862745,0.8862629246676514,0.9538659097053257,0.9685793392955715,0.8141199236191927,0.631112055567373,89,29,511,48,677,0,28.3303005611524
task2_fold4_seed123_replay_relation_cl6_r10_kd0.5_z0.1_a0.1_e8,replay_relation,2,4,123,2,outer_test,0,0.8564102564102564,0.5507915567282322,0.6704134885588118,0.8526825767091333,0.9105598129035909,0.923187705945159,0.8131236289129941,0.6047186878893474,835,140,3917,681,5573,0,254.50517868204042
task2_fold4_seed123_replay_relation_cl6_r10_kd0.5_z0.1_a0.1_e8,replay_relation,2,4,123,3,probe,1,0.41836734693877553,0.3942307692307692,0.40594059405940597,0.7122302158273381,0.7239186532317522,0.8136742404637441,0.43666852267480766,0.21645442328083045,41,57,256,63,417,0,38.480657897889614
task2_fold4_seed123_replay_relation_cl6_r10_kd0.5_z0.1_a0.1_e8,replay_relation,2,4,123,3,probe,2,0.7870370370370371,0.6204379562043796,0.6938775510204082,0.8892171344165436,0.9490267639902676,0.9652542169489603,0.7909434096729504,0.634016828805429,85,23,517,52,677,0,28.224835325032473
task2_fold4_seed123_replay_relation_cl6_r10_kd0.5_z0.1_a0.1_e8,replay_relation,2,4,123,3,probe,3,0.7294117647058823,0.6326530612244898,0.6775956284153005,0.7846715328467153,0.8954661410018553,0.9018194895838884,0.7841305049325882,0.5201251389002405,62,23,153,36,274,0,6.5010293810628355
task2_fold4_seed123_replay_relation_cl6_r10_kd0.5_z0.1_a0.1_e8,replay_relation,2,4,123,3,outer_test,0,0.8469483568075117,0.5949868073878628,0.698953893839597,0.8605777857527364,0.9160213982412885,0.9290901001145296,0.8176042555038541,0.6279558457421837,902,163,3894,614,5573,0,253.75172044802457
task2_fold4_seed123_replay_supcon_t0.07_l0.2_r10_e8,replay,2,4,123,1,probe,1,0.29411764705882354,0.2403846153846154,0.26455026455026454,0.6666666666666666,0.5050995330548046,0.7217132768605261,0.30557972173674774,0.05229521145751504,25,60,253,79,417,0,38.58081701002084
task2_fold4_seed123_replay_supcon_t0.07_l0.2_r10_e8,replay,2,4,123,1,outer_test,0,0.776566757493188,0.3759894459102902,0.5066666666666667,0.8008254082181949,0.8381412497244087,0.8806783037168548,0.6932345068894366,0.44157405791299414,570,164,3893,946,5573,0,252.83781675691716
task2_fold4_seed123_replay_supcon_t0.07_l0.2_r10_e8,replay,2,4,123,2,probe,1,0.32,0.07692307692307693,0.12403100775193798,0.7290167865707434,0.7198021626935365,0.8279994709268557,0.3863667417242669,0.04120746876132906,8,17,296,96,417,0,38.352056620060466
task2_fold4_seed123_replay_supcon_t0.07_l0.2_r10_e8,replay,2,4,123,2,probe,2,0.9,0.19708029197080293,0.32335329341317365,0.8330871491875923,0.9179507975128414,0.9365150361421598,0.7387875687742269,0.37391188452130963,27,3,537,110,677,0,28.07012837403454
task2_fold4_seed123_replay_supcon_t0.07_l0.2_r10_e8,replay,2,4,123,2,outer_test,0,0.8421052631578947,0.24274406332453827,0.3768561187916027,0.7816256953167056,0.860520238318994,0.8820720200368797,0.7181246985011278,0.37368056930893867,368,69,3988,1148,5573,0,252.1033275789814
task2_fold4_seed123_replay_supcon_t0.07_l0.2_r10_e8,replay,2,4,123,3,probe,1,0.5210084033613446,0.5961538461538461,0.5560538116591929,0.762589928057554,0.8081531088719587,0.8648160608204084,0.4580755228579414,0.3966934236883721,62,57,256,42,417,0,38.446560362004675
task2_fold4_seed123_replay_supcon_t0.07_l0.2_r10_e8,replay,2,4,123,3,probe,2,0.8865979381443299,0.6277372262773723,0.7350427350427351,0.9084194977843427,0.9620573127872398,0.9692753458759973,0.8533179734752643,0.6964795806008306,86,11,529,51,677,0,28.202353548957035
task2_fold4_seed123_replay_supcon_t0.07_l0.2_r10_e8,replay,2,4,123,3,probe,3,0.7307692307692307,0.7755102040816326,0.7524752475247525,0.8175182481751825,0.9144248608534323,0.9288987159678193,0.8252342165154521,0.6088418064392238,76,28,148,22,274,0,6.422229134012014
task2_fold4_seed123_replay_supcon_t0.07_l0.2_r10_e8,replay,2,4,123,3,outer_test,0,0.8698630136986302,0.5864116094986808,0.7005516154452325,0.863628207428674,0.9162899981334583,0.9301520213788705,0.8365472472585952,0.6366370151499243,889,133,3924,627,5573,0,252.50383105198853
task2_fold4_seed2024_ewc_cl6_l10_e8,ewc,2,4,2024,1,probe,1,0.8181818181818182,0.27607361963190186,0.41284403669724773,0.6862745098039216,0.8157756354075373,0.7867887351018839,0.7505348385558038,0.3374047890758241,45,10,235,118,408,0,9.392469923943281
task2_fold4_seed2024_ewc_cl6_l10_e8,ewc,2,4,2024,1,outer_test,0,0.8236111111111111,0.39116094986807387,0.5304114490161002,0.8115916023685628,0.868658880088033,0.8958003181690811,0.7398972264378632,0.4774310968257075,593,127,3930,923,5573,0,255.13785101100802
task2_fold4_seed2024_ewc_cl6_l10_e8,ewc,2,4,2024,2,probe,1,0.8048780487804879,0.4049079754601227,0.5387755102040817,0.7230392156862745,0.8251658945786904,0.8160022587466359,0.7901114388505375,0.4150793896243216,66,16,229,97,408,0,9.320659922901541
task2_fold4_seed2024_ewc_cl6_l10_e8,ewc,2,4,2024,2,probe,2,0.8653846153846154,0.5732484076433121,0.6896551724137931,0.7879581151832461,0.9192639773531494,0.8910734354869658,0.8685044395953556,0.5648656581774442,90,14,211,67,382,0,6.9146521729417145
task2_fold4_seed2024_ewc_cl6_l10_e8,ewc,2,4,2024,2,outer_test,0,0.8484162895927602,0.4947229551451187,0.625,0.8385070877444823,0.8903423055235974,0.9148890302501465,0.7992657034960823,0.5623927737893404,750,134,3923,766,5573,0,254.2244775700383
task2_fold4_seed2024_ewc_cl6_l10_e8,ewc,2,4,2024,3,probe,1,0.8902439024390244,0.44785276073619634,0.5959183673469388,0.7573529411764706,0.8601727807687493,0.8337117935409457,0.8398139904528766,0.5024902978065265,73,9,236,90,408,0,9.364461916033179
task2_fold4_seed2024_ewc_cl6_l10_e8,ewc,2,4,2024,3,probe,2,0.9012345679012346,0.46496815286624205,0.6134453781512605,0.7591623036649214,0.9386553432413305,0.8804720265343604,0.9005861247521028,0.5168804532196443,73,8,217,84,382,0,6.97994501888752
task2_fold4_seed2024_ewc_cl6_l10_e8,ewc,2,4,2024,3,probe,3,0.8987341772151899,0.3380952380952381,0.4913494809688581,0.768503937007874,0.8531428571428571,0.8537317874635749,0.7752913438518674,0.45510709645188013,71,8,417,139,635,0,26.461559341754764
task2_fold4_seed2024_ewc_cl6_l10_e8,ewc,2,4,2024,3,outer_test,0,0.9119010819165378,0.3891820580474934,0.545538603791031,0.8236138525031401,0.8914150791849391,0.9057379423084867,0.7943301652189139,0.5211193297701917,590,57,4000,926,5573,0,255.17254732409492
task2_fold4_seed2024_naive_cl6_e8,naive,2,4,2024,1,probe,1,0.8181818181818182,0.27607361963190186,0.41284403669724773,0.6862745098039216,0.8157756354075373,0.7867887351018839,0.7505348385558038,0.3374047890758241,45,10,235,118,408,0,9.238458569161594
task2_fold4_seed2024_naive_cl6_e8,naive,2,4,2024,1,outer_test,0,0.8236111111111111,0.39116094986807387,0.5304114490161002,0.8115916023685628,0.868658880088033,0.8958003181690811,0.7398972264378632,0.4774310968257075,593,127,3930,923,5573,0,253.57726256689057
task2_fold4_seed2024_naive_cl6_e8,naive,2,4,2024,2,probe,1,0.7941176470588235,0.3312883435582822,0.4675324675324675,0.6985294117647058,0.8355077000125203,0.816254565551711,0.7931063849265588,0.36029980699446035,54,14,231,109,408,0,9.254358269739896
task2_fold4_seed2024_naive_cl6_e8,naive,2,4,2024,2,probe,2,0.87,0.554140127388535,0.6770428015564203,0.7827225130890052,0.923793347487615,0.881767221293276,0.8776077643145656,0.5555400362229816,87,13,212,70,382,0,6.897072076797485
task2_fold4_seed2024_naive_cl6_e8,naive,2,4,2024,2,outer_test,0,0.9005037783375315,0.4716358839050132,0.6190476190476191,0.8420958191279383,0.9002780626728746,0.9177002729283987,0.8141428123423955,0.5756635246010594,715,79,3978,801,5573,0,253.3171136691235
task2_fold4_seed2024_naive_cl6_e8,naive,2,4,2024,3,probe,1,0.8777777777777778,0.48466257668711654,0.6245059288537549,0.7671568627450981,0.8444722674345813,0.8207119857747021,0.8128343054886666,0.5194722034061606,79,11,234,84,408,0,9.318223988171667
task2_fold4_seed2024_naive_cl6_e8,naive,2,4,2024,3,probe,2,0.8125,0.4968152866242038,0.616600790513834,0.7460732984293194,0.9037225760792639,0.8645390751350018,0.8482550239096489,0.47278761396956287,78,18,207,79,382,0,6.88150600483641
task2_fold4_seed2024_naive_cl6_e8,naive,2,4,2024,3,probe,3,0.8623853211009175,0.44761904761904764,0.5893416927899686,0.7937007874015748,0.8772549019607843,0.8721259842519684,0.8062034214253457,0.5144433826788821,94,15,410,116,635,0,26.33597353892401
task2_fold4_seed2024_naive_cl6_e8,naive,2,4,2024,3,outer_test,0,0.8959390862944162,0.4656992084432718,0.6128472222222222,0.8399425802978647,0.90411146440271,0.9158842222323037,0.8086791568004761,0.5689620284100004,706,82,3975,810,5573,0,253.95121871493757
task2_fold4_seed2024_replay_cl6_r10_e8,replay,2,4,2024,1,probe,1,0.8181818181818182,0.27607361963190186,0.41284403669724773,0.6862745098039216,0.8157756354075373,0.7867887351018839,0.7505348385558038,0.3374047890758241,45,10,235,118,408,0,9.326526924967766
task2_fold4_seed2024_replay_cl6_r10_e8,replay,2,4,2024,1,outer_test,0,0.8236111111111111,0.39116094986807387,0.5304114490161002,0.8115916023685628,0.868658880088033,0.8958003181690811,0.7398972264378632,0.4774310968257075,593,127,3930,923,5573,0,254.53233361802995
task2_fold4_seed2024_replay_cl6_r10_e8,replay,2,4,2024,2,probe,1,0.7978723404255319,0.4601226993865031,0.5836575875486382,0.7377450980392157,0.817728809315137,0.8122897443291042,0.7797845080833337,0.44500092166374067,75,19,226,88,408,0,9.309625124093145
task2_fold4_seed2024_replay_cl6_r10_e8,replay,2,4,2024,2,probe,2,0.8503937007874016,0.6878980891719745,0.7605633802816901,0.8219895287958116,0.9217268223637651,0.9095419533455773,0.876553757708969,0.6302502828325847,108,19,206,49,382,0,6.899120914749801
task2_fold4_seed2024_replay_cl6_r10_e8,replay,2,4,2024,2,outer_test,0,0.7956349206349206,0.5290237467018469,0.6354992076069731,0.8349183563610264,0.8832608287054592,0.9124899475435397,0.7732204991824954,0.5529094137932573,802,206,3851,714,5573,0,253.75451878178865
task2_fold4_seed2024_replay_cl6_r10_e8,replay,2,4,2024,3,probe,1,0.7961165048543689,0.5030674846625767,0.6165413533834586,0.75,0.8282208588957056,0.8146746443675509,0.7304534605780671,0.47055680567280095,82,21,224,81,408,0,9.352103864774108
task2_fold4_seed2024_replay_cl6_r10_e8,replay,2,4,2024,3,probe,2,0.8524590163934426,0.6624203821656051,0.7455197132616488,0.8141361256544503,0.9206510969568295,0.8922384254817577,0.881727129559759,0.6146261882496702,104,18,207,53,382,0,6.927017593290657
task2_fold4_seed2024_replay_cl6_r10_e8,replay,2,4,2024,3,probe,3,0.8345864661654135,0.5285714285714286,0.6472303206997084,0.8094488188976378,0.8797647058823529,0.884234608469217,0.8162547239873499,0.5512756416342426,111,22,403,99,635,0,26.431760830804706
task2_fold4_seed2024_replay_cl6_r10_e8,replay,2,4,2024,3,outer_test,0,0.89618138424821,0.4953825857519789,0.6380628717077316,0.8471200430647766,0.9161007425193629,0.9219867076557788,0.8248159039458126,0.590054041842609,751,87,3970,765,5573,0,254.52018416766077
task2_fold4_seed2024_replay_r10_e8,replay,2,4,2024,1,probe,1,0.82,0.25153374233128833,0.38497652582159625,0.678921568627451,0.8128709152372605,0.7796730824682814,0.7468077970366687,0.3208356962715029,41,9,236,122,408,0,9.191105305915698
task2_fold4_seed2024_replay_r10_e8,replay,2,4,2024,1,outer_test,0,0.8372093023255814,0.3562005277044855,0.4997686256362795,0.806029068724206,0.8684917368137289,0.8935123650728279,0.7385630052974756,0.45948452861364464,540,105,3952,976,5573,0,253.08925355307292
task2_fold4_seed2024_replay_r10_e8,replay,2,4,2024,2,probe,1,0.8333333333333334,0.5214723926380368,0.6415094339622641,0.7671568627450981,0.863753599599349,0.8461709438677432,0.8320586350589066,0.5113706458120882,85,17,228,78,408,0,9.284322753897868
task2_fold4_seed2024_replay_r10_e8,replay,2,4,2024,2,probe,2,0.8484848484848485,0.7133757961783439,0.7750865051903114,0.8298429319371727,0.9304175513092712,0.9198281297113566,0.8791923542289567,0.6461114730448322,112,20,205,45,382,0,6.934675564058125
task2_fold4_seed2024_replay_r10_e8,replay,2,4,2024,2,outer_test,0,0.737719298245614,0.5547493403693932,0.6332831325301205,0.8252287816256954,0.8664954477846363,0.9012240001707754,0.7514136957454731,0.5306896734931548,841,299,3758,675,5573,0,253.43051083991304
task2_fold4_seed2024_replay_r10_e8,replay,2,4,2024,3,probe,1,0.8173076923076923,0.5214723926380368,0.6367041198501873,0.7622549019607843,0.8514586202579191,0.8377607170319108,0.8142462851759328,0.4989183038355839,85,19,226,78,408,0,9.199026391026564
task2_fold4_seed2024_replay_r10_e8,replay,2,4,2024,3,probe,2,0.8526315789473684,0.5159235668789809,0.6428571428571429,0.7643979057591623,0.9102901627742391,0.8731257366848496,0.8681913912681793,0.5164263585274415,81,14,211,76,382,0,6.8018112069694325
task2_fold4_seed2024_replay_r10_e8,replay,2,4,2024,3,probe,3,0.8625954198473282,0.5380952380952381,0.6627565982404692,0.8188976377952756,0.8818935574229692,0.8926083452166904,0.8192076227386198,0.5763803561045694,113,18,407,97,635,0,26.174901173915714
task2_fold4_seed2024_replay_r10_e8,replay,2,4,2024,3,outer_test,0,0.8915801614763552,0.5098944591029023,0.648762064624423,0.8498115916023685,0.9100716342254795,0.9244867455683143,0.8286351764352748,0.5975853158621004,773,94,3963,743,5573,0,252.53777777892537
task2_fold4_seed2024_replay_relation_cl6_r10_kd0.5_z0.1_a0.1_e8,replay_relation,2,4,2024,1,probe,1,0.8181818181818182,0.27607361963190186,0.41284403669724773,0.6862745098039216,0.8157756354075373,0.7867887351018839,0.7505348385558038,0.3374047890758241,45,10,235,118,408,0,9.340897839982063
task2_fold4_seed2024_replay_relation_cl6_r10_kd0.5_z0.1_a0.1_e8,replay_relation,2,4,2024,1,outer_test,0,0.8236111111111111,0.39116094986807387,0.5304114490161002,0.8115916023685628,0.868658880088033,0.8958003181690811,0.7398972264378632,0.4774310968257075,593,127,3930,923,5573,0,253.97610203921795
task2_fold4_seed2024_replay_relation_cl6_r10_kd0.5_z0.1_a0.1_e8,replay_relation,2,4,2024,2,probe,1,0.7444444444444445,0.4110429447852761,0.5296442687747036,0.7083333333333334,0.8276449229998748,0.8134791906958863,0.7737900447202116,0.3746518009533328,67,23,222,96,408,0,9.333020688965917
task2_fold4_seed2024_replay_relation_cl6_r10_kd0.5_z0.1_a0.1_e8,replay_relation,2,4,2024,2,probe,2,0.8557692307692307,0.5668789808917197,0.6819923371647509,0.7827225130890052,0.90895966029724,0.8834941476384968,0.8738720965600791,0.5529124850429559,89,15,210,68,382,0,6.923332464881241
task2_fold4_seed2024_replay_relation_cl6_r10_kd0.5_z0.1_a0.1_e8,replay_relation,2,4,2024,2,outer_test,0,0.8789144050104384,0.5554089709762533,0.6806790622473726,0.85824511035349,0.8970283616772341,0.9203241584568184,0.8168980341926264,0.6213592898893961,842,116,3941,674,5573,0,254.4963218118064
task2_fold4_seed2024_replay_relation_cl6_r10_kd0.5_z0.1_a0.1_e8,replay_relation,2,4,2024,3,probe,1,0.7948717948717948,0.5705521472392638,0.6642857142857143,0.7696078431372549,0.8397145361211968,0.8350634371395618,0.7797539292389388,0.511828741874772,93,24,221,70,408,0,9.305754207074642
task2_fold4_seed2024_replay_relation_cl6_r10_kd0.5_z0.1_a0.1_e8,replay_relation,2,4,2024,3,probe,2,0.8865248226950354,0.7961783439490446,0.8389261744966443,0.8743455497382199,0.9374663835810333,0.9301417176064253,0.9044397534945523,0.73926694277903,125,16,209,32,382,0,6.913679213728756
task2_fold4_seed2024_replay_relation_cl6_r10_kd0.5_z0.1_a0.1_e8,replay_relation,2,4,2024,3,probe,3,0.8682634730538922,0.6904761904761905,0.7692307692307693,0.862992125984252,0.9041456582633053,0.9084059768119537,0.8349901755514706,0.6825393200959503,145,22,403,65,635,0,26.38034004205838
task2_fold4_seed2024_replay_relation_cl6_r10_kd0.5_z0.1_a0.1_e8,replay_relation,2,4,2024,3,outer_test,0,0.8673196794300979,0.6424802110817942,0.7381583933308071,0.876009330701597,0.9215980978184877,0.9361302406191911,0.8400595995857656,0.6720138134115702,974,149,3908,542,5573,0,253.6626287829131
task2_fold4_seed2024_replay_supcon_t0.07_l0.2_r10_e8,replay,2,4,2024,1,probe,1,0.8115942028985508,0.34355828220858897,0.4827586206896552,0.7058823529411765,0.8524602479028421,0.8135572856593618,0.7899027942931807,0.37957201724482736,56,13,232,107,408,0,9.597354616038501
task2_fold4_seed2024_replay_supcon_t0.07_l0.2_r10_e8,replay,2,4,2024,1,outer_test,0,0.8165829145728644,0.4287598944591029,0.5622837370242214,0.818410191997129,0.8579618731232964,0.8921490592748889,0.7396136147529085,0.4995273334468817,650,146,3911,866,5573,0,254.19919167808257
task2_fold4_seed2024_replay_supcon_t0.07_l0.2_r10_e8,replay,2,4,2024,2,probe,1,0.8142857142857143,0.3496932515337423,0.4892703862660944,0.7083333333333334,0.8506322774508577,0.8237516820453671,0.8040330917222172,0.38537852819009744,57,13,232,106,408,0,9.275268811965361
task2_fold4_seed2024_replay_supcon_t0.07_l0.2_r10_e8,replay,2,4,2024,2,probe,2,0.9484536082474226,0.5859872611464968,0.7244094488188977,0.8167539267015707,0.9373248407643311,0.8882431950878539,0.9035878728230644,0.6372809380782313,92,5,220,65,382,0,6.892078513978049
task2_fold4_seed2024_replay_supcon_t0.07_l0.2_r10_e8,replay,2,4,2024,2,outer_test,0,0.8619883040935673,0.4861477572559367,0.6216786166174609,0.8390453974520007,0.8769167008649177,0.9067926352380388,0.7875786680881018,0.5643719353370613,737,118,3939,779,5573,0,253.4721905180486
task2_fold4_seed2024_replay_supcon_t0.07_l0.2_r10_e8,replay,2,4,2024,3,probe,1,0.8211920529801324,0.7607361963190185,0.7898089171974523,0.8382352941176471,0.8803305371228246,0.8872549019607843,0.8654826017784856,0.6599188749928329,124,27,218,39,408,0,9.369043729966506
task2_fold4_seed2024_replay_supcon_t0.07_l0.2_r10_e8,replay,2,4,2024,3,probe,2,0.8661971830985915,0.7834394904458599,0.822742474916388,0.8612565445026178,0.9436093418259024,0.9386050272744716,0.8998102125866595,0.7116482569800635,123,19,206,34,382,0,7.006840619025752
task2_fold4_seed2024_replay_supcon_t0.07_l0.2_r10_e8,replay,2,4,2024,3,probe,3,0.8580246913580247,0.6619047619047619,0.7473118279569892,0.8519685039370078,0.9056582633053221,0.9174753549507099,0.8562595863279235,0.6559451473185758,139,23,402,71,635,0,26.52148388803471
task2_fold4_seed2024_replay_supcon_t0.07_l0.2_r10_e8,replay,2,4,2024,3,outer_test,0,0.8756708407871199,0.645778364116095,0.7433561123766135,0.8787008792391889,0.9187599139699909,0.9387866134073084,0.8513796046820363,0.6795408909312396,979,139,3918,537,5573,0,255.40229397104122
task2_fold4_seed42_ewc_cl6_l10_e8,ewc,2,4,42,1,probe,1,0.8512396694214877,0.7923076923076923,0.8207171314741036,0.9297971918876755,0.9395604395604397,0.9652186399468459,0.7618187266184949,0.7779130534638167,103,18,493,27,641,0,71.90946552203968
task2_fold4_seed42_ewc_cl6_l10_e8,ewc,2,4,42,1,outer_test,0,0.7344444444444445,0.43601583113456466,0.5471854304635762,0.8036963933249597,0.8717342838170841,0.8963567872566486,0.7096504722051277,0.45603229834200837,661,239,3818,855,5573,0,253.66485866485164
task2_fold4_seed42_ewc_cl6_l10_e8,ewc,2,4,42,2,probe,1,0.8181818181818182,0.8307692307692308,0.8244274809160306,0.9282371294851794,0.9342616287821768,0.9636342395973531,0.8701832949865913,0.779368615570158,108,24,487,22,641,0,72.22673604404554
task2_fold4_seed42_ewc_cl6_l10_e8,ewc,2,4,42,2,probe,2,0.7987421383647799,0.8881118881118881,0.8410596026490066,0.904,0.9671700848171436,0.973824,0.9047271017902648,0.7747975887300879,127,32,325,16,500,0,15.756343975896016
task2_fold4_seed42_ewc_cl6_l10_e8,ewc,2,4,42,2,outer_test,0,0.7547495682210709,0.5765171503957783,0.6537023186237846,0.8338417369459896,0.8827683413729032,0.9146662880672041,0.7592022395317134,0.5555517402488058,874,284,3773,642,5573,0,253.88917242991738
task2_fold4_seed42_ewc_cl6_l10_e8,ewc,2,4,42,3,probe,1,0.9150943396226415,0.7461538461538462,0.8220338983050848,0.9344773790951638,0.9819057654674094,0.9822819745863157,0.9020289679939735,0.7885087043452434,97,9,502,33,641,0,72.01616824418306
task2_fold4_seed42_ewc_cl6_l10_e8,ewc,2,4,42,3,probe,2,0.8220338983050848,0.6783216783216783,0.7432950191570882,0.866,0.9512644218526571,0.9529079999999999,0.8725720479768387,0.6592793222963584,97,21,336,46,500,0,15.680954155046493
task2_fold4_seed42_ewc_cl6_l10_e8,ewc,2,4,42,3,probe,3,0.9108910891089109,0.6216216216216216,0.7389558232931727,0.8759541984732825,0.9631253594019551,0.9539034729910845,0.9127163878271873,0.6821291266653816,92,9,367,56,524,0,16.33669553208165
task2_fold4_seed42_ewc_cl6_l10_e8,ewc,2,4,42,3,outer_test,0,0.904639175257732,0.4630606860158311,0.612565445026178,0.8406603265745559,0.8746662825189597,0.9022940512994115,0.788534400623658,0.5717698925711044,702,74,3983,814,5573,0,254.82806691899896
task2_fold4_seed42_joint_cl6_e8,joint,2,4,42,3,probe,1,0.9230769230769231,0.9230769230769231,0.9230769230769231,0.968798751950078,0.9811530934818605,0.9874659572966381,0.8785133864171759,0.903507451452657,120,10,501,10,641,0,72.32666123984382
task2_fold4_seed42_joint_cl6_e8,joint,2,4,42,3,probe,2,0.8282208588957055,0.9440559440559441,0.8823529411764706,0.928,0.9762002703179173,0.98312,0.9253937992946678,0.8344934840023032,135,28,329,8,500,0,15.622075079008937
task2_fold4_seed42_joint_cl6_e8,joint,2,4,42,3,probe,3,0.968,0.8175675675675675,0.8864468864468864,0.9408396946564885,0.9801071017826337,0.9763526309655614,0.955458153950544,0.8523516274225175,121,4,372,27,524,0,16.308275187388062
task2_fold4_seed42_joint_cl6_e8,joint,2,4,42,3,outer_test,0,0.8048076923076923,0.5521108179419525,0.6549295774647887,0.8417369459895927,0.8837172208951205,0.9147079677081147,0.7906455277567783,0.5734692994647841,837,203,3854,679,5573,0,253.44246212625876
task2_fold4_seed42_naive_cl6_e8,naive,2,4,42,1,probe,1,0.8512396694214877,0.7923076923076923,0.8207171314741036,0.9297971918876755,0.9395604395604397,0.9652186399468459,0.7618187266184949,0.7779130534638167,103,18,493,27,641,0,72.26613487186842
task2_fold4_seed42_naive_cl6_e8,naive,2,4,42,1,outer_test,0,0.7344444444444445,0.43601583113456466,0.5471854304635762,0.8036963933249597,0.8717342838170841,0.8963567872566486,0.7096504722051277,0.45603229834200837,661,239,3818,855,5573,0,253.35303175495937
task2_fold4_seed42_naive_cl6_e8,naive,2,4,42,2,probe,1,0.825,0.7615384615384615,0.792,0.9188767550702028,0.9643835616438357,0.9763143099826956,0.8649136660917531,0.7426291785234971,99,21,490,31,641,0,72.37550424505025
task2_fold4_seed42_naive_cl6_e8,naive,2,4,42,2,probe,2,0.8627450980392157,0.9230769230769231,0.8918918918918919,0.936,0.9834087481146305,0.9876000000000001,0.9501420894735626,0.8474864584197247,132,21,336,11,500,0,15.640739110065624
task2_fold4_seed42_naive_cl6_e8,naive,2,4,42,2,outer_test,0,0.7970204841713222,0.5646437994722955,0.661003861003861,0.8424546922662839,0.8794952273116012,0.9129988287521843,0.7740000623104119,0.5764159059629682,856,218,3839,660,5573,0,253.86793137388304
task2_fold4_seed42_naive_cl6_e8,naive,2,4,42,3,probe,1,0.9175257731958762,0.6846153846153846,0.7841409691629956,0.9235569422776911,0.978097245220533,0.9769203248629165,0.8785349599582201,0.7505797344654481,89,8,503,41,641,0,71.82483361312188
task2_fold4_seed42_naive_cl6_e8,naive,2,4,42,3,probe,2,0.8861788617886179,0.7622377622377622,0.8195488721804511,0.904,0.9714795008912656,0.971392,0.9251224237241563,0.7586307701099728,109,14,343,34,500,0,15.625457223970443
task2_fold4_seed42_naive_cl6_e8,naive,2,4,42,3,probe,3,0.8990825688073395,0.6621621621621622,0.7626459143968871,0.8835877862595419,0.9585609545715928,0.953918040906707,0.8875448745240866,0.7019840979142314,98,11,365,50,524,0,16.292675151955336
task2_fold4_seed42_naive_cl6_e8,naive,2,4,42,3,outer_test,0,0.8502673796791443,0.5244063324538258,0.6487148102815178,0.8455051139422214,0.8679046216741253,0.9028205767283873,0.788256062606901,0.5834271831229353,795,140,3917,721,5573,0,253.475614272058
task2_fold4_seed42_replay_cl6_r10_e8,replay,2,4,42,1,probe,1,0.8512396694214877,0.7923076923076923,0.8207171314741036,0.9297971918876755,0.9395604395604397,0.9652186399468459,0.7618187266184949,0.7779130534638167,103,18,493,27,641,0,72.35631078504957
task2_fold4_seed42_replay_cl6_r10_e8,replay,2,4,42,1,outer_test,0,0.7344444444444445,0.43601583113456466,0.5471854304635762,0.8036963933249597,0.8717342838170841,0.8963567872566486,0.7096504722051277,0.45603229834200837,661,239,3818,855,5573,0,254.50893049500883
task2_fold4_seed42_replay_cl6_r10_e8,replay,2,4,42,2,probe,1,0.8773584905660378,0.7153846153846154,0.788135593220339,0.921996879875195,0.9704802047267801,0.9760855332809255,0.8891393182262131,0.7467347035199609,93,13,498,37,641,0,72.36564744194038
task2_fold4_seed42_replay_cl6_r10_e8,replay,2,4,42,2,probe,2,0.8615384615384616,0.7832167832167832,0.8205128205128205,0.902,0.9719104424986779,0.9675079999999999,0.9205794196596211,0.754941054172683,112,18,339,31,500,0,15.674319057026878
task2_fold4_seed42_replay_cl6_r10_e8,replay,2,4,42,2,outer_test,0,0.855072463768116,0.42810026385224276,0.5705494505494505,0.8246904719181769,0.8611714142076986,0.8933694887448711,0.7497663339776632,0.5202451847826665,649,110,3947,867,5573,0,254.01643432700075
task2_fold4_seed42_replay_cl6_r10_e8,replay,2,4,42,3,probe,1,0.8333333333333334,0.38461538461538464,0.5263157894736842,0.859594383775351,0.9563149179587536,0.9575205473117521,0.7962139283915257,0.503925024191824,50,10,501,80,641,0,72.16744820703752
task2_fold4_seed42_replay_cl6_r10_e8,replay,2,4,42,3,probe,2,0.921875,0.8251748251748252,0.8708487084870848,0.93,0.9841922783099253,0.979116,0.9537828136093417,0.8254164941743551,118,10,347,25,500,0,15.651356178801507
task2_fold4_seed42_replay_cl6_r10_e8,replay,2,4,42,3,probe,3,0.9090909090909091,0.5405405405405406,0.6779661016949152,0.8549618320610687,0.9712119033927544,0.956412796457083,0.9216553628467636,0.6253575071925281,80,8,368,68,524,0,16.347169365966693
task2_fold4_seed42_replay_cl6_r10_e8,replay,2,4,42,3,outer_test,0,0.9202898550724637,0.4188654353562005,0.5757026291931097,0.8320473712542616,0.8428747537563337,0.8863825545798037,0.7544923356731239,0.5476083192064178,635,55,4002,881,5573,0,254.74053980689496
task2_fold4_seed42_replay_kd_cl6_r10_kd0.5_e8,replay_kd,2,4,42,1,probe,1,0.8512396694214877,0.7923076923076923,0.8207171314741036,0.9297971918876755,0.9395604395604397,0.9652186399468459,0.7618187266184949,0.7779130534638167,103,18,493,27,641,0,72.37649848219007
task2_fold4_seed42_replay_kd_cl6_r10_kd0.5_e8,replay_kd,2,4,42,1,outer_test,0,0.7344444444444445,0.43601583113456466,0.5471854304635762,0.8036963933249597,0.8717342838170841,0.8963567872566486,0.7096504722051277,0.45603229834200837,661,239,3818,855,5573,0,254.89093383122236
task2_fold4_seed42_replay_kd_cl6_r10_kd0.5_e8,replay_kd,2,4,42,2,probe,1,0.8727272727272727,0.7384615384615385,0.8,0.9251170046801872,0.9391841035676652,0.966189724032019,0.8731028685524734,0.7583110501415524,96,14,497,34,641,0,72.29873064858839
task2_fold4_seed42_replay_kd_cl6_r10_kd0.5_e8,replay_kd,2,4,42,2,probe,2,0.9008264462809917,0.7622377622377622,0.8257575757575758,0.908,0.9682670270905563,0.9662080000000001,0.932100595212363,0.768764814224303,109,12,345,34,500,0,15.674708127044141
task2_fold4_seed42_replay_kd_cl6_r10_kd0.5_e8,replay_kd,2,4,42,2,outer_test,0,0.7922535211267606,0.44525065963060684,0.5701013513513513,0.8173335725820923,0.8523134710325097,0.8898458928682224,0.7200367751345725,0.49663027821832106,675,177,3880,841,5573,0,254.58327864529565
task2_fold4_seed42_replay_kd_cl6_r10_kd0.5_e8,replay_kd,2,4,42,3,probe,1,0.8888888888888888,0.676923076923077,0.7685589519650655,0.9173166926677067,0.9789251844046364,0.9834136891216679,0.8713555293721038,0.7292376926087981,88,11,500,42,641,0,72.51996671175584
task2_fold4_seed42_replay_kd_cl6_r10_kd0.5_e8,replay_kd,2,4,42,3,probe,2,0.9083969465648855,0.8321678321678322,0.8686131386861314,0.928,0.9696186166774402,0.9718479999999998,0.8897807368400228,0.8206496633302013,119,12,345,24,500,0,15.705163033679128
task2_fold4_seed42_replay_kd_cl6_r10_kd0.5_e8,replay_kd,2,4,42,3,probe,3,0.9130434782608695,0.7094594594594594,0.7984790874524715,0.898854961832061,0.9477070155261644,0.9529492745178019,0.8941661950120171,0.7427595463061639,105,10,366,43,524,0,16.370916437357664
task2_fold4_seed42_replay_kd_cl6_r10_kd0.5_e8,replay_kd,2,4,42,3,outer_test,0,0.850187265917603,0.4492084432717678,0.5878290893396634,0.8286380764399784,0.8852896358813035,0.9058347923354151,0.7788394924972265,0.5322946396848774,681,120,3937,835,5573,0,254.49593050125986
task2_fold4_seed42_replay_r10_e8,replay,2,4,42,1,probe,1,0.8455284552845529,0.8,0.8221343873517787,0.9297971918876755,0.9622760800842993,0.9753042851823277,0.8616088451492554,0.7789070330623216,104,19,492,26,641,0,72.34252236923203
task2_fold4_seed42_replay_r10_e8,replay,2,4,42,1,outer_test,0,0.732,0.36213720316622694,0.48455428067078554,0.7904180872061726,0.8465504424744229,0.881271864304097,0.6796948956743403,0.40760769605181374,549,201,3856,967,5573,0,254.10992510197684
task2_fold4_seed42_replay_r10_e8,replay,2,4,42,2,probe,1,0.8584905660377359,0.7,0.7711864406779662,0.9157566302652106,0.9648953785940088,0.9725175902511919,0.8389974218461287,0.7258477031073195,91,15,496,39,641,0,72.35090932715684
task2_fold4_seed42_replay_r10_e8,replay,2,4,42,2,probe,2,0.8739495798319328,0.7272727272727273,0.7938931297709924,0.892,0.9611564905682553,0.958968,0.8931740582506108,0.7271415385013384,104,15,342,39,500,0,15.621094866190106
task2_fold4_seed42_replay_r10_e8,replay,2,4,42,2,outer_test,0,0.7932752179327521,0.42018469656992086,0.549374730487279,0.8124887852144267,0.8521976251347063,0.8872881248698217,0.7246329412865684,0.4805970185920112,637,166,3891,879,5573,0,253.60204739589244
task2_fold4_seed42_replay_r10_e8,replay,2,4,42,3,probe,1,0.8765432098765432,0.5461538461538461,0.6729857819905213,0.8923556942277691,0.960093331326208,0.9651310233376573,0.8280402560201368,0.6372554689818971,71,10,501,59,641,0,71.9827813161537
task2_fold4_seed42_replay_r10_e8,replay,2,4,42,3,probe,2,0.8778625954198473,0.8041958041958042,0.8394160583941606,0.912,0.982390158860747,0.98524,0.9545790287988691,0.780389175026907,115,16,341,28,500,0,15.695049094036222
task2_fold4_seed42_replay_r10_e8,replay,2,4,42,3,probe,3,0.8879310344827587,0.6959459459459459,0.7803030303030303,0.8893129770992366,0.9465209890741806,0.9463609346774662,0.8462146611842285,0.7171519203953746,103,13,363,45,524,0,16.371637200005352
task2_fold4_seed42_replay_r10_e8,replay,2,4,42,3,outer_test,0,0.8168498168498168,0.4412928759894459,0.5730192719486081,0.821101740534721,0.8435433268535506,0.8851936142475663,0.7330024866716011,0.5081658939440481,669,150,3907,847,5573,0,253.87535765161738
task2_fold4_seed42_replay_relation_cl6_r05_kd0.5_z0.1_a0.1_e8,replay_relation,2,4,42,1,probe,1,0.8512396694214877,0.7923076923076923,0.8207171314741036,0.9297971918876755,0.9395604395604397,0.9652186399468459,0.7618187266184949,0.7779130534638167,103,18,493,27,641,0,72.27357825497165
task2_fold4_seed42_replay_relation_cl6_r05_kd0.5_z0.1_a0.1_e8,replay_relation,2,4,42,1,outer_test,0,0.7344444444444445,0.43601583113456466,0.5471854304635762,0.8036963933249597,0.8717342838170841,0.8963567872566486,0.7096504722051277,0.45603229834200837,661,239,3818,855,5573,0,253.1713524380466
task2_fold4_seed42_replay_relation_cl6_r05_kd0.5_z0.1_a0.1_e8,replay_relation,2,4,42,2,probe,1,0.8584070796460177,0.7461538461538462,0.7983539094650206,0.9235569422776911,0.9423302724672588,0.9669076934684252,0.8449920192767528,0.75428665574956,97,16,495,33,641,0,72.22833473305218
task2_fold4_seed42_replay_relation_cl6_r05_kd0.5_z0.1_a0.1_e8,replay_relation,2,4,42,2,probe,2,0.8615384615384616,0.7832167832167832,0.8205128205128205,0.902,0.969814499226264,0.964916,0.9175645079134607,0.754941054172683,112,18,339,31,500,0,15.8340601780219
task2_fold4_seed42_replay_relation_cl6_r05_kd0.5_z0.1_a0.1_e8,replay_relation,2,4,42,2,outer_test,0,0.7965554359526372,0.48812664907651715,0.6053169734151329,0.8268437107482505,0.8627482191436932,0.8960566101286389,0.7339906466953512,0.5271918511665344,740,189,3868,776,5573,0,255.93700635095593
task2_fold4_seed42_replay_relation_cl6_r05_kd0.5_z0.1_a0.1_e8,replay_relation,2,4,42,3,probe,1,0.92,0.7076923076923077,0.8,0.9282371294851794,0.98160469667319,0.9831435379100031,0.8966836925812203,0.7668539152601117,92,8,503,38,641,0,72.35088798601646
task2_fold4_seed42_replay_relation_cl6_r05_kd0.5_z0.1_a0.1_e8,replay_relation,2,4,42,3,probe,2,0.8292682926829268,0.7132867132867133,0.7669172932330827,0.876,0.96581849523026,0.963464,0.9096583734674335,0.6866953661549214,102,21,336,41,500,0,15.620254685985856
task2_fold4_seed42_replay_relation_cl6_r05_kd0.5_z0.1_a0.1_e8,replay_relation,2,4,42,3,probe,3,0.9,0.7297297297297297,0.8059701492537313,0.9007633587786259,0.9561170212765956,0.9570756366179127,0.9060871980756457,0.7476247552539282,108,12,364,40,524,0,16.363589702057652
task2_fold4_seed42_replay_relation_cl6_r05_kd0.5_z0.1_a0.1_e8,replay_relation,2,4,42,3,outer_test,0,0.8931572629051621,0.49076517150395776,0.6334610472541508,0.8455051139422214,0.8804467082855589,0.9081177870193854,0.8048457161138058,0.5851318924851557,744,89,3968,772,5573,0,254.08783700002823
task2_fold4_seed42_replay_relation_cl6_r10_kd0.5_z0.1_a0.1_e8,replay_relation,2,4,42,1,probe,1,0.8512396694214877,0.7923076923076923,0.8207171314741036,0.9297971918876755,0.9395604395604397,0.9652186399468459,0.7618187266184949,0.7779130534638167,103,18,493,27,641,0,71.86193197709508
task2_fold4_seed42_replay_relation_cl6_r10_kd0.5_z0.1_a0.1_e8,replay_relation,2,4,42,1,outer_test,0,0.7344444444444445,0.43601583113456466,0.5471854304635762,0.8036963933249597,0.8717342838170841,0.8963567872566486,0.7096504722051277,0.45603229834200837,661,239,3818,855,5573,0,253.4902485080529
task2_fold4_seed42_replay_relation_cl6_r10_kd0.5_z0.1_a0.1_e8,replay_relation,2,4,42,2,probe,1,0.8807339449541285,0.7384615384615385,0.803347280334728,0.9266770670826833,0.9607406292337799,0.9733134411179879,0.888053826990378,0.7631598593730299,96,13,498,34,641,0,72.14225149806589
task2_fold4_seed42_replay_relation_cl6_r10_kd0.5_z0.1_a0.1_e8,replay_relation,2,4,42,2,probe,2,0.8943089430894309,0.7692307692307693,0.8270676691729323,0.908,0.9682278505807917,0.9649599999999999,0.9328322323554237,0.7689072563892659,110,13,344,33,500,0,15.63001500396058
task2_fold4_seed42_replay_relation_cl6_r10_kd0.5_z0.1_a0.1_e8,replay_relation,2,4,42,2,outer_test,0,0.8024539877300614,0.4313984168865435,0.5611325611325612,0.8164363897362282,0.8528770105157183,0.8891919459028206,0.7283617150361461,0.4933215499302722,654,161,3896,862,5573,0,253.91469683195464
task2_fold4_seed42_replay_relation_cl6_r10_kd0.5_z0.1_a0.1_e8,replay_relation,2,4,42,3,probe,1,0.9029126213592233,0.7153846153846154,0.7982832618025751,0.9266770670826833,0.9818003913894325,0.9854824146163974,0.8926000354908802,0.7618443526021882,93,10,501,37,641,0,72.25947764911689
task2_fold4_seed42_replay_relation_cl6_r10_kd0.5_z0.1_a0.1_e8,replay_relation,2,4,42,3,probe,2,0.8731343283582089,0.8181818181818182,0.8447653429602888,0.914,0.9784529196293904,0.9814679999999999,0.9360020485190237,0.7861713396865554,117,17,340,26,500,0,15.630577638978139
task2_fold4_seed42_replay_relation_cl6_r10_kd0.5_z0.1_a0.1_e8,replay_relation,2,4,42,3,probe,3,0.936,0.7905405405405406,0.8571428571428571,0.9255725190839694,0.9581835825186888,0.9604736029368918,0.9109908737496686,0.8125661069549066,117,8,368,31,524,0,16.31524365604855
task2_fold4_seed42_replay_relation_cl6_r10_kd0.5_z0.1_a0.1_e8,replay_relation,2,4,42,3,outer_test,0,0.8526682134570766,0.48482849604221634,0.6181665264928511,0.8370715951911,0.8761175674084924,0.903976015580233,0.7797417117688497,0.5581394836893779,735,127,3930,781,5573,0,253.31207075691782
task2_fold4_seed42_replay_relation_cl6_r10_kd0.5_z0.1_a0_e8,replay_relation,2,4,42,1,probe,1,0.8512396694214877,0.7923076923076923,0.8207171314741036,0.9297971918876755,0.9395604395604397,0.9652186399468459,0.7618187266184949,0.7779130534638167,103,18,493,27,641,0,72.31301089702174
task2_fold4_seed42_replay_relation_cl6_r10_kd0.5_z0.1_a0_e8,replay_relation,2,4,42,1,outer_test,0,0.7344444444444445,0.43601583113456466,0.5471854304635762,0.8036963933249597,0.8717342838170841,0.8963567872566486,0.7096504722051277,0.45603229834200837,661,239,3818,855,5573,0,254.0483698770404
task2_fold4_seed42_replay_relation_cl6_r10_kd0.5_z0.1_a0_e8,replay_relation,2,4,42,2,probe,1,0.8738738738738738,0.7461538461538462,0.8049792531120332,0.9266770670826833,0.9626373626373627,0.974345370070653,0.8920919989843352,0.7637734176576324,97,14,497,33,641,0,72.15519600780681
task2_fold4_seed42_replay_relation_cl6_r10_kd0.5_z0.1_a0_e8,replay_relation,2,4,42,2,probe,2,0.8914728682170543,0.8041958041958042,0.8455882352941176,0.916,0.9681690858161446,0.965568,0.9317568886573896,0.7900789019648322,115,14,343,28,500,0,15.614695454016328
task2_fold4_seed42_replay_relation_cl6_r10_kd0.5_z0.1_a0_e8,replay_relation,2,4,42,2,outer_test,0,0.7992957746478874,0.4492084432717678,0.575168918918919,0.8194868114121658,0.855462853545421,0.8913839344029101,0.7303264139072357,0.5033530967932232,681,171,3886,835,5573,0,253.48557862872258
task2_fold4_seed42_replay_relation_cl6_r10_kd0.5_z0.1_a0_e8,replay_relation,2,4,42,3,probe,1,0.88,0.676923076923077,0.7652173913043478,0.9157566302652106,0.9798886045461388,0.9834112553269682,0.8784015017835386,0.7240841110591432,88,12,499,42,641,0,72.31304268818349
task2_fold4_seed42_replay_relation_cl6_r10_kd0.5_z0.1_a0_e8,replay_relation,2,4,42,3,probe,2,0.890625,0.7972027972027972,0.8413284132841329,0.914,0.9742414448296802,0.976236,0.9178588673614161,0.7848515003580413,114,14,343,29,500,0,15.641124716028571
task2_fold4_seed42_replay_relation_cl6_r10_kd0.5_z0.1_a0_e8,replay_relation,2,4,42,3,probe,3,0.9396551724137931,0.7364864864864865,0.8257575757575758,0.9122137404580153,0.957644479585969,0.9580371190490065,0.9106586738484617,0.7784149797835676,109,7,369,39,524,0,16.33470473717898
task2_fold4_seed42_replay_relation_cl6_r10_kd0.5_z0.1_a0_e8,replay_relation,2,4,42,3,outer_test,0,0.8509316770186336,0.45184696569920846,0.5902628177509694,0.8293558227166696,0.8722905067172736,0.8999625511082711,0.7724438684897728,0.534533200257388,685,120,3937,831,5573,0,254.23472050763667
task2_fold4_seed42_replay_relation_cl6_r20_kd0.5_z0.1_a0.1_e8,replay_relation,2,4,42,1,probe,1,0.8512396694214877,0.7923076923076923,0.8207171314741036,0.9297971918876755,0.9395604395604397,0.9652186399468459,0.7618187266184949,0.7779130534638167,103,18,493,27,641,0,71.74969883891754
task2_fold4_seed42_replay_relation_cl6_r20_kd0.5_z0.1_a0.1_e8,replay_relation,2,4,42,1,outer_test,0,0.7344444444444445,0.43601583113456466,0.5471854304635762,0.8036963933249597,0.8717342838170841,0.8963567872566486,0.7096504722051277,0.45603229834200837,661,239,3818,855,5573,0,252.73910636093933
task2_fold4_seed42_replay_relation_cl6_r20_kd0.5_z0.1_a0.1_e8,replay_relation,2,4,42,2,probe,1,0.8849557522123894,0.7692307692307693,0.823045267489712,0.9329173166926678,0.93879271413518,0.9651748316422517,0.8406677815066516,0.7848317152186021,100,13,498,30,641,0,72.14198121696245
task2_fold4_seed42_replay_relation_cl6_r20_kd0.5_z0.1_a0.1_e8,replay_relation,2,4,42,2,probe,2,0.9140625,0.8181818181818182,0.8634686346863468,0.926,0.9729094434976788,0.968292,0.9293583939282735,0.8152752457202767,117,11,346,26,500,0,15.61692818091251
task2_fold4_seed42_replay_relation_cl6_r20_kd0.5_z0.1_a0.1_e8,replay_relation,2,4,42,2,outer_test,0,0.8394160583941606,0.4551451187335092,0.5902480752780154,0.8280997667324601,0.8783322157930233,0.9022788218902569,0.7477673897699424,0.530349516705805,690,132,3925,826,5573,0,253.2062184669776
task2_fold4_seed42_replay_relation_cl6_r20_kd0.5_z0.1_a0.1_e8,replay_relation,2,4,42,3,probe,1,0.9105691056910569,0.8615384615384616,0.8853754940711462,0.9547581903276131,0.9841186211049224,0.989357015778291,0.9246102541400351,0.8577292153558762,112,11,500,18,641,0,72.21067200298421
task2_fold4_seed42_replay_relation_cl6_r20_kd0.5_z0.1_a0.1_e8,replay_relation,2,4,42,3,probe,2,0.8926174496644296,0.9300699300699301,0.910958904109589,0.948,0.9853088088382206,0.989912,0.954135465675231,0.8746259373896018,133,16,341,10,500,0,15.61920778802596
task2_fold4_seed42_replay_relation_cl6_r20_kd0.5_z0.1_a0.1_e8,replay_relation,2,4,42,3,probe,3,0.9433962264150944,0.6756756756756757,0.7874015748031497,0.8969465648854962,0.9533496262219666,0.9541256337043296,0.9112127177299338,0.7393365745180237,100,6,370,48,524,0,16.286407279083505
task2_fold4_seed42_replay_relation_cl6_r20_kd0.5_z0.1_a0.1_e8,replay_relation,2,4,42,3,outer_test,0,0.8527214514407684,0.5270448548812665,0.6514472075010191,0.8465817333572582,0.8935490825655258,0.9145329421940246,0.797298716851004,0.5866560653040814,799,138,3919,717,5573,0,252.72660929593258
task2_fold4_seed42_replay_supcon_t0.07_l0.2_r10_e8,replay,2,4,42,1,probe,1,0.7307692307692307,0.7307692307692307,0.7307692307692307,0.890795631825273,0.9302724672587687,0.9575789583845444,0.7074200675655876,0.6622760800842993,95,35,476,35,641,0,72.27702000900172
task2_fold4_seed42_replay_supcon_t0.07_l0.2_r10_e8,replay,2,4,42,1,outer_test,0,0.7079934747145188,0.2862796833773087,0.40770314701737903,0.7737304862731025,0.840069657122157,0.8737538809637827,0.6709103527982331,0.34441383458785607,434,179,3878,1082,5573,0,253.0981629609596
task2_fold4_seed42_replay_supcon_t0.07_l0.2_r10_e8,replay,2,4,42,2,probe,1,0.8703703703703703,0.7230769230769231,0.7899159663865546,0.921996879875195,0.9621405991269005,0.9775068693855399,0.8910980677670566,0.7473360831602988,94,14,497,36,641,0,72.14713177992962
task2_fold4_seed42_replay_supcon_t0.07_l0.2_r10_e8,replay,2,4,42,2,probe,2,0.8151260504201681,0.6783216783216783,0.7404580152671756,0.864,0.9617637264696088,0.96388,0.8746526888945088,0.6543920491849652,97,22,335,46,500,0,15.617799415020272
task2_fold4_seed42_replay_supcon_t0.07_l0.2_r10_e8,replay,2,4,42,2,outer_test,0,0.8219484882418813,0.4841688654353562,0.6093814860938148,0.8311501884083976,0.8756434528288511,0.9057918730914339,0.7586247564516133,0.5398105257175905,734,159,3898,782,5573,0,253.5348863590043
task2_fold4_seed42_replay_supcon_t0.07_l0.2_r10_e8,replay,2,4,42,3,probe,1,0.9325842696629213,0.6384615384615384,0.7579908675799086,0.9173166926677067,0.9654523558633148,0.9708942491865041,0.8324102840108893,0.7287709256217753,83,6,505,47,641,0,71.99952994694468
task2_fold4_seed42_replay_supcon_t0.07_l0.2_r10_e8,replay,2,4,42,3,probe,2,0.921875,0.8251748251748252,0.8708487084870848,0.93,0.9768270944741533,0.972564,0.9430122275230526,0.8254164941743551,118,10,347,25,500,0,15.665834676939994
task2_fold4_seed42_replay_supcon_t0.07_l0.2_r10_e8,replay,2,4,42,3,probe,3,0.8939393939393939,0.7972972972972973,0.8428571428571429,0.916030534351145,0.9603759344450834,0.967003671114737,0.9262505596932874,0.7882146782895717,118,14,362,30,524,0,16.42012500099372
task2_fold4_seed42_replay_supcon_t0.07_l0.2_r10_e8,replay,2,4,42,3,outer_test,0,0.8152524167561761,0.5006596306068601,0.6203514507560278,0.8333034272384712,0.8785907350597,0.9079319109537413,0.7782780036555262,0.546688855963413,759,172,3885,757,5573,0,254.27543170307763
task2_fold5_seed123_ewc_cl6_l10_e8,ewc,2,5,123,1,probe,1,0.71875,0.17164179104477612,0.27710843373493976,0.7709923664122137,0.7578453884424033,0.8462866383077908,0.5343608789428982,0.27067196978076746,23,9,381,111,524,0,16.40971320308745
task2_fold5_seed123_ewc_cl6_l10_e8,ewc,2,5,123,1,outer_test,0,0.9097859327217125,0.5201048951048951,0.6618464961067854,0.8032999029440311,0.8999305458280804,0.878696942239819,0.8643413574270293,0.5790282908191297,595,59,1888,549,3091,0,117.72218428226188
task2_fold5_seed123_ewc_cl6_l10_e8,ewc,2,5,123,2,probe,1,0.6239316239316239,0.5447761194029851,0.5816733067729084,0.799618320610687,0.8828358208955223,0.9155534351145038,0.7350433346916327,0.45251573220534025,73,44,346,61,524,0,16.45598080335185
task2_fold5_seed123_ewc_cl6_l10_e8,ewc,2,5,123,2,probe,2,0.8131868131868132,0.48366013071895425,0.6065573770491803,0.8192090395480226,0.8990040460628697,0.922641783792794,0.7916868477968813,0.5272285692272944,74,17,361,79,531,0,23.03167086467147
task2_fold5_seed123_ewc_cl6_l10_e8,ewc,2,5,123,2,outer_test,0,0.8994764397905759,0.7508741258741258,0.8184849928537399,0.8767389194435458,0.9563529690648336,0.9557330373682751,0.9330428974505804,0.7330998664749631,859,96,1851,285,3091,0,117.85970732290298
task2_fold5_seed123_ewc_cl6_l10_e8,ewc,2,5,123,3,probe,1,0.863013698630137,0.4701492537313433,0.6086956521739131,0.8454198473282443,0.9192881745120551,0.9305729561214382,0.8080013068941857,0.5600345313111632,63,10,380,71,524,0,16.555458463262767
task2_fold5_seed123_ewc_cl6_l10_e8,ewc,2,5,123,3,probe,2,0.9230769230769231,0.6274509803921569,0.7470817120622568,0.8775894538606404,0.9649168309299029,0.952670759431269,0.9155603664656412,0.6918934753342003,96,8,370,57,531,0,23.002840059343725
task2_fold5_seed123_ewc_cl6_l10_e8,ewc,2,5,123,3,probe,3,0.9404761904761905,0.4876543209876543,0.6422764227642277,0.8035714285714286,0.8782267115600448,0.8846236248405612,0.8810749210200199,0.5787710099723629,79,5,281,83,448,0,13.933041269890964
task2_fold5_seed123_ewc_cl6_l10_e8,ewc,2,5,123,3,outer_test,0,0.9319196428571429,0.7298951048951049,0.8186274509803921,0.8802976383047557,0.9590413438641482,0.9469989944821593,0.9361801908542261,0.7434152267423042,835,61,1886,309,3091,0,117.92546927463263
task2_fold5_seed123_naive_cl6_e8,naive,2,5,123,1,probe,1,0.71875,0.17164179104477612,0.27710843373493976,0.7709923664122137,0.7578453884424033,0.8462866383077908,0.5343608789428982,0.27067196978076746,23,9,381,111,524,0,16.462730849161744
task2_fold5_seed123_naive_cl6_e8,naive,2,5,123,1,outer_test,0,0.9097859327217125,0.5201048951048951,0.6618464961067854,0.8032999029440311,0.8999305458280804,0.878696942239819,0.8643413574270293,0.5790282908191297,595,59,1888,549,3091,0,117.71874015498906
task2_fold5_seed123_naive_cl6_e8,naive,2,5,123,2,probe,1,0.7,0.5223880597014925,0.5982905982905983,0.8206106870229007,0.8718905472636816,0.9060679010547172,0.6913978151529074,0.494555851794694,70,30,360,64,524,0,16.456398739945143
task2_fold5_seed123_naive_cl6_e8,naive,2,5,123,2,probe,2,0.9411764705882353,0.41830065359477125,0.579185520361991,0.8248587570621468,0.9049866860324377,0.9094094573362983,0.8139786974517146,0.552595359531697,64,4,374,89,531,0,22.95372885791585
task2_fold5_seed123_naive_cl6_e8,naive,2,5,123,2,outer_test,0,0.951310861423221,0.666083916083916,0.7835475578406169,0.8637981235846005,0.9617048013619662,0.9420293374247628,0.9407424353876984,0.711918376100735,762,39,1908,382,3091,0,118.17959292326123
task2_fold5_seed123_naive_cl6_e8,naive,2,5,123,3,probe,1,0.8181818181818182,0.4701492537313433,0.5971563981042654,0.8377862595419847,0.9506697282816686,0.9455414894236932,0.8422213075315045,0.5350904791814389,63,14,376,71,524,0,16.485402531921864
task2_fold5_seed123_naive_cl6_e8,naive,2,5,123,3,probe,2,0.9056603773584906,0.3137254901960784,0.46601941747572817,0.7928436911487758,0.9509285195559705,0.9221310748649636,0.8647227971572213,0.4540265866451244,48,5,373,105,531,0,23.00912984786555
task2_fold5_seed123_naive_cl6_e8,naive,2,5,123,3,probe,3,0.9318181818181818,0.5061728395061729,0.656,0.8080357142857143,0.8743417076750409,0.8805903220663265,0.8664984131971155,0.5867636434270636,82,6,280,80,448,0,13.925174684729427
task2_fold5_seed123_naive_cl6_e8,naive,2,5,123,3,outer_test,0,0.9180977542932629,0.6075174825174825,0.731194108364019,0.8346813329019734,0.9316341080593777,0.9129891616124751,0.8938445167988744,0.6463592242726236,695,62,1885,449,3091,0,117.9810895100236
task2_fold5_seed123_replay_cl6_r10_e8,replay,2,5,123,1,probe,1,0.71875,0.17164179104477612,0.27710843373493976,0.7709923664122137,0.7578453884424033,0.8462866383077908,0.5343608789428982,0.27067196978076746,23,9,381,111,524,0,16.579623906873167
task2_fold5_seed123_replay_cl6_r10_e8,replay,2,5,123,1,outer_test,0,0.9097859327217125,0.5201048951048951,0.6618464961067854,0.8032999029440311,0.8999305458280804,0.878696942239819,0.8643413574270293,0.5790282908191297,595,59,1888,549,3091,0,118.30555579531938
task2_fold5_seed123_replay_cl6_r10_e8,replay,2,5,123,2,probe,1,0.5746268656716418,0.5746268656716418,0.5746268656716418,0.7824427480916031,0.8472636815920398,0.8931079191189324,0.7269727062403425,0.42847301951779565,77,57,333,57,524,0,16.47079042205587
task2_fold5_seed123_replay_cl6_r10_e8,replay,2,5,123,2,probe,2,0.8055555555555556,0.5686274509803921,0.6666666666666666,0.8361581920903954,0.9305598782722966,0.9353775876805657,0.8517999278621088,0.5772816858705512,87,21,357,66,531,0,23.0069973282516
task2_fold5_seed123_replay_cl6_r10_e8,replay,2,5,123,2,outer_test,0,0.8938967136150234,0.8321678321678322,0.8619284744228157,0.9013264315755419,0.9597524971176743,0.9560237447485582,0.9388659634581699,0.7865299479218796,952,113,1834,192,3091,0,118.19291700283065
task2_fold5_seed123_replay_cl6_r10_e8,replay,2,5,123,3,probe,1,0.8780487804878049,0.5373134328358209,0.6666666666666666,0.8625954198473282,0.9393034825870646,0.946652292989919,0.8344449545913835,0.6144105146835579,72,10,380,62,524,0,16.53713499987498
task2_fold5_seed123_replay_cl6_r10_e8,replay,2,5,123,3,probe,2,0.9120879120879121,0.5424836601307189,0.680327868852459,0.8531073446327684,0.9478161635024379,0.9405591553441788,0.8768442954238443,0.6265398037997292,83,8,370,70,531,0,23.08815789176151
task2_fold5_seed123_replay_cl6_r10_e8,replay,2,5,123,3,probe,3,0.9325842696629213,0.5123456790123457,0.6613545816733067,0.8102678571428571,0.878010878010878,0.8876180843431123,0.8719091784443107,0.5917032845644091,83,6,280,79,448,0,14.022867703810334
task2_fold5_seed123_replay_cl6_r10_e8,replay,2,5,123,3,outer_test,0,0.9239704329461457,0.7648601398601399,0.8369201339072214,0.8896797153024911,0.96112721382367,0.9542780874876926,0.9398793440383799,0.7623747364323391,875,72,1875,269,3091,0,118.59927697433159
task2_fold5_seed123_replay_r10_e8,replay,2,5,123,1,probe,1,0.6857142857142857,0.1791044776119403,0.28402366863905326,0.7690839694656488,0.7612897053195562,0.8475139851989977,0.5315332228143036,0.2636839029356453,24,11,379,110,524,0,16.37328655400779
task2_fold5_seed123_replay_r10_e8,replay,2,5,123,1,outer_test,0,0.9103343465045592,0.5236013986013986,0.6648168701442841,0.8045939825299256,0.8993610395767562,0.879856213146756,0.8639050022393031,0.5818642377847053,599,59,1888,545,3091,0,117.62591848697048
task2_fold5_seed123_replay_r10_e8,replay,2,5,123,2,probe,1,0.7326732673267327,0.5522388059701493,0.6297872340425532,0.833969465648855,0.8815154994259471,0.9185252899015208,0.7468845977938522,0.5342052958947592,74,27,363,60,524,0,16.311475301976316
task2_fold5_seed123_replay_r10_e8,replay,2,5,123,2,probe,2,0.8255813953488372,0.46405228758169936,0.5941422594142259,0.8173258003766478,0.9176608915171007,0.9258869134383834,0.8171836453329646,0.5216831396691164,71,15,363,82,531,0,22.728638225002214
task2_fold5_seed123_replay_r10_e8,replay,2,5,123,2,outer_test,0,0.9196704428424305,0.7805944055944056,0.8444444444444444,0.8935619540601747,0.9580213058641409,0.9523083421975971,0.9356530221458836,0.7703050154798474,893,78,1869,251,3091,0,117.09280976001173
task2_fold5_seed123_replay_r10_e8,replay,2,5,123,3,probe,1,0.8210526315789474,0.582089552238806,0.6812227074235808,0.8606870229007634,0.9298507462686567,0.9460659343861081,0.8244589336518295,0.609789310893998,78,17,373,56,524,0,16.367832490010187
task2_fold5_seed123_replay_r10_e8,replay,2,5,123,3,probe,2,0.9166666666666666,0.5751633986928104,0.7068273092369478,0.8625235404896422,0.9545941833523532,0.9441660371469812,0.8892674827515286,0.6519595436468898,88,8,370,65,531,0,22.815073887002654
task2_fold5_seed123_replay_r10_e8,replay,2,5,123,3,probe,3,0.9529411764705882,0.5,0.6558704453441295,0.8102678571428571,0.8742553742553743,0.875034877232143,0.8451243320386289,0.5955613635684373,81,4,282,81,448,0,13.747058548033237
task2_fold5_seed123_replay_r10_e8,replay,2,5,123,3,outer_test,0,0.9401805869074492,0.7281468531468531,0.8206896551724138,0.8822387576835975,0.9641249223298529,0.9513549999209778,0.941627662174414,0.7484222360601667,833,53,1894,311,3091,0,117.58878957293928
task2_fold5_seed123_replay_relation_cl6_r10_kd0.5_z0.1_a0.1_e8,replay_relation,2,5,123,1,probe,1,0.71875,0.17164179104477612,0.27710843373493976,0.7709923664122137,0.7578453884424033,0.8462866383077908,0.5343608789428982,0.27067196978076746,23,9,381,111,524,0,16.486832990311086
task2_fold5_seed123_replay_relation_cl6_r10_kd0.5_z0.1_a0.1_e8,replay_relation,2,5,123,1,outer_test,0,0.9097859327217125,0.5201048951048951,0.6618464961067854,0.8032999029440311,0.8999305458280804,0.878696942239819,0.8643413574270293,0.5790282908191297,595,59,1888,549,3091,0,118.58303350862116
task2_fold5_seed123_replay_relation_cl6_r10_kd0.5_z0.1_a0.1_e8,replay_relation,2,5,123,2,probe,1,0.7951807228915663,0.4925373134328358,0.6082949308755761,0.8377862595419847,0.8677573670110983,0.9032653982868131,0.7278287609516857,0.5364410289176043,66,17,373,68,524,0,16.497883923817426
task2_fold5_seed123_replay_relation_cl6_r10_kd0.5_z0.1_a0.1_e8,replay_relation,2,5,123,2,probe,2,0.948051948051948,0.477124183006536,0.6347826086956522,0.8418079096045198,0.9420064322025107,0.9317636126982101,0.8785638476378084,0.6000801121345544,73,4,374,80,531,0,23.08901121141389
task2_fold5_seed123_replay_relation_cl6_r10_kd0.5_z0.1_a0.1_e8,replay_relation,2,5,123,2,outer_test,0,0.9351740696278511,0.6809440559440559,0.7880627212948913,0.8644451633775477,0.9517910825692028,0.9369795592153927,0.9278805139452576,0.710826697643759,779,54,1893,365,3091,0,118.40121979499236
task2_fold5_seed123_replay_relation_cl6_r10_kd0.5_z0.1_a0.1_e8,replay_relation,2,5,123,3,probe,1,0.7571428571428571,0.39552238805970147,0.5196078431372549,0.8129770992366412,0.9174703406046688,0.9282311636851,0.7698989583558411,0.4513020529726766,53,17,373,81,524,0,16.4613860049285
task2_fold5_seed123_replay_relation_cl6_r10_kd0.5_z0.1_a0.1_e8,replay_relation,2,5,123,3,probe,2,0.9473684210526315,0.5882352941176471,0.7258064516129032,0.871939736346516,0.9670436075664833,0.952482790173109,0.9182990787804044,0.679454359605272,90,5,373,63,531,0,22.967486787121743
task2_fold5_seed123_replay_relation_cl6_r10_kd0.5_z0.1_a0.1_e8,replay_relation,2,5,123,3,probe,3,0.9772727272727273,0.5308641975308642,0.688,0.8258928571428571,0.9049253215919882,0.9006995376275511,0.9085633594530116,0.6335376847536337,86,2,284,76,448,0,13.95101063977927
task2_fold5_seed123_replay_relation_cl6_r10_kd0.5_z0.1_a0.1_e8,replay_relation,2,5,123,3,outer_test,0,0.9158974358974359,0.7805944055944056,0.8428504011326097,0.8922678744742801,0.9591903987127408,0.9541155425510303,0.9342907894691994,0.7673148513834448,893,82,1865,251,3091,0,118.06536276917905
task2_fold5_seed123_replay_supcon_t0.07_l0.2_r10_e8,replay,2,5,123,1,probe,1,0.45652173913043476,0.31343283582089554,0.37168141592920356,0.7290076335877863,0.7773249138920781,0.8466945399452246,0.5133003087202774,0.21240017367978442,42,50,340,92,524,0,16.336822235025465
task2_fold5_seed123_replay_supcon_t0.07_l0.2_r10_e8,replay,2,5,123,1,outer_test,0,0.8754966887417218,0.5777972027972028,0.6961558715113217,0.8133290197347137,0.9171044030443105,0.9060880667001525,0.8585574608268869,0.5950680807818959,661,94,1853,483,3091,0,117.29476678196806
task2_fold5_seed123_replay_supcon_t0.07_l0.2_r10_e8,replay,2,5,123,2,probe,1,0.6310679611650486,0.48507462686567165,0.5485232067510548,0.7958015267175572,0.9093379257558363,0.9283513489889867,0.7533831908685756,0.425551576585922,65,38,352,69,524,0,16.452460277010687
task2_fold5_seed123_replay_supcon_t0.07_l0.2_r10_e8,replay,2,5,123,2,probe,2,0.8602941176470589,0.7647058823529411,0.8096885813148789,0.896421845574388,0.964467268388837,0.9686658793237363,0.9104658240758372,0.7412934877676355,117,19,359,36,531,0,22.95448688196484
task2_fold5_seed123_replay_supcon_t0.07_l0.2_r10_e8,replay,2,5,123,2,outer_test,0,0.8919431279620853,0.8225524475524476,0.855843565256935,0.8974441928178583,0.95694649469688,0.9581317526666839,0.9342158864733355,0.7779912302935664,941,114,1833,203,3091,0,118.38501586089842
task2_fold5_seed123_replay_supcon_t0.07_l0.2_r10_e8,replay,2,5,123,3,probe,1,0.8939393939393939,0.44029850746268656,0.59,0.8435114503816794,0.919785686949866,0.9307732649612493,0.805072962602767,0.5553314608707616,59,7,383,75,524,0,16.31747579097282
task2_fold5_seed123_replay_supcon_t0.07_l0.2_r10_e8,replay,2,5,123,3,probe,2,0.9032258064516129,0.5490196078431373,0.6829268292682927,0.8531073446327684,0.9649341217968669,0.9476097758200603,0.9043078448250801,0.6258152497548876,84,9,369,69,531,0,22.879947548964992
task2_fold5_seed123_replay_supcon_t0.07_l0.2_r10_e8,replay,2,5,123,3,probe,3,0.9863013698630136,0.4444444444444444,0.6127659574468085,0.796875,0.8961193127859794,0.8958117426658163,0.8684591392132445,0.5736549941974912,72,1,285,90,448,0,13.743460051016882
task2_fold5_seed123_replay_supcon_t0.07_l0.2_r10_e8,replay,2,5,123,3,outer_test,0,0.9402035623409669,0.6459790209790209,0.7658031088082902,0.8537690067939179,0.9478168852205833,0.9373541556920924,0.923631129219135,0.6894891384424572,739,47,1900,405,3091,0,117.57000309193972
task2_fold5_seed2024_ewc_cl6_l10_e8,ewc,2,5,2024,1,probe,1,0.8518518518518519,0.2911392405063291,0.4339622641509434,0.689119170984456,0.7853375527426161,0.7524363070149533,0.7247421191030081,0.36295886279156625,46,8,220,112,386,0,7.118306389078498
task2_fold5_seed2024_ewc_cl6_l10_e8,ewc,2,5,2024,1,outer_test,0,0.8715083798882681,0.4090909090909091,0.5568114217727543,0.7589776771271434,0.8226579532434694,0.8184271008985397,0.7616050173697504,0.4761737438692722,468,69,1878,676,3091,0,118.17432690691203
task2_fold5_seed2024_ewc_cl6_l10_e8,ewc,2,5,2024,2,probe,1,0.8888888888888888,0.5063291139240507,0.6451612903225806,0.772020725388601,0.8670330890517433,0.8302638997020054,0.8408013021803302,0.5377890061629437,80,10,218,78,386,0,7.130230986047536
task2_fold5_seed2024_ewc_cl6_l10_e8,ewc,2,5,2024,2,probe,2,0.8931297709923665,0.740506329113924,0.8096885813148789,0.9023090586145648,0.9727769964056884,0.97456849092498,0.9045888408287549,0.7506636000548513,117,14,391,41,563,0,16.733800218906254
task2_fold5_seed2024_ewc_cl6_l10_e8,ewc,2,5,2024,2,outer_test,0,0.9343544857768052,0.7465034965034965,0.8299319727891157,0.8867680362342284,0.9509991164459578,0.9393361468016274,0.9336593234763905,0.7572106551216575,854,60,1887,290,3091,0,118.55257636494935
task2_fold5_seed2024_ewc_cl6_l10_e8,ewc,2,5,2024,3,probe,1,0.9719626168224299,0.6582278481012658,0.7849056603773585,0.8523316062176166,0.9183322229624694,0.9120043491100432,0.9204922113317108,0.7086124687495503,104,3,225,54,386,0,7.250073759816587
task2_fold5_seed2024_ewc_cl6_l10_e8,ewc,2,5,2024,3,probe,2,0.8571428571428571,0.569620253164557,0.6844106463878327,0.8525754884547069,0.9258165338334114,0.9360284444220098,0.8197450945735887,0.6143503958929206,90,15,390,68,563,0,16.747739202342927
task2_fold5_seed2024_ewc_cl6_l10_e8,ewc,2,5,2024,3,probe,3,0.8247422680412371,0.54421768707483,0.6557377049180327,0.8761061946902655,0.8363119259003037,0.919514275023712,0.7604868442869473,0.6028007600044794,80,17,514,67,678,0,16.54018521727994
task2_fold5_seed2024_ewc_cl6_l10_e8,ewc,2,5,2024,3,outer_test,0,0.8673684210526316,0.7202797202797203,0.7870105062082139,0.8557101261727597,0.9350049026474296,0.9371026977330894,0.9008995644112807,0.6860273988034488,824,126,1821,320,3091,0,118.09010762674734
task2_fold5_seed2024_naive_cl6_e8,naive,2,5,2024,1,probe,1,0.8518518518518519,0.2911392405063291,0.4339622641509434,0.689119170984456,0.7853375527426161,0.7524363070149533,0.7247421191030081,0.36295886279156625,46,8,220,112,386,0,7.144617936573923
task2_fold5_seed2024_naive_cl6_e8,naive,2,5,2024,1,outer_test,0,0.8715083798882681,0.4090909090909091,0.5568114217727543,0.7589776771271434,0.8226579532434694,0.8184271008985397,0.7616050173697504,0.4761737438692722,468,69,1878,676,3091,0,118.10245247930288
task2_fold5_seed2024_naive_cl6_e8,naive,2,5,2024,2,probe,1,0.8674698795180723,0.45569620253164556,0.5975103734439834,0.7487046632124352,0.8756384632467245,0.8298276463797686,0.835268358648455,0.48765261333575527,72,11,217,86,386,0,7.157693638000637
task2_fold5_seed2024_naive_cl6_e8,naive,2,5,2024,2,probe,2,0.9119496855345912,0.9177215189873418,0.9148264984227129,0.9520426287744227,0.9832473824035005,0.9863677520514624,0.9481839291326559,0.8814609205780112,145,14,391,13,563,0,16.730684286914766
task2_fold5_seed2024_naive_cl6_e8,naive,2,5,2024,2,outer_test,0,0.945852534562212,0.7176573426573427,0.81610337972167,0.8802976383047557,0.9484539600102004,0.9327679393143241,0.9268011348425022,0.745116029660656,821,47,1900,323,3091,0,118.31016226718202
task2_fold5_seed2024_naive_cl6_e8,naive,2,5,2024,3,probe,1,0.9454545454545454,0.6582278481012658,0.7761194029850746,0.844559585492228,0.906562291805463,0.8913662111734544,0.9105114617025846,0.6883379694340807,104,6,222,54,386,0,7.175866859965026
task2_fold5_seed2024_naive_cl6_e8,naive,2,5,2024,3,probe,2,0.9292929292929293,0.5822784810126582,0.7159533073929961,0.8703374777975134,0.9359118612283168,0.9370506264019509,0.8345340890689505,0.666843175626295,92,7,398,66,563,0,16.746679226867855
task2_fold5_seed2024_naive_cl6_e8,naive,2,5,2024,3,probe,3,0.8240740740740741,0.6054421768707483,0.6980392156862745,0.8864306784660767,0.8167877320419692,0.9122408002018777,0.748832542087436,0.6414648006541479,89,19,512,58,678,0,16.54351847106591
task2_fold5_seed2024_naive_cl6_e8,naive,2,5,2024,3,outer_test,0,0.8286573146292585,0.7229020979020979,0.7721755368814193,0.8421222905208671,0.92824580401622,0.9284287326278137,0.8876287748653462,0.6557992190188837,827,171,1776,317,3091,0,118.05672535207123
task2_fold5_seed2024_replay_cl6_r10_e8,replay,2,5,2024,1,probe,1,0.8518518518518519,0.2911392405063291,0.4339622641509434,0.689119170984456,0.7853375527426161,0.7524363070149533,0.7247421191030081,0.36295886279156625,46,8,220,112,386,0,7.178888459689915
task2_fold5_seed2024_replay_cl6_r10_e8,replay,2,5,2024,1,outer_test,0,0.8715083798882681,0.4090909090909091,0.5568114217727543,0.7589776771271434,0.8226579532434694,0.8184271008985397,0.7616050173697504,0.4761737438692722,468,69,1878,676,3091,0,118.54131843196228
task2_fold5_seed2024_replay_cl6_r10_e8,replay,2,5,2024,2,probe,1,0.8240740740740741,0.5632911392405063,0.6691729323308271,0.772020725388601,0.8665889407061959,0.8438347338183576,0.8378118893235673,0.5257324095817627,89,19,209,69,386,0,7.237160969991237
task2_fold5_seed2024_replay_cl6_r10_e8,replay,2,5,2024,2,probe,2,0.9072847682119205,0.8670886075949367,0.8867313915857605,0.9378330373001776,0.9801218940459447,0.985408667724604,0.9302324616469183,0.844333493504389,137,14,391,21,563,0,16.896093745250255
task2_fold5_seed2024_replay_cl6_r10_e8,replay,2,5,2024,2,outer_test,0,0.8537095088819227,0.7141608391608392,0.777724892908139,0.8489162083468134,0.9228560345663581,0.9226033858539434,0.8851052071936322,0.6707343339168644,817,140,1807,327,3091,0,119.11100929090753
task2_fold5_seed2024_replay_cl6_r10_e8,replay,2,5,2024,3,probe,1,0.859504132231405,0.6582278481012658,0.7455197132616488,0.8160621761658031,0.9032034199422607,0.8905943783725738,0.8953305379346457,0.6186500765120032,104,17,211,54,386,0,7.170056344009936
task2_fold5_seed2024_replay_cl6_r10_e8,replay,2,5,2024,3,probe,2,0.9230769230769231,0.6075949367088608,0.732824427480916,0.8756660746003553,0.9376308798249727,0.9399373440304888,0.8496477718954498,0.6806025066731125,96,8,397,62,563,0,16.740997585002333
task2_fold5_seed2024_replay_cl6_r10_e8,replay,2,5,2024,3,probe,3,0.48255813953488375,0.564625850340136,0.5203761755485894,0.7743362831858407,0.7857975581946527,0.8683247622279654,0.6336690810018437,0.37598988923772136,83,89,442,64,678,0,16.637870439328253
task2_fold5_seed2024_replay_cl6_r10_e8,replay,2,5,2024,3,outer_test,0,0.8309426229508197,0.708916083916084,0.7650943396226415,0.8388870915561307,0.9231402264915363,0.9231981454177451,0.889166982700627,0.6483641714567712,811,165,1782,333,3091,0,118.82856974005699
task2_fold5_seed2024_replay_r10_e8,replay,2,5,2024,1,probe,1,0.7777777777777778,0.22151898734177214,0.3448275862068966,0.655440414507772,0.7767876970908284,0.7376372520067652,0.6907774160407059,0.27220779689820024,35,10,218,123,386,0,7.089396747993305
task2_fold5_seed2024_replay_r10_e8,replay,2,5,2024,1,outer_test,0,0.8582995951417004,0.3706293706293706,0.5177045177045178,0.7444192817858298,0.8214042313618585,0.8111813437348139,0.7496744006507142,0.44098307005438775,424,70,1877,720,3091,0,116.63638955994975
task2_fold5_seed2024_replay_r10_e8,replay,2,5,2024,2,probe,1,0.8588235294117647,0.4620253164556962,0.6008230452674898,0.7487046632124352,0.8775260937153009,0.8318008537141937,0.816453817120776,0.4857853922902862,73,12,216,85,386,0,6.999183862935752
task2_fold5_seed2024_replay_r10_e8,replay,2,5,2024,2,probe,2,0.8943089430894309,0.6962025316455697,0.7829181494661922,0.8916518650088809,0.9614158462259728,0.9618416942981806,0.9073053491626437,0.7221262034278743,110,13,392,48,563,0,16.582575120963156
task2_fold5_seed2024_replay_r10_e8,replay,2,5,2024,2,outer_test,0,0.9310829817158931,0.5786713286713286,0.7137466307277628,0.8282109349725008,0.9201160293225008,0.899330467672031,0.8671847642428777,0.6350293392349649,662,49,1898,482,3091,0,117.13346751697827
task2_fold5_seed2024_replay_r10_e8,replay,2,5,2024,3,probe,1,0.8974358974358975,0.6645569620253164,0.7636363636363637,0.8316062176165803,0.9116144792360648,0.9007557249859056,0.9010008526350729,0.6546744085048343,105,12,216,53,386,0,7.00042646296788
task2_fold5_seed2024_replay_r10_e8,replay,2,5,2024,3,probe,2,0.9313725490196079,0.6012658227848101,0.7307692307692307,0.8756660746003553,0.9420378184091265,0.9438746375828551,0.8493308263238064,0.6812474231673881,95,7,398,63,563,0,16.521935501950793
task2_fold5_seed2024_replay_r10_e8,replay,2,5,2024,3,probe,3,0.7131782945736435,0.6258503401360545,0.6666666666666666,0.8643067846607669,0.8407061506335114,0.9156986103497184,0.7473140828035707,0.583892427539228,92,37,494,55,678,0,16.296913563041016
task2_fold5_seed2024_replay_r10_e8,replay,2,5,2024,3,outer_test,0,0.861522198731501,0.7124125874125874,0.7799043062200957,0.8511808476221288,0.9314976241016303,0.9298525969667418,0.8983075357721158,0.6759020009859243,815,131,1816,329,3091,0,117.16583565203473
task2_fold5_seed2024_replay_relation_cl6_r10_kd0.5_z0.1_a0.1_e8,replay_relation,2,5,2024,1,probe,1,0.8518518518518519,0.2911392405063291,0.4339622641509434,0.689119170984456,0.7853375527426161,0.7524363070149533,0.7247421191030081,0.36295886279156625,46,8,220,112,386,0,7.08830796694383
task2_fold5_seed2024_replay_relation_cl6_r10_kd0.5_z0.1_a0.1_e8,replay_relation,2,5,2024,1,outer_test,0,0.8715083798882681,0.4090909090909091,0.5568114217727543,0.7589776771271434,0.8226579532434694,0.8184271008985397,0.7616050173697504,0.4761737438692722,468,69,1878,676,3091,0,117.92806646507233
task2_fold5_seed2024_replay_relation_cl6_r10_kd0.5_z0.1_a0.1_e8,replay_relation,2,5,2024,2,probe,1,0.8,0.45569620253164556,0.5806451612903226,0.7305699481865285,0.8651732178547635,0.8212972160326452,0.8047876934521266,0.4381075865332216,72,18,210,86,386,0,7.123065862804651
task2_fold5_seed2024_replay_relation_cl6_r10_kd0.5_z0.1_a0.1_e8,replay_relation,2,5,2024,2,probe,2,0.9174311926605505,0.6329113924050633,0.7490636704119851,0.8809946714031972,0.9638068448195031,0.9576772491947162,0.9036051879351021,0.694440591094279,100,9,396,58,563,0,16.671212906949222
task2_fold5_seed2024_replay_relation_cl6_r10_kd0.5_z0.1_a0.1_e8,replay_relation,2,5,2024,2,outer_test,0,0.8788627935723115,0.6215034965034965,0.728110599078341,0.8282109349725008,0.9192594129034808,0.9057426717928853,0.8848657255876513,0.6273776299800724,711,98,1849,433,3091,0,117.88282109005377
task2_fold5_seed2024_replay_relation_cl6_r10_kd0.5_z0.1_a0.1_e8,replay_relation,2,5,2024,3,probe,1,0.9603960396039604,0.6139240506329114,0.749034749034749,0.8316062176165803,0.921274705751721,0.8951045665655454,0.9111480982211663,0.6671693091171214,97,4,224,61,386,0,7.067783752921969
task2_fold5_seed2024_replay_relation_cl6_r10_kd0.5_z0.1_a0.1_e8,replay_relation,2,5,2024,3,probe,2,0.9047619047619048,0.6012658227848101,0.7224334600760456,0.8703374777975134,0.9590873573995936,0.94574548299676,0.8816684960990206,0.6650955943799679,95,10,395,63,563,0,16.640759309753776
task2_fold5_seed2024_replay_relation_cl6_r10_kd0.5_z0.1_a0.1_e8,replay_relation,2,5,2024,3,probe,3,0.6691176470588235,0.6190476190476191,0.6431095406360424,0.8510324483775811,0.8550290172566202,0.9182460124781372,0.7437758589664761,0.5498237727560833,91,45,486,56,678,0,16.44812929118052
task2_fold5_seed2024_replay_relation_cl6_r10_kd0.5_z0.1_a0.1_e8,replay_relation,2,5,2024,3,outer_test,0,0.9081967213114754,0.7263986013986014,0.8071879553181156,0.8715626010999676,0.9470612848887117,0.9389740578071757,0.9233856294266191,0.7226683041164256,831,84,1863,313,3091,0,117.57374822488055
task2_fold5_seed2024_replay_supcon_t0.07_l0.2_r10_e8,replay,2,5,2024,1,probe,1,0.9615384615384616,0.47468354430379744,0.635593220338983,0.7772020725388601,0.9100322007550522,0.8585331149829526,0.8895369774349096,0.5651570500721566,75,3,225,83,386,0,7.104302908992395
task2_fold5_seed2024_replay_supcon_t0.07_l0.2_r10_e8,replay,2,5,2024,1,outer_test,0,0.8644338118022329,0.4737762237762238,0.6120835686053078,0.7777418311226141,0.8966187895309621,0.8754377226292591,0.8343928131751583,0.5164530089285841,542,85,1862,602,3091,0,118.24808582302649
task2_fold5_seed2024_replay_supcon_t0.07_l0.2_r10_e8,replay,2,5,2024,2,probe,1,0.8811881188118812,0.5632911392405063,0.6872586872586872,0.7901554404145078,0.8975960470797246,0.8579089371526751,0.862409948384192,0.5712738135597917,89,12,216,69,386,0,7.3455520659917966
task2_fold5_seed2024_replay_supcon_t0.07_l0.2_r10_e8,replay,2,5,2024,2,probe,2,0.8828828828828829,0.620253164556962,0.7286245353159851,0.8703374777975134,0.9578215346147835,0.9555571680511343,0.8984323276181206,0.6642272643270702,98,13,392,60,563,0,17.027950483956374
task2_fold5_seed2024_replay_supcon_t0.07_l0.2_r10_e8,replay,2,5,2024,2,outer_test,0,0.833732057416268,0.6092657342657343,0.704040404040404,0.810417340666451,0.9083671849465378,0.8972754726389144,0.866801689133368,0.5846554550424902,697,139,1808,447,3091,0,119.26510936301202
task2_fold5_seed2024_replay_supcon_t0.07_l0.2_r10_e8,replay,2,5,2024,3,probe,1,0.9711538461538461,0.6392405063291139,0.7709923664122137,0.844559585492228,0.8998167888074617,0.8929232999543613,0.9100238858049372,0.6938832202009664,101,3,225,57,386,0,7.304689735989086
task2_fold5_seed2024_replay_supcon_t0.07_l0.2_r10_e8,replay,2,5,2024,3,probe,2,0.9361702127659575,0.5569620253164557,0.6984126984126984,0.8650088809946714,0.9513048913892795,0.9522918645040997,0.8789974831560862,0.6531650444574242,88,6,399,70,563,0,17.013898261939175
task2_fold5_seed2024_replay_supcon_t0.07_l0.2_r10_e8,replay,2,5,2024,3,probe,3,0.5416666666666666,0.6190476190476191,0.5777777777777777,0.803834808259587,0.8060904211025276,0.8883450370254349,0.6797280905429165,0.4524593236578324,91,77,454,56,678,0,16.864742417936213
task2_fold5_seed2024_replay_supcon_t0.07_l0.2_r10_e8,replay,2,5,2024,3,outer_test,0,0.8872651356993737,0.743006993006993,0.8087535680304472,0.8699450016175995,0.9448384820110551,0.9436794877605128,0.9203232961497686,0.717817274106013,850,108,1839,294,3091,0,119.21862966404296
task2_fold5_seed42_ewc_cl6_l10_e8,ewc,2,5,42,1,probe,1,0.8347826086956521,0.8205128205128205,0.8275862068965517,0.8561151079136691,0.9351807612677178,0.9149629936338698,0.9240113546234029,0.7042222154366355,96,19,142,21,278,0,3.829371113097295
task2_fold5_seed42_ewc_cl6_l10_e8,ewc,2,5,42,1,outer_test,0,0.8829516539440203,0.6066433566433567,0.7191709844559585,0.8246522161112908,0.9260903451966627,0.9120400582733541,0.8852629230993639,0.6202472676915151,694,92,1855,450,3091,0,118.3897964488715
task2_fold5_seed42_ewc_cl6_l10_e8,ewc,2,5,42,2,probe,1,0.8252427184466019,0.7264957264957265,0.7727272727272727,0.8201438848920863,0.9037532515793385,0.9045080482376688,0.8488094633839521,0.6283875158553313,85,18,143,32,278,0,3.7959664470981807
task2_fold5_seed42_ewc_cl6_l10_e8,ewc,2,5,42,2,probe,2,0.7222222222222222,0.47794117647058826,0.5752212389380531,0.7581863979848866,0.7710164525580347,0.8127771891199107,0.6743301183047218,0.4331513255497126,65,25,236,71,397,0,12.779476179974154
task2_fold5_seed42_ewc_cl6_l10_e8,ewc,2,5,42,2,outer_test,0,0.8526543878656555,0.6879370629370629,0.7614900822447992,0.8405046910384989,0.916905962553112,0.9162735008526546,0.8697134929933998,0.6521003184293594,787,136,1811,357,3091,0,118.38157801004127
task2_fold5_seed42_ewc_cl6_l10_e8,ewc,2,5,42,3,probe,1,0.8072289156626506,0.5726495726495726,0.67,0.762589928057554,0.8969050273398099,0.8736607836033332,0.854947312770664,0.5105745070936216,67,16,145,50,278,0,3.841449966887012
task2_fold5_seed42_ewc_cl6_l10_e8,ewc,2,5,42,3,probe,2,0.6363636363636364,0.25735294117647056,0.36649214659685864,0.6952141057934509,0.8315303132747351,0.8195217278201118,0.6111224212045197,0.24826331783513564,35,20,241,101,397,0,12.856132495915517
task2_fold5_seed42_ewc_cl6_l10_e8,ewc,2,5,42,3,probe,3,0.9151785714285714,0.8951965065502183,0.9050772626931567,0.9346504559270516,0.9803849716513472,0.9819500004619323,0.9524013380593808,0.8553814851809126,205,19,410,24,658,0,17.459829843137413
task2_fold5_seed42_ewc_cl6_l10_e8,ewc,2,5,42,3,outer_test,0,0.8962703962703963,0.6722027972027972,0.7682317682317682,0.8498867680362342,0.9395524224106659,0.9256574094900494,0.8857429355421695,0.6754965393226989,769,89,1858,375,3091,0,118.3426961011719
task2_fold5_seed42_joint_cl6_e8,joint,2,5,42,3,probe,1,0.8632478632478633,0.8632478632478633,0.8632478632478633,0.8848920863309353,0.9440993788819876,0.9412815071683661,0.9118661532213709,0.7638689812602856,101,16,145,16,278,0,3.8225630349479616
task2_fold5_seed42_joint_cl6_e8,joint,2,5,42,3,probe,2,0.711864406779661,0.6176470588235294,0.6614173228346457,0.783375314861461,0.8273326572008114,0.8463920207602358,0.6969044746859707,0.506073142782793,84,34,227,52,397,0,12.822932343930006
task2_fold5_seed42_joint_cl6_e8,joint,2,5,42,3,probe,3,0.8636363636363636,0.9126637554585153,0.8874734607218684,0.9194528875379939,0.9731578465202919,0.9748778189410666,0.9425998441553468,0.8255883963811078,209,33,396,20,658,0,17.451133724302053
task2_fold5_seed42_joint_cl6_e8,joint,2,5,42,3,outer_test,0,0.9027081243731193,0.7867132867132867,0.8407286314806165,0.8896797153024911,0.9430992094705501,0.9398145187481926,0.9161945033362306,0.7611399737378158,900,97,1850,244,3091,0,118.38882842194289
task2_fold5_seed42_naive_cl6_e8,naive,2,5,42,1,probe,1,0.8347826086956521,0.8205128205128205,0.8275862068965517,0.8561151079136691,0.9351807612677178,0.9149629936338698,0.9240113546234029,0.7042222154366355,96,19,142,21,278,0,3.818226474104449
task2_fold5_seed42_naive_cl6_e8,naive,2,5,42,1,outer_test,0,0.8829516539440203,0.6066433566433567,0.7191709844559585,0.8246522161112908,0.9260903451966627,0.9120400582733541,0.8852629230993639,0.6202472676915151,694,92,1855,450,3091,0,118.3115556340199
task2_fold5_seed42_naive_cl6_e8,naive,2,5,42,2,probe,1,0.8243243243243243,0.5213675213675214,0.6387434554973822,0.7517985611510791,0.9141583054626533,0.8784871383468765,0.8650820498749894,0.4921996266145481,61,13,148,56,278,0,3.860963518032804
task2_fold5_seed42_naive_cl6_e8,naive,2,5,42,2,probe,2,0.76,0.41911764705882354,0.5402843601895735,0.7556675062972292,0.7674949290060853,0.808811679536067,0.6923814333829962,0.42450998771380993,57,18,243,79,397,0,12.82633555191569
task2_fold5_seed42_naive_cl6_e8,naive,2,5,42,2,outer_test,0,0.9090909090909091,0.6118881118881119,0.7314524555903866,0.8337107732125526,0.9156771579729976,0.9027166460772925,0.8838265232484704,0.6429642136104624,700,70,1877,444,3091,0,117.8864875161089
task2_fold5_seed42_naive_cl6_e8,naive,2,5,42,3,probe,1,0.8452380952380952,0.6068376068376068,0.7064676616915423,0.7877697841726619,0.8792270531400966,0.8578360333316082,0.8491231884399265,0.5656232822037538,71,13,148,46,278,0,3.985386811895296
task2_fold5_seed42_naive_cl6_e8,naive,2,5,42,3,probe,2,0.6376811594202898,0.3235294117647059,0.4292682926829268,0.7052896725440806,0.8179231462700023,0.8184557988439747,0.5975730213908063,0.2852168175834651,44,25,236,92,397,0,12.866111067123711
task2_fold5_seed42_naive_cl6_e8,naive,2,5,42,3,probe,3,0.9295154185022027,0.9213973799126638,0.9254385964912281,0.9483282674772037,0.9906047373296281,0.9920409087129646,0.9810749209005953,0.885924829526134,211,16,413,18,658,0,17.530505812028423
task2_fold5_seed42_naive_cl6_e8,naive,2,5,42,3,outer_test,0,0.8890086206896551,0.7211538461538461,0.7963320463320464,0.8634746036881268,0.9411377015383179,0.9299251822298298,0.8940176739258165,0.7039372904161743,825,103,1844,319,3091,0,118.6981501430273
task2_fold5_seed42_replay_cl6_r10_e8,replay,2,5,42,1,probe,1,0.8347826086956521,0.8205128205128205,0.8275862068965517,0.8561151079136691,0.9351807612677178,0.9149629936338698,0.9240113546234029,0.7042222154366355,96,19,142,21,278,0,3.7662893908564
task2_fold5_seed42_replay_cl6_r10_e8,replay,2,5,42,1,outer_test,0,0.8829516539440203,0.6066433566433567,0.7191709844559585,0.8246522161112908,0.9260903451966627,0.9120400582733541,0.8852629230993639,0.6202472676915151,694,92,1855,450,3091,0,117.71552710980177
task2_fold5_seed42_replay_cl6_r10_e8,replay,2,5,42,2,probe,1,0.8636363636363636,0.811965811965812,0.8370044052863436,0.8669064748201439,0.9336943249986728,0.9195305626002795,0.9058015287925784,0.725707835189609,95,15,146,22,278,0,3.7748989770188928
task2_fold5_seed42_replay_cl6_r10_e8,replay,2,5,42,2,probe,2,0.8,0.5882352941176471,0.6779661016949152,0.8085642317380353,0.8299244985350461,0.8542215228825765,0.6745037088014189,0.5593039824455708,80,20,241,56,397,0,12.736834307201207
task2_fold5_seed42_replay_cl6_r10_e8,replay,2,5,42,2,outer_test,0,0.8939051918735892,0.6923076923076923,0.780295566502463,0.8557101261727597,0.922500457939595,0.9114067819441358,0.8776855296027813,0.6876695175766349,792,94,1853,352,3091,0,117.93218251108192
task2_fold5_seed42_replay_cl6_r10_e8,replay,2,5,42,3,probe,1,0.9090909090909091,0.6837606837606838,0.7804878048780488,0.8381294964028777,0.9191484843658757,0.9002251436261064,0.9027894233537498,0.673016620173064,80,8,153,37,278,0,3.8224507190752774
task2_fold5_seed42_replay_cl6_r10_e8,replay,2,5,42,3,probe,2,0.7846153846153846,0.375,0.5074626865671642,0.7506297229219143,0.8952558034708137,0.854963866276672,0.721195415530226,0.4121506731714765,51,14,247,85,397,0,12.858439675997943
task2_fold5_seed42_replay_cl6_r10_e8,replay,2,5,42,3,probe,3,0.9140271493212669,0.8820960698689956,0.8977777777777778,0.9300911854103343,0.9813316232530205,0.9820493158784563,0.9656194259709129,0.8449938144565025,202,19,410,27,658,0,17.505499724065885
task2_fold5_seed42_replay_cl6_r10_e8,replay,2,5,42,3,outer_test,0,0.8753246753246753,0.5891608391608392,0.7042842215256009,0.8168877385959237,0.9120423746771975,0.8959783577644409,0.8515964712221326,0.6026838453662672,674,96,1851,470,3091,0,118.75998818897642
task2_fold5_seed42_replay_kd_cl6_r10_kd0.5_e8,replay_kd,2,5,42,1,probe,1,0.8347826086956521,0.8205128205128205,0.8275862068965517,0.8561151079136691,0.9351807612677178,0.9149629936338698,0.9240113546234029,0.7042222154366355,96,19,142,21,278,0,3.814973355270922
task2_fold5_seed42_replay_kd_cl6_r10_kd0.5_e8,replay_kd,2,5,42,1,outer_test,0,0.8829516539440203,0.6066433566433567,0.7191709844559585,0.8246522161112908,0.9260903451966627,0.9120400582733541,0.8852629230993639,0.6202472676915151,694,92,1855,450,3091,0,118.12964605214074
task2_fold5_seed42_replay_kd_cl6_r10_kd0.5_e8,replay_kd,2,5,42,2,probe,1,0.8389830508474576,0.8461538461538461,0.8425531914893617,0.8669064748201439,0.9302967563837129,0.9322369442575436,0.877054321245635,0.7273117646552848,99,19,142,18,278,0,3.741263530217111
task2_fold5_seed42_replay_kd_cl6_r10_kd0.5_e8,replay_kd,2,5,42,2,probe,2,0.8317757009345794,0.6544117647058824,0.7325102880658436,0.836272040302267,0.8456445796709489,0.8671839806102444,0.7618735614276644,0.626160758233685,89,18,243,47,397,0,12.726370939984918
task2_fold5_seed42_replay_kd_cl6_r10_kd0.5_e8,replay_kd,2,5,42,2,outer_test,0,0.889269406392694,0.6809440559440559,0.7712871287128713,0.8505338078291815,0.9280581385743173,0.9214345904207758,0.8894062484846097,0.6761945110854128,779,97,1850,365,3091,0,117.93996607931331
task2_fold5_seed42_replay_kd_cl6_r10_kd0.5_e8,replay_kd,2,5,42,3,probe,1,0.9181818181818182,0.8632478632478633,0.8898678414096917,0.9100719424460432,0.9542920847268673,0.9514647274985767,0.9226903757458734,0.8151081800268518,101,9,152,16,278,0,3.7728851209394634
task2_fold5_seed42_replay_kd_cl6_r10_kd0.5_e8,replay_kd,2,5,42,3,probe,2,0.8020833333333334,0.5661764705882353,0.6637931034482759,0.8035264483627204,0.8750281721884156,0.8767709965801447,0.6952991969755931,0.5468295502900007,77,19,242,59,397,0,12.68087784294039
task2_fold5_seed42_replay_kd_cl6_r10_kd0.5_e8,replay_kd,2,5,42,3,probe,3,0.90625,0.8864628820960698,0.8962472406181016,0.9285714285714286,0.9833368960006516,0.9853913951275395,0.9664251379355362,0.8419154226106554,203,21,408,26,658,0,17.274621339980513
task2_fold5_seed42_replay_kd_cl6_r10_kd0.5_e8,replay_kd,2,5,42,3,outer_test,0,0.8998899889988999,0.715034965034965,0.7968826108134437,0.865092203170495,0.9425299276994192,0.9383582082210058,0.8949930758969925,0.7081997845147223,818,91,1856,326,3091,0,117.84724487736821
task2_fold5_seed42_replay_r10_e8,replay,2,5,42,1,probe,1,0.8347826086956521,0.8205128205128205,0.8275862068965517,0.8561151079136691,0.9331634549025853,0.9141348791470421,0.920428182100982,0.7042222154366355,96,19,142,21,278,0,3.820364404004067
task2_fold5_seed42_replay_r10_e8,replay,2,5,42,1,outer_test,0,0.8886168910648715,0.6346153846153846,0.7404385517593065,0.8353283726949208,0.927798190510055,0.9165489271249192,0.8880649279039092,0.6436889595654967,726,91,1856,418,3091,0,118.36002831486985
task2_fold5_seed42_replay_r10_e8,replay,2,5,42,2,probe,1,0.8476190476190476,0.7606837606837606,0.8018018018018018,0.841726618705036,0.9283325370281892,0.922752445525594,0.8867978304823075,0.6734260226468003,89,16,145,28,278,0,3.8097632359713316
task2_fold5_seed42_replay_r10_e8,replay,2,5,42,2,probe,2,0.7549019607843137,0.5661764705882353,0.6470588235294118,0.7884130982367759,0.8183457290962362,0.8430673375251413,0.6824991018592638,0.5109020501706723,77,25,236,59,397,0,12.831708556972444
task2_fold5_seed42_replay_r10_e8,replay,2,5,42,2,outer_test,0,0.8252525252525252,0.7141608391608392,0.7656982193064668,0.8382400517631834,0.9103789764421505,0.9104033050734012,0.8539838490506267,0.6470801731289665,817,173,1774,327,3091,0,118.17244870401919
task2_fold5_seed42_replay_r10_e8,replay,2,5,42,3,probe,1,0.9,0.6923076923076923,0.782608695652174,0.8381294964028777,0.9408079842862451,0.9233088349464312,0.9200789592393901,0.6714917573774674,81,9,152,36,278,0,3.8295661630108953
task2_fold5_seed42_replay_r10_e8,replay,2,5,42,3,probe,2,0.6842105263157895,0.2867647058823529,0.40414507772020725,0.7103274559193955,0.860632183908046,0.8405992043601571,0.653577448844652,0.29476036053652227,39,18,243,97,397,0,12.844191980082542
task2_fold5_seed42_replay_r10_e8,replay,2,5,42,3,probe,3,0.8977777777777778,0.8820960698689956,0.8898678414096917,0.9240121580547113,0.9741553933693672,0.9777441080551732,0.9427260705922178,0.8319453332256139,202,23,406,27,658,0,17.442521907854825
task2_fold5_seed42_replay_r10_e8,replay,2,5,42,3,outer_test,0,0.8653624856156502,0.6573426573426573,0.7471435668156979,0.8353283726949208,0.921385689297862,0.9109631588185443,0.8536171574648839,0.6414611842434621,752,117,1830,392,3091,0,118.44629431189969
task2_fold5_seed42_replay_relation_cl6_r05_kd0.5_z0.1_a0.1_e8,replay_relation,2,5,42,1,probe,1,0.8347826086956521,0.8205128205128205,0.8275862068965517,0.8561151079136691,0.9351807612677178,0.9149629936338698,0.9240113546234029,0.7042222154366355,96,19,142,21,278,0,3.9005979949142784
task2_fold5_seed42_replay_relation_cl6_r05_kd0.5_z0.1_a0.1_e8,replay_relation,2,5,42,1,outer_test,0,0.8829516539440203,0.6066433566433567,0.7191709844559585,0.8246522161112908,0.9260903451966627,0.9120400582733541,0.8852629230993639,0.6202472676915151,694,92,1855,450,3091,0,119.09252951899543
task2_fold5_seed42_replay_relation_cl6_r05_kd0.5_z0.1_a0.1_e8,replay_relation,2,5,42,2,probe,1,0.8333333333333334,0.7264957264957265,0.776255707762557,0.8237410071942446,0.9262090566438391,0.918443662336318,0.8962021339049103,0.6360262950599676,85,17,144,32,278,0,3.9093468450009823
task2_fold5_seed42_replay_relation_cl6_r05_kd0.5_z0.1_a0.1_e8,replay_relation,2,5,42,2,probe,2,0.8444444444444444,0.5588235294117647,0.672566371681416,0.8136020151133502,0.8706614829839981,0.8727483836582938,0.7862350648847255,0.5725963560455175,76,14,247,60,397,0,12.970565795898438
task2_fold5_seed42_replay_relation_cl6_r05_kd0.5_z0.1_a0.1_e8,replay_relation,2,5,42,2,outer_test,0,0.9052863436123348,0.7185314685314685,0.8011695906432749,0.8680038822387577,0.9297246795320756,0.9227196688060566,0.8984887524671605,0.7148560705145297,822,86,1861,322,3091,0,119.01239201193675
task2_fold5_seed42_replay_relation_cl6_r05_kd0.5_z0.1_a0.1_e8,replay_relation,2,5,42,3,probe,1,0.8735632183908046,0.6495726495726496,0.7450980392156863,0.8129496402877698,0.9515315602272124,0.9407121784586718,0.9244542895512703,0.6188598061444649,76,11,150,41,278,0,3.8005566640058532
task2_fold5_seed42_replay_relation_cl6_r05_kd0.5_z0.1_a0.1_e8,replay_relation,2,5,42,3,probe,2,0.8076923076923077,0.4632352941176471,0.5887850467289719,0.7783375314861462,0.8871140410187063,0.8787759582257357,0.7666378327286011,0.48464151093330593,63,15,246,73,397,0,12.781373845995404
task2_fold5_seed42_replay_relation_cl6_r05_kd0.5_z0.1_a0.1_e8,replay_relation,2,5,42,3,probe,3,0.8852459016393442,0.9432314410480349,0.9133192389006343,0.9376899696048632,0.9829297340214372,0.9868418621409634,0.9582415872239433,0.8658201787469368,216,28,401,13,658,0,17.334939004969783
task2_fold5_seed42_replay_relation_cl6_r05_kd0.5_z0.1_a0.1_e8,replay_relation,2,5,42,3,outer_test,0,0.8821585903083701,0.7001748251748252,0.7807017543859649,0.8544160465868651,0.9307213715919418,0.9284544802481737,0.8883271489435225,0.6839636086170106,801,107,1840,343,3091,0,117.83546062198002
task2_fold5_seed42_replay_relation_cl6_r10_kd0.5_z0.1_a0.1_e8,replay_relation,2,5,42,1,probe,1,0.8347826086956521,0.8205128205128205,0.8275862068965517,0.8561151079136691,0.9351807612677178,0.9149629936338698,0.9240113546234029,0.7042222154366355,96,19,142,21,278,0,3.762098046950996
task2_fold5_seed42_replay_relation_cl6_r10_kd0.5_z0.1_a0.1_e8,replay_relation,2,5,42,1,outer_test,0,0.8829516539440203,0.6066433566433567,0.7191709844559585,0.8246522161112908,0.9260903451966627,0.9120400582733541,0.8852629230993639,0.6202472676915151,694,92,1855,450,3091,0,117.83592214202508
task2_fold5_seed42_replay_relation_cl6_r10_kd0.5_z0.1_a0.1_e8,replay_relation,2,5,42,2,probe,1,0.8518518518518519,0.7863247863247863,0.8177777777777778,0.8525179856115108,0.9318362796623666,0.9318228870141297,0.8859801440466978,0.695812247816549,92,16,145,25,278,0,3.737122042104602
task2_fold5_seed42_replay_relation_cl6_r10_kd0.5_z0.1_a0.1_e8,replay_relation,2,5,42,2,probe,2,0.8440366972477065,0.6764705882352942,0.7510204081632653,0.8463476070528967,0.8395875591615957,0.8654581908393556,0.7350485467820183,0.6500706119760532,92,17,244,44,397,0,12.722180733922869
task2_fold5_seed42_replay_relation_cl6_r10_kd0.5_z0.1_a0.1_e8,replay_relation,2,5,42,2,outer_test,0,0.9045936395759717,0.6713286713286714,0.7706974410436528,0.8521514073115497,0.9260898962362751,0.9154761096099224,0.8864634080449614,0.6812022998462307,768,81,1866,376,3091,0,117.97278380999342
task2_fold5_seed42_replay_relation_cl6_r10_kd0.5_z0.1_a0.1_e8,replay_relation,2,5,42,3,probe,1,0.8762886597938144,0.7264957264957265,0.794392523364486,0.841726618705036,0.9449487710357275,0.935665855804565,0.9024146181511248,0.6753092646636302,85,12,149,32,278,0,3.7720941239967942
task2_fold5_seed42_replay_relation_cl6_r10_kd0.5_z0.1_a0.1_e8,replay_relation,2,5,42,3,probe,2,0.8118811881188119,0.6029411764705882,0.6919831223628692,0.8161209068010076,0.8825783186837954,0.882005469230818,0.698006927348735,0.5776665415379102,82,19,242,54,397,0,12.761389189166948
task2_fold5_seed42_replay_relation_cl6_r10_kd0.5_z0.1_a0.1_e8,replay_relation,2,5,42,3,probe,3,0.8893617021276595,0.9126637554585153,0.9008620689655172,0.9300911854103343,0.9840799666127176,0.9859295461054498,0.9672720725528884,0.8470543465284158,209,26,403,20,658,0,17.31862255302258
task2_fold5_seed42_replay_relation_cl6_r10_kd0.5_z0.1_a0.1_e8,replay_relation,2,5,42,3,outer_test,0,0.8956336528221512,0.7351398601398601,0.8074891982717235,0.8702685215140731,0.9348244205717242,0.9318507588378444,0.8877246651443381,0.7189681033012836,841,98,1849,303,3091,0,117.99103354499675
task2_fold5_seed42_replay_relation_cl6_r10_kd0.5_z0.1_a0_e8,replay_relation,2,5,42,1,probe,1,0.8347826086956521,0.8205128205128205,0.8275862068965517,0.8561151079136691,0.9351807612677178,0.9149629936338698,0.9240113546234029,0.7042222154366355,96,19,142,21,278,0,3.7719024191610515
task2_fold5_seed42_replay_relation_cl6_r10_kd0.5_z0.1_a0_e8,replay_relation,2,5,42,1,outer_test,0,0.8829516539440203,0.6066433566433567,0.7191709844559585,0.8246522161112908,0.9260903451966627,0.9120400582733541,0.8852629230993639,0.6202472676915151,694,92,1855,450,3091,0,117.81359667796642
task2_fold5_seed42_replay_relation_cl6_r10_kd0.5_z0.1_a0_e8,replay_relation,2,5,42,2,probe,1,0.8099173553719008,0.8376068376068376,0.8235294117647058,0.8489208633093526,0.9352869352869353,0.9333109052326485,0.9068598693834016,0.691817784449432,98,23,138,19,278,0,3.779212146066129
task2_fold5_seed42_replay_relation_cl6_r10_kd0.5_z0.1_a0_e8,replay_relation,2,5,42,2,probe,2,0.8018867924528302,0.625,0.7024793388429752,0.818639798488665,0.8577867928780708,0.8729641073796547,0.7634276121318284,0.5841444450254552,85,21,240,51,397,0,12.812132634688169
task2_fold5_seed42_replay_relation_cl6_r10_kd0.5_z0.1_a0_e8,replay_relation,2,5,42,2,outer_test,0,0.9020979020979021,0.6765734265734266,0.7732267732267732,0.8531219670009705,0.9270057754264226,0.9213837231707964,0.8929523895891447,0.6829779761984598,774,84,1863,370,3091,0,117.83895350014791
task2_fold5_seed42_replay_relation_cl6_r10_kd0.5_z0.1_a0_e8,replay_relation,2,5,42,3,probe,1,0.9137931034482759,0.905982905982906,0.9098712446351931,0.9244604316546763,0.9487710357275575,0.9484886910615393,0.921634230944995,0.8448808826593437,106,10,151,11,278,0,3.772227148991078
task2_fold5_seed42_replay_relation_cl6_r10_kd0.5_z0.1_a0_e8,replay_relation,2,5,42,3,probe,2,0.7816091954022989,0.5,0.6098654708520179,0.7808564231738035,0.8588009916610322,0.8540375232378862,0.6543659336932538,0.4900987498087393,68,19,242,68,397,0,12.72815150115639
task2_fold5_seed42_replay_relation_cl6_r10_kd0.5_z0.1_a0_e8,replay_relation,2,5,42,3,probe,3,0.9039301310043668,0.9039301310043668,0.9039301310043668,0.9331306990881459,0.9828279435266334,0.9845807041693998,0.9660943485925577,0.8526480797223155,207,22,407,22,658,0,17.362981896847486
task2_fold5_seed42_replay_relation_cl6_r10_kd0.5_z0.1_a0_e8,replay_relation,2,5,42,3,outer_test,0,0.90625,0.7097902097902098,0.796078431372549,0.8654157230669686,0.9383321480779108,0.934713873288843,0.8940644550980711,0.7094480394446852,812,84,1863,332,3091,0,117.59846375091001
task2_fold5_seed42_replay_relation_cl6_r20_kd0.5_z0.1_a0.1_e8,replay_relation,2,5,42,1,probe,1,0.8347826086956521,0.8205128205128205,0.8275862068965517,0.8561151079136691,0.9351807612677178,0.9149629936338698,0.9240113546234029,0.7042222154366355,96,19,142,21,278,0,3.7653265870176256
task2_fold5_seed42_replay_relation_cl6_r20_kd0.5_z0.1_a0.1_e8,replay_relation,2,5,42,1,outer_test,0,0.8829516539440203,0.6066433566433567,0.7191709844559585,0.8246522161112908,0.9260903451966627,0.9120400582733541,0.8852629230993639,0.6202472676915151,694,92,1855,450,3091,0,117.68737611908
task2_fold5_seed42_replay_relation_cl6_r20_kd0.5_z0.1_a0.1_e8,replay_relation,2,5,42,2,probe,1,0.8518518518518519,0.7863247863247863,0.8177777777777778,0.8525179856115108,0.9448956840261188,0.9352647378500077,0.9203427480362625,0.695812247816549,92,16,145,25,278,0,3.723562323022634
task2_fold5_seed42_replay_relation_cl6_r20_kd0.5_z0.1_a0.1_e8,replay_relation,2,5,42,2,probe,2,0.8631578947368421,0.6029411764705882,0.70995670995671,0.8312342569269522,0.8645481180978138,0.8737191404044184,0.795147253941312,0.6152530916060159,82,13,248,54,397,0,12.668372354935855
task2_fold5_seed42_replay_relation_cl6_r20_kd0.5_z0.1_a0.1_e8,replay_relation,2,5,42,2,outer_test,0,0.925,0.6468531468531469,0.7613168724279835,0.8498867680362342,0.927791456104245,0.915312518022026,0.895376473245859,0.6791174639765802,740,60,1887,404,3091,0,117.29006192402449
task2_fold5_seed42_replay_relation_cl6_r20_kd0.5_z0.1_a0.1_e8,replay_relation,2,5,42,3,probe,1,0.9032258064516129,0.717948717948718,0.8,0.8489208633093526,0.9443648139300314,0.9298690543967704,0.9261352392403378,0.6927365013109361,84,9,152,33,278,0,3.7880561240017414
task2_fold5_seed42_replay_relation_cl6_r20_kd0.5_z0.1_a0.1_e8,replay_relation,2,5,42,3,probe,2,0.8602150537634409,0.5882352941176471,0.6986899563318777,0.8261964735516373,0.8741830065359477,0.8761682391234004,0.7675769742133373,0.6033067200344147,80,13,248,56,397,0,12.720588200958446
task2_fold5_seed42_replay_relation_cl6_r20_kd0.5_z0.1_a0.1_e8,replay_relation,2,5,42,3,probe,3,0.9026548672566371,0.8908296943231441,0.8967032967032967,0.9285714285714286,0.979784407732006,0.9827722397243189,0.9510048780958302,0.8421619994030368,204,22,407,25,658,0,17.291876006987877
task2_fold5_seed42_replay_relation_cl6_r20_kd0.5_z0.1_a0.1_e8,replay_relation,2,5,42,3,outer_test,0,0.9009584664536742,0.7395104895104895,0.8122899663946231,0.8735037204788094,0.9388556358895341,0.9341062922474228,0.900249269220067,0.7262529277713251,846,93,1854,298,3091,0,117.06195290689357
task2_fold5_seed42_replay_supcon_t0.07_l0.2_r10_e8,replay,2,5,42,1,probe,1,0.8666666666666667,0.6666666666666666,0.7536231884057971,0.8165467625899281,0.9162286988373944,0.8833523109569897,0.8915787439872008,0.6247763648472031,78,12,149,39,278,0,3.759858920937404
task2_fold5_seed42_replay_supcon_t0.07_l0.2_r10_e8,replay,2,5,42,1,outer_test,0,0.9508840864440079,0.4230769230769231,0.5856019358741682,0.7783888709155613,0.9008731381612738,0.8542645438207229,0.8480293534530923,0.5340641685735095,484,25,1922,660,3091,0,117.16090372705366
task2_fold5_seed42_replay_supcon_t0.07_l0.2_r10_e8,replay,2,5,42,2,probe,1,0.8738738738738738,0.8290598290598291,0.8508771929824561,0.8776978417266187,0.9633699633699634,0.9683763780342632,0.954693150018284,0.7480842495331897,97,14,147,20,278,0,3.7442607990233228
task2_fold5_seed42_replay_supcon_t0.07_l0.2_r10_e8,replay,2,5,42,2,probe,2,0.7722772277227723,0.5735294117647058,0.6582278481012658,0.7959697732997482,0.8350518368266847,0.856156691559492,0.7057416095895233,0.5289188282866507,78,23,238,58,397,0,12.69251639500726
task2_fold5_seed42_replay_supcon_t0.07_l0.2_r10_e8,replay,2,5,42,2,outer_test,0,0.8913043478260869,0.6451048951048951,0.7484787018255578,0.839534131349078,0.9231420223330855,0.9201250203966158,0.8806107673098883,0.6529475614358099,738,90,1857,406,3091,0,117.64224700303748
task2_fold5_seed42_replay_supcon_t0.07_l0.2_r10_e8,replay,2,5,42,3,probe,1,0.8349514563106796,0.7350427350427351,0.7818181818181819,0.8273381294964028,0.9177151351064394,0.9075875989855597,0.8821972688592589,0.6434744602726197,86,17,144,31,278,0,3.738743836991489
task2_fold5_seed42_replay_supcon_t0.07_l0.2_r10_e8,replay,2,5,42,3,probe,2,0.826530612244898,0.5955882352941176,0.6923076923076923,0.818639798488665,0.8947205318909173,0.8897017302311416,0.7616508501772392,0.5838333718366361,81,17,244,55,397,0,12.70381663495209
task2_fold5_seed42_replay_supcon_t0.07_l0.2_r10_e8,replay,2,5,42,3,probe,3,0.9094827586206896,0.9213973799126638,0.9154013015184381,0.9407294832826748,0.9846601724330981,0.9861859184597335,0.9693703405340837,0.8698338728482682,211,21,408,18,658,0,17.260806252947077
task2_fold5_seed42_replay_supcon_t0.07_l0.2_r10_e8,replay,2,5,42,3,outer_test,0,0.9133771929824561,0.7281468531468531,0.8103112840466926,0.873827240375283,0.9487125611933007,0.9394302930801386,0.9112221326939789,0.727927102367919,833,79,1868,311,3091,0,117.54530193796381
